Anio;Periodo;DatoRentaMedia;CodigoBarrio;CodigoDistrito;NombreBarrio;NombreDistrito
2013;Anual;;194;19;El Cañaveral;Vicálvaro
2014;Anual;;194;19;El Cañaveral;Vicálvaro
2015;Anual;;194;19;El Cañaveral;Vicálvaro
2016;Anual;19674.0;194;19;El Cañaveral;Vicálvaro
2017;Anual;31445.0;194;19;El Cañaveral;Vicálvaro
2018;Anual;34452.0;194;19;El Cañaveral;Vicálvaro
2019;Anual;37328.0;194;19;El Cañaveral;Vicálvaro
2020;Anual;38310.0;194;19;El Cañaveral;Vicálvaro
2013;Anual;32908.9018544214;191;19;Casco histórico de Vicálvaro;Vicálvaro
2014;Anual;33101.2054290057;191;19;Casco histórico de Vicálvaro;Vicálvaro
2015;Anual;34498.3449952298;191;19;Casco histórico de Vicálvaro;Vicálvaro
2016;Anual;24578.0;191;19;Casco histórico de Vicálvaro;Vicálvaro
2017;Anual;24976.0;191;19;Casco histórico de Vicálvaro;Vicálvaro
2018;Anual;25968.0;191;19;Casco histórico de Vicálvaro;Vicálvaro
2019;Anual;27762.0;191;19;Casco histórico de Vicálvaro;Vicálvaro
2020;Anual;27740.0;191;19;Casco histórico de Vicálvaro;Vicálvaro
2013;Anual;35555.1293173293;81;8;El Pardo;Fuencarral - El Pardo
2014;Anual;36339.5542410374;81;8;El Pardo;Fuencarral - El Pardo
2015;Anual;39061.7270865533;81;8;El Pardo;Fuencarral - El Pardo
2016;Anual;37585.0;81;8;El Pardo;Fuencarral - El Pardo
2017;Anual;36745.0;81;8;El Pardo;Fuencarral - El Pardo
2018;Anual;38883.0;81;8;El Pardo;Fuencarral - El Pardo
2019;Anual;38949.0;81;8;El Pardo;Fuencarral - El Pardo
2020;Anual;38460.0;81;8;El Pardo;Fuencarral - El Pardo
2013;Anual;51444.6646065808;88;8;El Goloso;Fuencarral - El Pardo
2014;Anual;52624.0043548387;88;8;El Goloso;Fuencarral - El Pardo
2015;Anual;57441.3442330211;88;8;El Goloso;Fuencarral - El Pardo
2016;Anual;60056.0;88;8;El Goloso;Fuencarral - El Pardo
2017;Anual;61919.0;88;8;El Goloso;Fuencarral - El Pardo
2018;Anual;67420.0;88;8;El Goloso;Fuencarral - El Pardo
2019;Anual;69589.0;88;8;El Goloso;Fuencarral - El Pardo
2020;Anual;69983.0;88;8;El Goloso;Fuencarral - El Pardo
2013;Anual;39314.8635767961;86;8;Valverde;Fuencarral - El Pardo
2014;Anual;39880.7449165016;86;8;Valverde;Fuencarral - El Pardo
2015;Anual;42537.2500960052;86;8;Valverde;Fuencarral - El Pardo
2016;Anual;43898.0;86;8;Valverde;Fuencarral - El Pardo
2017;Anual;44503.0;86;8;Valverde;Fuencarral - El Pardo
2018;Anual;46290.0;86;8;Valverde;Fuencarral - El Pardo
2019;Anual;48606.0;86;8;Valverde;Fuencarral - El Pardo
2020;Anual;48350.0;86;8;Valverde;Fuencarral - El Pardo
2013;Anual;73487.0927797396;87;8;Mirasierra;Fuencarral - El Pardo
2014;Anual;73749.5049548864;87;8;Mirasierra;Fuencarral - El Pardo
2015;Anual;78328.1005562156;87;8;Mirasierra;Fuencarral - El Pardo
2016;Anual;69353.0;87;8;Mirasierra;Fuencarral - El Pardo
2017;Anual;69838.0;87;8;Mirasierra;Fuencarral - El Pardo
2018;Anual;72361.0;87;8;Mirasierra;Fuencarral - El Pardo
2019;Anual;74511.0;87;8;Mirasierra;Fuencarral - El Pardo
2020;Anual;73969.0;87;8;Mirasierra;Fuencarral - El Pardo
2013;Anual;52532.1401325811;166;16;Valdefuentes;Hortaleza
2014;Anual;52805.8221451664;166;16;Valdefuentes;Hortaleza
2015;Anual;55975.1455794732;166;16;Valdefuentes;Hortaleza
2016;Anual;53810.0;166;16;Valdefuentes;Hortaleza
2017;Anual;55523.0;166;16;Valdefuentes;Hortaleza
2018;Anual;58384.0;166;16;Valdefuentes;Hortaleza
2019;Anual;61065.0;166;16;Valdefuentes;Hortaleza
2020;Anual;59987.0;166;16;Valdefuentes;Hortaleza
2013;Anual;22620.3091935484;212;21;Aeropuerto;Barajas
2014;Anual;22835.2432880845;212;21;Aeropuerto;Barajas
2015;Anual;24254.3146616541;212;21;Aeropuerto;Barajas
2016;Anual;25366.0;212;21;Aeropuerto;Barajas
2017;Anual;25585.0;212;21;Aeropuerto;Barajas
2018;Anual;27316.0;212;21;Aeropuerto;Barajas
2019;Anual;28553.0;212;21;Aeropuerto;Barajas
2020;Anual;28191.0;212;21;Aeropuerto;Barajas
2013;Anual;38646.9129867194;214;21;Timón;Barajas
2014;Anual;38994.3607302338;214;21;Timón;Barajas
2015;Anual;40271.041996997;214;21;Timón;Barajas
2016;Anual;41636.0;214;21;Timón;Barajas
2017;Anual;41505.0;214;21;Timón;Barajas
2018;Anual;42831.0;214;21;Timón;Barajas
2019;Anual;44825.0;214;21;Timón;Barajas
2020;Anual;45064.0;214;21;Timón;Barajas
2013;Anual;83047.4152124646;82;8;Fuentelarreina;Fuencarral - El Pardo
2014;Anual;97929.5570328639;82;8;Fuentelarreina;Fuencarral - El Pardo
2015;Anual;98155.7929422895;82;8;Fuentelarreina;Fuencarral - El Pardo
2016;Anual;85127.0;82;8;Fuentelarreina;Fuencarral - El Pardo
2017;Anual;84239.0;82;8;Fuentelarreina;Fuencarral - El Pardo
2018;Anual;90678.0;82;8;Fuentelarreina;Fuencarral - El Pardo
2019;Anual;89744.0;82;8;Fuentelarreina;Fuencarral - El Pardo
2020;Anual;88753.0;82;8;Fuentelarreina;Fuencarral - El Pardo
2013;Anual;56953.098539335;85;8;La Paz;Fuencarral - El Pardo
2014;Anual;57508.9458634928;85;8;La Paz;Fuencarral - El Pardo
2015;Anual;58457.3752869185;85;8;La Paz;Fuencarral - El Pardo
2016;Anual;59243.0;85;8;La Paz;Fuencarral - El Pardo
2017;Anual;59580.0;85;8;La Paz;Fuencarral - El Pardo
2018;Anual;61899.0;85;8;La Paz;Fuencarral - El Pardo
2019;Anual;62831.0;85;8;La Paz;Fuencarral - El Pardo
2020;Anual;61451.0;85;8;La Paz;Fuencarral - El Pardo
2013;Anual;39527.2353793355;83;8;Peñagrande;Fuencarral - El Pardo
2014;Anual;44658.686251895;83;8;Peñagrande;Fuencarral - El Pardo
2015;Anual;45508.0580730877;83;8;Peñagrande;Fuencarral - El Pardo
2016;Anual;46484.0;83;8;Peñagrande;Fuencarral - El Pardo
2017;Anual;46883.0;83;8;Peñagrande;Fuencarral - El Pardo
2018;Anual;48909.0;83;8;Peñagrande;Fuencarral - El Pardo
2019;Anual;49838.0;83;8;Peñagrande;Fuencarral - El Pardo
2020;Anual;49757.0;83;8;Peñagrande;Fuencarral - El Pardo
2013;Anual;32912.2936380902;84;8;Pilar;Fuencarral - El Pardo
2014;Anual;33137.6417320382;84;8;Pilar;Fuencarral - El Pardo
2015;Anual;33746.0138188456;84;8;Pilar;Fuencarral - El Pardo
2016;Anual;34260.0;84;8;Pilar;Fuencarral - El Pardo
2017;Anual;34532.0;84;8;Pilar;Fuencarral - El Pardo
2018;Anual;35594.0;84;8;Pilar;Fuencarral - El Pardo
2019;Anual;36887.0;84;8;Pilar;Fuencarral - El Pardo
2020;Anual;36799.0;84;8;Pilar;Fuencarral - El Pardo
2013;Anual;61976.636143655;159;15;Costillares;Ciudad Lineal
2014;Anual;64340.5420207254;159;15;Costillares;Ciudad Lineal
2015;Anual;65589.45233329;159;15;Costillares;Ciudad Lineal
2016;Anual;66648.0;159;15;Costillares;Ciudad Lineal
2017;Anual;65144.0;159;15;Costillares;Ciudad Lineal
2018;Anual;70459.0;159;15;Costillares;Ciudad Lineal
2019;Anual;71732.0;159;15;Costillares;Ciudad Lineal
2020;Anual;70743.0;159;15;Costillares;Ciudad Lineal
2013;Anual;53214.4407089014;56;5;Castilla;Chamartín
2014;Anual;55731.312256254;56;5;Castilla;Chamartín
2015;Anual;54869.9650135588;56;5;Castilla;Chamartín
2016;Anual;56554.0;56;5;Castilla;Chamartín
2017;Anual;58137.0;56;5;Castilla;Chamartín
2018;Anual;61310.0;56;5;Castilla;Chamartín
2019;Anual;61185.0;56;5;Castilla;Chamartín
2020;Anual;62012.0;56;5;Castilla;Chamartín
2013;Anual;35135.797848522;165;16;Apóstol Santiago;Hortaleza
2014;Anual;35149.2457802352;165;16;Apóstol Santiago;Hortaleza
2015;Anual;36691.4783926056;165;16;Apóstol Santiago;Hortaleza
2016;Anual;37313.0;165;16;Apóstol Santiago;Hortaleza
2017;Anual;37643.0;165;16;Apóstol Santiago;Hortaleza
2018;Anual;38900.0;165;16;Apóstol Santiago;Hortaleza
2019;Anual;41116.0;165;16;Apóstol Santiago;Hortaleza
2020;Anual;40604.0;165;16;Apóstol Santiago;Hortaleza
2013;Anual;32811.4496718174;164;16;Pinar del Rey;Hortaleza
2014;Anual;33645.4263082833;164;16;Pinar del Rey;Hortaleza
2015;Anual;33701.4312862047;164;16;Pinar del Rey;Hortaleza
2016;Anual;33780.0;164;16;Pinar del Rey;Hortaleza
2017;Anual;34494.0;164;16;Pinar del Rey;Hortaleza
2018;Anual;35784.0;164;16;Pinar del Rey;Hortaleza
2019;Anual;37114.0;164;16;Pinar del Rey;Hortaleza
2020;Anual;36609.0;164;16;Pinar del Rey;Hortaleza
2013;Anual;93597.3047619048;96;9;El Plantío;Moncloa - Aravaca
2014;Anual;114186.303445596;96;9;El Plantío;Moncloa - Aravaca
2015;Anual;101419.171710362;96;9;El Plantío;Moncloa - Aravaca
2016;Anual;89015.0;96;9;El Plantío;Moncloa - Aravaca
2017;Anual;89215.0;96;9;El Plantío;Moncloa - Aravaca
2018;Anual;91933.0;96;9;El Plantío;Moncloa - Aravaca
2019;Anual;91479.0;96;9;El Plantío;Moncloa - Aravaca
2020;Anual;89731.0;96;9;El Plantío;Moncloa - Aravaca
2013;Anual;62275.7900262146;93;9;Ciudad Universitaria;Moncloa - Aravaca
2014;Anual;64474.7706969178;93;9;Ciudad Universitaria;Moncloa - Aravaca
2015;Anual;67390.492096167;93;9;Ciudad Universitaria;Moncloa - Aravaca
2016;Anual;61444.0;93;9;Ciudad Universitaria;Moncloa - Aravaca
2017;Anual;60565.0;93;9;Ciudad Universitaria;Moncloa - Aravaca
2018;Anual;65330.0;93;9;Ciudad Universitaria;Moncloa - Aravaca
2019;Anual;62812.0;93;9;Ciudad Universitaria;Moncloa - Aravaca
2020;Anual;65088.0;93;9;Ciudad Universitaria;Moncloa - Aravaca
2013;Anual;33312.1400101729;213;21;Casco Histórico de Barajas;Barajas
2014;Anual;32838.9432610904;213;21;Casco Histórico de Barajas;Barajas
2015;Anual;29450.04216593;213;21;Casco Histórico de Barajas;Barajas
2016;Anual;29179.0;213;21;Casco Histórico de Barajas;Barajas
2017;Anual;30335.0;213;21;Casco Histórico de Barajas;Barajas
2018;Anual;31626.0;213;21;Casco Histórico de Barajas;Barajas
2019;Anual;32746.0;213;21;Casco Histórico de Barajas;Barajas
2020;Anual;31566.0;213;21;Casco Histórico de Barajas;Barajas
2013;Anual;106640.846500868;95;9;Valdemarín;Moncloa - Aravaca
2014;Anual;111688.985042784;95;9;Valdemarín;Moncloa - Aravaca
2015;Anual;112320.748093875;95;9;Valdemarín;Moncloa - Aravaca
2016;Anual;88035.0;95;9;Valdemarín;Moncloa - Aravaca
2017;Anual;88243.0;95;9;Valdemarín;Moncloa - Aravaca
2018;Anual;90897.0;95;9;Valdemarín;Moncloa - Aravaca
2019;Anual;91479.0;95;9;Valdemarín;Moncloa - Aravaca
2020;Anual;89731.0;95;9;Valdemarín;Moncloa - Aravaca
2013;Anual;27278.7061824743;64;6;Almenara;Tetuán
2014;Anual;27382.438904218;64;6;Almenara;Tetuán
2015;Anual;28746.7033662579;64;6;Almenara;Tetuán
2016;Anual;29675.0;64;6;Almenara;Tetuán
2017;Anual;30883.0;64;6;Almenara;Tetuán
2018;Anual;31609.0;64;6;Almenara;Tetuán
2019;Anual;32853.0;64;6;Almenara;Tetuán
2020;Anual;33159.0;64;6;Almenara;Tetuán
2013;Anual;26847.5047428857;65;6;Valdeacederas;Tetuán
2014;Anual;26530.5724314932;65;6;Valdeacederas;Tetuán
2015;Anual;28242.0523623145;65;6;Valdeacederas;Tetuán
2016;Anual;28694.0;65;6;Valdeacederas;Tetuán
2017;Anual;28996.0;65;6;Valdeacederas;Tetuán
2018;Anual;30164.0;65;6;Valdeacederas;Tetuán
2019;Anual;31573.0;65;6;Valdeacederas;Tetuán
2020;Anual;31244.0;65;6;Valdeacederas;Tetuán
2013;Anual;34027.558734594;94;9;Valdezarza;Moncloa - Aravaca
2014;Anual;33997.0665379125;94;9;Valdezarza;Moncloa - Aravaca
2015;Anual;34996.9307976869;94;9;Valdezarza;Moncloa - Aravaca
2016;Anual;35550.0;94;9;Valdezarza;Moncloa - Aravaca
2017;Anual;35983.0;94;9;Valdezarza;Moncloa - Aravaca
2018;Anual;37335.0;94;9;Valdezarza;Moncloa - Aravaca
2019;Anual;38660.0;94;9;Valdezarza;Moncloa - Aravaca
2020;Anual;38630.0;94;9;Valdezarza;Moncloa - Aravaca
2013;Anual;68664.5456642974;215;21;Corralejos;Barajas
2014;Anual;64548.2690722942;215;21;Corralejos;Barajas
2015;Anual;65879.1637136929;215;21;Corralejos;Barajas
2016;Anual;67321.0;215;21;Corralejos;Barajas
2017;Anual;68525.0;215;21;Corralejos;Barajas
2018;Anual;70874.0;215;21;Corralejos;Barajas
2019;Anual;72729.0;215;21;Corralejos;Barajas
2020;Anual;72657.0;215;21;Corralejos;Barajas
2013;Anual;38763.1811252234;163;16;Canillas;Hortaleza
2014;Anual;38580.5386830883;163;16;Canillas;Hortaleza
2015;Anual;39790.2400918192;163;16;Canillas;Hortaleza
2016;Anual;40747.0;163;16;Canillas;Hortaleza
2017;Anual;41118.0;163;16;Canillas;Hortaleza
2018;Anual;42659.0;163;16;Canillas;Hortaleza
2019;Anual;44086.0;163;16;Canillas;Hortaleza
2020;Anual;43396.0;163;16;Canillas;Hortaleza
2013;Anual;73269.8772947936;55;5;Nueva España;Chamartín
2014;Anual;77392.0553267785;55;5;Nueva España;Chamartín
2015;Anual;80248.3920255963;55;5;Nueva España;Chamartín
2016;Anual;73423.0;55;5;Nueva España;Chamartín
2017;Anual;74482.0;55;5;Nueva España;Chamartín
2018;Anual;78098.0;55;5;Nueva España;Chamartín
2019;Anual;76080.0;55;5;Nueva España;Chamartín
2020;Anual;78336.0;55;5;Nueva España;Chamartín
2013;Anual;64437.9374640288;158;15;Atalaya;Ciudad Lineal
2014;Anual;62597.0135335689;158;15;Atalaya;Ciudad Lineal
2015;Anual;67826.1492998205;158;15;Atalaya;Ciudad Lineal
2016;Anual;71758.0;158;15;Atalaya;Ciudad Lineal
2017;Anual;68336.0;158;15;Atalaya;Ciudad Lineal
2018;Anual;69982.0;158;15;Atalaya;Ciudad Lineal
2019;Anual;78128.0;158;15;Atalaya;Ciudad Lineal
2020;Anual;73959.0;158;15;Atalaya;Ciudad Lineal
2013;Anual;67162.500933475;97;9;Aravaca;Moncloa - Aravaca
2014;Anual;72527.5419643303;97;9;Aravaca;Moncloa - Aravaca
2015;Anual;77060.7556397453;97;9;Aravaca;Moncloa - Aravaca
2016;Anual;68120.0;97;9;Aravaca;Moncloa - Aravaca
2017;Anual;69380.0;97;9;Aravaca;Moncloa - Aravaca
2018;Anual;72999.0;97;9;Aravaca;Moncloa - Aravaca
2019;Anual;71356.0;97;9;Aravaca;Moncloa - Aravaca
2020;Anual;71212.0;97;9;Aravaca;Moncloa - Aravaca
2013;Anual;43088.1252244618;63;6;Castillejos;Tetuán
2014;Anual;44890.0583371455;63;6;Castillejos;Tetuán
2015;Anual;45025.3268859599;63;6;Castillejos;Tetuán
2016;Anual;46596.0;63;6;Castillejos;Tetuán
2017;Anual;46951.0;63;6;Castillejos;Tetuán
2018;Anual;48631.0;63;6;Castillejos;Tetuán
2019;Anual;51363.0;63;6;Castillejos;Tetuán
2020;Anual;49475.0;63;6;Castillejos;Tetuán
2013;Anual;52018.801966092;211;21;Alameda de Osuna;Barajas
2014;Anual;51559.5687887404;211;21;Alameda de Osuna;Barajas
2015;Anual;52281.1907390498;211;21;Alameda de Osuna;Barajas
2016;Anual;53554.0;211;21;Alameda de Osuna;Barajas
2017;Anual;54037.0;211;21;Alameda de Osuna;Barajas
2018;Anual;55681.0;211;21;Alameda de Osuna;Barajas
2019;Anual;56789.0;211;21;Alameda de Osuna;Barajas
2020;Anual;56971.0;211;21;Alameda de Osuna;Barajas
2013;Anual;27221.0708321288;66;6;Berruguete;Tetuán
2014;Anual;26856.5614075824;66;6;Berruguete;Tetuán
2015;Anual;28945.5254772727;66;6;Berruguete;Tetuán
2016;Anual;29321.0;66;6;Berruguete;Tetuán
2017;Anual;30201.0;66;6;Berruguete;Tetuán
2018;Anual;31387.0;66;6;Berruguete;Tetuán
2019;Anual;32845.0;66;6;Berruguete;Tetuán
2020;Anual;32467.0;66;6;Berruguete;Tetuán
2013;Anual;50733.5909106029;157;15;Colina;Ciudad Lineal
2014;Anual;52757.1880326496;157;15;Colina;Ciudad Lineal
2015;Anual;54247.1572063758;157;15;Colina;Ciudad Lineal
2016;Anual;53789.0;157;15;Colina;Ciudad Lineal
2017;Anual;54615.0;157;15;Colina;Ciudad Lineal
2018;Anual;56253.0;157;15;Colina;Ciudad Lineal
2019;Anual;57449.0;157;15;Colina;Ciudad Lineal
2020;Anual;55524.0;157;15;Colina;Ciudad Lineal
2013;Anual;100792.468663717;162;16;Piovera;Hortaleza
2014;Anual;101620.187618627;162;16;Piovera;Hortaleza
2015;Anual;97253.6423164336;162;16;Piovera;Hortaleza
2016;Anual;81271.0;162;16;Piovera;Hortaleza
2017;Anual;81938.0;162;16;Piovera;Hortaleza
2018;Anual;85549.0;162;16;Piovera;Hortaleza
2019;Anual;85567.0;162;16;Piovera;Hortaleza
2020;Anual;84205.0;162;16;Piovera;Hortaleza
2013;Anual;58862.0576558333;54;5;Hispanoamérica;Chamartín
2014;Anual;61176.6851220935;54;5;Hispanoamérica;Chamartín
2015;Anual;62635.3503539972;54;5;Hispanoamérica;Chamartín
2016;Anual;63487.0;54;5;Hispanoamérica;Chamartín
2017;Anual;66079.0;54;5;Hispanoamérica;Chamartín
2018;Anual;69389.0;54;5;Hispanoamérica;Chamartín
2019;Anual;71645.0;54;5;Hispanoamérica;Chamartín
2020;Anual;70450.0;54;5;Hispanoamérica;Chamartín
2013;Anual;29258.0087261599;61;6;Bellas Vistas;Tetuán
2014;Anual;29188.9605135898;61;6;Bellas Vistas;Tetuán
2015;Anual;31125.2299026959;61;6;Bellas Vistas;Tetuán
2016;Anual;31745.0;61;6;Bellas Vistas;Tetuán
2017;Anual;32298.0;61;6;Bellas Vistas;Tetuán
2018;Anual;33574.0;61;6;Bellas Vistas;Tetuán
2019;Anual;35048.0;61;6;Bellas Vistas;Tetuán
2020;Anual;34744.0;61;6;Bellas Vistas;Tetuán
2013;Anual;75672.5854571293;161;16;Palomas;Hortaleza
2014;Anual;77836.7561129258;161;16;Palomas;Hortaleza
2015;Anual;81736.547158496;161;16;Palomas;Hortaleza
2016;Anual;81681.0;161;16;Palomas;Hortaleza
2017;Anual;81073.0;161;16;Palomas;Hortaleza
2018;Anual;85614.0;161;16;Palomas;Hortaleza
2019;Anual;86205.0;161;16;Palomas;Hortaleza
2020;Anual;83533.0;161;16;Palomas;Hortaleza
2013;Anual;40466.5976855013;62;6;Cuatro Caminos;Tetuán
2014;Anual;40897.4817955285;62;6;Cuatro Caminos;Tetuán
2015;Anual;43306.0232761758;62;6;Cuatro Caminos;Tetuán
2016;Anual;44416.0;62;6;Cuatro Caminos;Tetuán
2017;Anual;44644.0;62;6;Cuatro Caminos;Tetuán
2018;Anual;46339.0;62;6;Cuatro Caminos;Tetuán
2019;Anual;48879.0;62;6;Cuatro Caminos;Tetuán
2020;Anual;48478.0;62;6;Cuatro Caminos;Tetuán
2013;Anual;53815.4996660959;156;15;San Juan Bautista;Ciudad Lineal
2014;Anual;55567.3709077349;156;15;San Juan Bautista;Ciudad Lineal
2015;Anual;56198.1898953215;156;15;San Juan Bautista;Ciudad Lineal
2016;Anual;57429.0;156;15;San Juan Bautista;Ciudad Lineal
2017;Anual;57584.0;156;15;San Juan Bautista;Ciudad Lineal
2018;Anual;61278.0;156;15;San Juan Bautista;Ciudad Lineal
2019;Anual;62786.0;156;15;San Juan Bautista;Ciudad Lineal
2020;Anual;62813.0;156;15;San Juan Bautista;Ciudad Lineal
2013;Anual;41623.7889287578;52;5;Prosperidad;Chamartín
2014;Anual;42259.316250244;52;5;Prosperidad;Chamartín
2015;Anual;43701.5220015745;52;5;Prosperidad;Chamartín
2016;Anual;44699.0;52;5;Prosperidad;Chamartín
2017;Anual;45620.0;52;5;Prosperidad;Chamartín
2018;Anual;46805.0;52;5;Prosperidad;Chamartín
2019;Anual;48553.0;52;5;Prosperidad;Chamartín
2020;Anual;48327.0;52;5;Prosperidad;Chamartín
2013;Anual;41162.345086184;53;5;Ciudad Jardín;Chamartín
2014;Anual;41735.8331397651;53;5;Ciudad Jardín;Chamartín
2015;Anual;43706.9826198041;53;5;Ciudad Jardín;Chamartín
2016;Anual;44437.0;53;5;Ciudad Jardín;Chamartín
2017;Anual;45521.0;53;5;Ciudad Jardín;Chamartín
2018;Anual;48944.0;53;5;Ciudad Jardín;Chamartín
2019;Anual;49452.0;53;5;Ciudad Jardín;Chamartín
2020;Anual;49051.0;53;5;Ciudad Jardín;Chamartín
2013;Anual;113836.827925432;51;5;El Viso;Chamartín
2014;Anual;113001.04082483;51;5;El Viso;Chamartín
2015;Anual;103573.082656006;51;5;El Viso;Chamartín
2016;Anual;80371.0;51;5;El Viso;Chamartín
2017;Anual;80447.0;51;5;El Viso;Chamartín
2018;Anual;80370.0;51;5;El Viso;Chamartín
2019;Anual;83775.0;51;5;El Viso;Chamartín
2020;Anual;83519.0;51;5;El Viso;Chamartín
2013;Anual;39510.5927689629;91;9;Casa de Campo;Moncloa - Aravaca
2014;Anual;40609.3090762681;91;9;Casa de Campo;Moncloa - Aravaca
2015;Anual;41436.0838529902;91;9;Casa de Campo;Moncloa - Aravaca
2016;Anual;42565.0;91;9;Casa de Campo;Moncloa - Aravaca
2017;Anual;42796.0;91;9;Casa de Campo;Moncloa - Aravaca
2018;Anual;44964.0;91;9;Casa de Campo;Moncloa - Aravaca
2019;Anual;46382.0;91;9;Casa de Campo;Moncloa - Aravaca
2020;Anual;46362.0;91;9;Casa de Campo;Moncloa - Aravaca
2013;Anual;36235.7974671828;206;20;Rejas;San Blas - Canillejas
2014;Anual;36011.2595560324;206;20;Rejas;San Blas - Canillejas
2015;Anual;38202.7270639004;206;20;Rejas;San Blas - Canillejas
2016;Anual;38875.0;206;20;Rejas;San Blas - Canillejas
2017;Anual;39137.0;206;20;Rejas;San Blas - Canillejas
2018;Anual;40746.0;206;20;Rejas;San Blas - Canillejas
2019;Anual;41738.0;206;20;Rejas;San Blas - Canillejas
2020;Anual;41606.0;206;20;Rejas;San Blas - Canillejas
2013;Anual;50342.1891680415;208;20;El Salvador;San Blas - Canillejas
2014;Anual;53790.786705298;208;20;El Salvador;San Blas - Canillejas
2015;Anual;54441.1045863053;208;20;El Salvador;San Blas - Canillejas
2016;Anual;54991.0;208;20;El Salvador;San Blas - Canillejas
2017;Anual;54317.0;208;20;El Salvador;San Blas - Canillejas
2018;Anual;57320.0;208;20;El Salvador;San Blas - Canillejas
2019;Anual;58674.0;208;20;El Salvador;San Blas - Canillejas
2020;Anual;57409.0;208;20;El Salvador;San Blas - Canillejas
2013;Anual;41383.4904816153;205;20;Rosas;San Blas - Canillejas
2014;Anual;41992.8830891749;205;20;Rosas;San Blas - Canillejas
2015;Anual;43369.4685542836;205;20;Rosas;San Blas - Canillejas
2016;Anual;44106.0;205;20;Rosas;San Blas - Canillejas
2017;Anual;44886.0;205;20;Rosas;San Blas - Canillejas
2018;Anual;46723.0;205;20;Rosas;San Blas - Canillejas
2019;Anual;48223.0;205;20;Rosas;San Blas - Canillejas
2020;Anual;48314.0;205;20;Rosas;San Blas - Canillejas
2013;Anual;30527.1154862024;207;20;Canillejas;San Blas - Canillejas
2014;Anual;30764.4044872511;207;20;Canillejas;San Blas - Canillejas
2015;Anual;31306.0089447945;207;20;Canillejas;San Blas - Canillejas
2016;Anual;31510.0;207;20;Canillejas;San Blas - Canillejas
2017;Anual;32291.0;207;20;Canillejas;San Blas - Canillejas
2018;Anual;33554.0;207;20;Canillejas;San Blas - Canillejas
2019;Anual;35338.0;207;20;Canillejas;San Blas - Canillejas
2020;Anual;34162.0;207;20;Canillejas;San Blas - Canillejas
2013;Anual;41145.2389347173;155;15;San Pascual;Ciudad Lineal
2014;Anual;41228.1697897324;155;15;San Pascual;Ciudad Lineal
2015;Anual;42449.9468798582;155;15;San Pascual;Ciudad Lineal
2016;Anual;43945.0;155;15;San Pascual;Ciudad Lineal
2017;Anual;42809.0;155;15;San Pascual;Ciudad Lineal
2018;Anual;44222.0;155;15;San Pascual;Ciudad Lineal
2019;Anual;46170.0;155;15;San Pascual;Ciudad Lineal
2020;Anual;45513.0;155;15;San Pascual;Ciudad Lineal
2013;Anual;56802.0873146541;76;7;Vallehermoso;Chamberí
2014;Anual;56811.9140532508;76;7;Vallehermoso;Chamberí
2015;Anual;59458.5754002255;76;7;Vallehermoso;Chamberí
2016;Anual;58449.0;76;7;Vallehermoso;Chamberí
2017;Anual;60074.0;76;7;Vallehermoso;Chamberí
2018;Anual;61470.0;76;7;Vallehermoso;Chamberí
2019;Anual;63335.0;76;7;Vallehermoso;Chamberí
2020;Anual;63246.0;76;7;Vallehermoso;Chamberí
2013;Anual;45063.9335431639;75;7;Ríos Rosas;Chamberí
2014;Anual;47942.1651331615;75;7;Ríos Rosas;Chamberí
2015;Anual;47955.2791667397;75;7;Ríos Rosas;Chamberí
2016;Anual;49774.0;75;7;Ríos Rosas;Chamberí
2017;Anual;50373.0;75;7;Ríos Rosas;Chamberí
2018;Anual;53844.0;75;7;Ríos Rosas;Chamberí
2019;Anual;55838.0;75;7;Ríos Rosas;Chamberí
2020;Anual;55426.0;75;7;Ríos Rosas;Chamberí
2013;Anual;33489.0115740952;154;15;La Concepción;Ciudad Lineal
2014;Anual;33376.6418851805;154;15;La Concepción;Ciudad Lineal
2015;Anual;34263.2416840776;154;15;La Concepción;Ciudad Lineal
2016;Anual;34609.0;154;15;La Concepción;Ciudad Lineal
2017;Anual;35034.0;154;15;La Concepción;Ciudad Lineal
2018;Anual;37233.0;154;15;La Concepción;Ciudad Lineal
2019;Anual;38115.0;154;15;La Concepción;Ciudad Lineal
2020;Anual;38258.0;154;15;La Concepción;Ciudad Lineal
2013;Anual;44361.0249973359;44;4;Guindalera;Salamanca
2014;Anual;44887.6277451733;44;4;Guindalera;Salamanca
2015;Anual;46340.8740988493;44;4;Guindalera;Salamanca
2016;Anual;46916.0;44;4;Guindalera;Salamanca
2017;Anual;47779.0;44;4;Guindalera;Salamanca
2018;Anual;50064.0;44;4;Guindalera;Salamanca
2019;Anual;51211.0;44;4;Guindalera;Salamanca
2020;Anual;51932.0;44;4;Guindalera;Salamanca
2013;Anual;29510.1733002143;201;20;Simancas;San Blas - Canillejas
2014;Anual;29644.9132389055;201;20;Simancas;San Blas - Canillejas
2015;Anual;31368.0821042939;201;20;Simancas;San Blas - Canillejas
2016;Anual;31855.0;201;20;Simancas;San Blas - Canillejas
2017;Anual;32113.0;201;20;Simancas;San Blas - Canillejas
2018;Anual;33593.0;201;20;Simancas;San Blas - Canillejas
2019;Anual;34835.0;201;20;Simancas;San Blas - Canillejas
2020;Anual;34579.0;201;20;Simancas;San Blas - Canillejas
2013;Anual;29520.0513445879;153;15;Quintana;Ciudad Lineal
2014;Anual;29504.0108780101;153;15;Quintana;Ciudad Lineal
2015;Anual;30421.5557167099;153;15;Quintana;Ciudad Lineal
2016;Anual;30692.0;153;15;Quintana;Ciudad Lineal
2017;Anual;30972.0;153;15;Quintana;Ciudad Lineal
2018;Anual;32082.0;153;15;Quintana;Ciudad Lineal
2019;Anual;33678.0;153;15;Quintana;Ciudad Lineal
2020;Anual;33611.0;153;15;Quintana;Ciudad Lineal
2013;Anual;41122.2622573944;71;7;Gaztambide;Chamberí
2014;Anual;42284.7733234831;71;7;Gaztambide;Chamberí
2015;Anual;42607.6365402033;71;7;Gaztambide;Chamberí
2016;Anual;44361.0;71;7;Gaztambide;Chamberí
2017;Anual;45112.0;71;7;Gaztambide;Chamberí
2018;Anual;46630.0;71;7;Gaztambide;Chamberí
2019;Anual;48848.0;71;7;Gaztambide;Chamberí
2020;Anual;49435.0;71;7;Gaztambide;Chamberí
2013;Anual;41590.1229430118;72;7;Arapiles;Chamberí
2014;Anual;40170.2759776229;72;7;Arapiles;Chamberí
2015;Anual;42210.1517765152;72;7;Arapiles;Chamberí
2016;Anual;42935.0;72;7;Arapiles;Chamberí
2017;Anual;44265.0;72;7;Arapiles;Chamberí
2018;Anual;46882.0;72;7;Arapiles;Chamberí
2019;Anual;47824.0;72;7;Arapiles;Chamberí
2020;Anual;47995.0;72;7;Arapiles;Chamberí
2013;Anual;38017.9177252836;73;7;Trafalgar;Chamberí
2014;Anual;39427.8005748248;73;7;Trafalgar;Chamberí
2015;Anual;41126.2198025844;73;7;Trafalgar;Chamberí
2016;Anual;42777.0;73;7;Trafalgar;Chamberí
2017;Anual;43792.0;73;7;Trafalgar;Chamberí
2018;Anual;46190.0;73;7;Trafalgar;Chamberí
2019;Anual;47637.0;73;7;Trafalgar;Chamberí
2020;Anual;47561.0;73;7;Trafalgar;Chamberí
2013;Anual;65706.4822262821;74;7;Almagro;Chamberí
2014;Anual;69448.6491205254;74;7;Almagro;Chamberí
2015;Anual;68786.7092139108;74;7;Almagro;Chamberí
2016;Anual;69963.0;74;7;Almagro;Chamberí
2017;Anual;69696.0;74;7;Almagro;Chamberí
2018;Anual;68837.0;74;7;Almagro;Chamberí
2019;Anual;75303.0;74;7;Almagro;Chamberí
2020;Anual;72371.0;74;7;Almagro;Chamberí
2013;Anual;75552.7027060795;46;4;Castellana;Salamanca
2014;Anual;83081.6707080446;46;4;Castellana;Salamanca
2015;Anual;82811.1790116372;46;4;Castellana;Salamanca
2016;Anual;72529.0;46;4;Castellana;Salamanca
2017;Anual;72399.0;46;4;Castellana;Salamanca
2018;Anual;81380.0;46;4;Castellana;Salamanca
2019;Anual;78977.0;46;4;Castellana;Salamanca
2020;Anual;76960.0;46;4;Castellana;Salamanca
2013;Anual;29101.1919296734;152;15;Pueblo Nuevo;Ciudad Lineal
2014;Anual;29206.0894271439;152;15;Pueblo Nuevo;Ciudad Lineal
2015;Anual;30038.9555432669;152;15;Pueblo Nuevo;Ciudad Lineal
2016;Anual;30458.0;152;15;Pueblo Nuevo;Ciudad Lineal
2017;Anual;30975.0;152;15;Pueblo Nuevo;Ciudad Lineal
2018;Anual;32028.0;152;15;Pueblo Nuevo;Ciudad Lineal
2019;Anual;33620.0;152;15;Pueblo Nuevo;Ciudad Lineal
2020;Anual;33329.0;152;15;Pueblo Nuevo;Ciudad Lineal
2013;Anual;45891.1550569293;45;4;Lista;Salamanca
2014;Anual;46932.6376009174;45;4;Lista;Salamanca
2015;Anual;47375.4245291166;45;4;Lista;Salamanca
2016;Anual;49641.0;45;4;Lista;Salamanca
2017;Anual;51492.0;45;4;Lista;Salamanca
2018;Anual;54488.0;45;4;Lista;Salamanca
2019;Anual;56162.0;45;4;Lista;Salamanca
2020;Anual;56249.0;45;4;Lista;Salamanca
2013;Anual;49355.1255906607;92;9;Argüelles;Moncloa - Aravaca
2014;Anual;51925.5028312537;92;9;Argüelles;Moncloa - Aravaca
2015;Anual;53460.6435623358;92;9;Argüelles;Moncloa - Aravaca
2016;Anual;52003.0;92;9;Argüelles;Moncloa - Aravaca
2017;Anual;54446.0;92;9;Argüelles;Moncloa - Aravaca
2018;Anual;55125.0;92;9;Argüelles;Moncloa - Aravaca
2019;Anual;57820.0;92;9;Argüelles;Moncloa - Aravaca
2020;Anual;56921.0;92;9;Argüelles;Moncloa - Aravaca
2013;Anual;22647.0704632153;202;20;Hellín;San Blas - Canillejas
2014;Anual;22632.6587905443;202;20;Hellín;San Blas - Canillejas
2015;Anual;23534.7450276702;202;20;Hellín;San Blas - Canillejas
2016;Anual;24039.0;202;20;Hellín;San Blas - Canillejas
2017;Anual;24923.0;202;20;Hellín;San Blas - Canillejas
2018;Anual;25720.0;202;20;Hellín;San Blas - Canillejas
2019;Anual;26926.0;202;20;Hellín;San Blas - Canillejas
2020;Anual;26712.0;202;20;Hellín;San Blas - Canillejas
2013;Anual;27598.8951478563;151;15;Ventas;Ciudad Lineal
2014;Anual;27436.2870886206;151;15;Ventas;Ciudad Lineal
2015;Anual;28196.6239385058;151;15;Ventas;Ciudad Lineal
2016;Anual;28824.0;151;15;Ventas;Ciudad Lineal
2017;Anual;29319.0;151;15;Ventas;Ciudad Lineal
2018;Anual;30442.0;151;15;Ventas;Ciudad Lineal
2019;Anual;31858.0;151;15;Ventas;Ciudad Lineal
2020;Anual;31461.0;151;15;Ventas;Ciudad Lineal
2013;Anual;38598.715288622;43;4;Fuente del Berro;Salamanca
2014;Anual;39343.2939813271;43;4;Fuente del Berro;Salamanca
2015;Anual;40503.5590024741;43;4;Fuente del Berro;Salamanca
2016;Anual;41676.0;43;4;Fuente del Berro;Salamanca
2017;Anual;42630.0;43;4;Fuente del Berro;Salamanca
2018;Anual;44221.0;43;4;Fuente del Berro;Salamanca
2019;Anual;46273.0;43;4;Fuente del Berro;Salamanca
2020;Anual;46114.0;43;4;Fuente del Berro;Salamanca
2013;Anual;28782.5408047034;15;1;Universidad;Centro
2014;Anual;28883.0456959947;15;1;Universidad;Centro
2015;Anual;30701.6520392922;15;1;Universidad;Centro
2016;Anual;31866.0;15;1;Universidad;Centro
2017;Anual;33209.0;15;1;Universidad;Centro
2018;Anual;35344.0;15;1;Universidad;Centro
2019;Anual;37722.0;15;1;Universidad;Centro
2020;Anual;37188.0;15;1;Universidad;Centro
2013;Anual;78534.9370241884;41;4;Recoletos;Salamanca
2014;Anual;82755.0352598524;41;4;Recoletos;Salamanca
2015;Anual;84705.7178808273;41;4;Recoletos;Salamanca
2016;Anual;79782.0;41;4;Recoletos;Salamanca
2017;Anual;80387.0;41;4;Recoletos;Salamanca
2018;Anual;81692.0;41;4;Recoletos;Salamanca
2019;Anual;76740.0;41;4;Recoletos;Salamanca
2020;Anual;79782.0;41;4;Recoletos;Salamanca
2013;Anual;36413.5358867178;14;1;Justicia;Centro
2014;Anual;35913.3274475179;14;1;Justicia;Centro
2015;Anual;40314.882263767;14;1;Justicia;Centro
2016;Anual;41584.0;14;1;Justicia;Centro
2017;Anual;43045.0;14;1;Justicia;Centro
2018;Anual;48203.0;14;1;Justicia;Centro
2019;Anual;49357.0;14;1;Justicia;Centro
2020;Anual;48352.0;14;1;Justicia;Centro
2013;Anual;21317.2334949371;203;20;Amposta;San Blas - Canillejas
2014;Anual;20884.6508397181;203;20;Amposta;San Blas - Canillejas
2015;Anual;21841.9888400866;203;20;Amposta;San Blas - Canillejas
2016;Anual;21962.0;203;20;Amposta;San Blas - Canillejas
2017;Anual;22574.0;203;20;Amposta;San Blas - Canillejas
2018;Anual;23562.0;203;20;Amposta;San Blas - Canillejas
2019;Anual;24933.0;203;20;Amposta;San Blas - Canillejas
2020;Anual;24314.0;203;20;Amposta;San Blas - Canillejas
2013;Anual;46913.7553091718;42;4;Goya;Salamanca
2014;Anual;47231.6698925241;42;4;Goya;Salamanca
2015;Anual;48814.7378325123;42;4;Goya;Salamanca
2016;Anual;50739.0;42;4;Goya;Salamanca
2017;Anual;51783.0;42;4;Goya;Salamanca
2018;Anual;54456.0;42;4;Goya;Salamanca
2019;Anual;56778.0;42;4;Goya;Salamanca
2020;Anual;55488.0;42;4;Goya;Salamanca
2013;Anual;26632.9861534921;204;20;Arcos;San Blas - Canillejas
2014;Anual;26734.8886050247;204;20;Arcos;San Blas - Canillejas
2015;Anual;28111.3514107266;204;20;Arcos;San Blas - Canillejas
2016;Anual;28801.0;204;20;Arcos;San Blas - Canillejas
2017;Anual;29659.0;204;20;Arcos;San Blas - Canillejas
2018;Anual;31150.0;204;20;Arcos;San Blas - Canillejas
2019;Anual;32849.0;204;20;Arcos;San Blas - Canillejas
2020;Anual;32835.0;204;20;Arcos;San Blas - Canillejas
2013;Anual;31912.671136554;11;1;Palacio;Centro
2014;Anual;32445.4549182297;11;1;Palacio;Centro
2015;Anual;34675.8479134597;11;1;Palacio;Centro
2016;Anual;35509.0;11;1;Palacio;Centro
2017;Anual;36357.0;11;1;Palacio;Centro
2018;Anual;38974.0;11;1;Palacio;Centro
2019;Anual;41769.0;11;1;Palacio;Centro
2020;Anual;39390.0;11;1;Palacio;Centro
2013;Anual;43021.3492185955;34;3;Ibiza;Retiro
2014;Anual;44355.7600164944;34;3;Ibiza;Retiro
2015;Anual;45561.1376637797;34;3;Ibiza;Retiro
2016;Anual;46885.0;34;3;Ibiza;Retiro
2017;Anual;48231.0;34;3;Ibiza;Retiro
2018;Anual;50080.0;34;3;Ibiza;Retiro
2019;Anual;53090.0;34;3;Ibiza;Retiro
2020;Anual;52793.0;34;3;Ibiza;Retiro
2013;Anual;61916.3198690909;35;3;Los Jerónimos;Retiro
2014;Anual;68950.3503014706;35;3;Los Jerónimos;Retiro
2015;Anual;84955.3024479941;35;3;Los Jerónimos;Retiro
2016;Anual;69543.0;35;3;Los Jerónimos;Retiro
2017;Anual;70467.0;35;3;Los Jerónimos;Retiro
2018;Anual;72997.0;35;3;Los Jerónimos;Retiro
2019;Anual;73498.0;35;3;Los Jerónimos;Retiro
2020;Anual;71312.0;35;3;Los Jerónimos;Retiro
2013;Anual;56529.395522826;33;3;Estrella;Retiro
2014;Anual;57297.0806038931;33;3;Estrella;Retiro
2015;Anual;58249.1444892188;33;3;Estrella;Retiro
2016;Anual;59503.0;33;3;Estrella;Retiro
2017;Anual;60386.0;33;3;Estrella;Retiro
2018;Anual;63495.0;33;3;Estrella;Retiro
2019;Anual;63691.0;33;3;Estrella;Retiro
2020;Anual;62973.0;33;3;Estrella;Retiro
2013;Anual;27377.5178430296;16;1;Sol;Centro
2014;Anual;27706.5462890301;16;1;Sol;Centro
2015;Anual;30935.8043113426;16;1;Sol;Centro
2016;Anual;31684.0;16;1;Sol;Centro
2017;Anual;32599.0;16;1;Sol;Centro
2018;Anual;35057.0;16;1;Sol;Centro
2019;Anual;36717.0;16;1;Sol;Centro
2020;Anual;34704.0;16;1;Sol;Centro
2013;Anual;32410.5625925926;13;1;Cortes;Centro
2014;Anual;32402.8497833656;13;1;Cortes;Centro
2015;Anual;34952.6798046567;13;1;Cortes;Centro
2016;Anual;37427.0;13;1;Cortes;Centro
2017;Anual;37725.0;13;1;Cortes;Centro
2018;Anual;40963.0;13;1;Cortes;Centro
2019;Anual;42477.0;13;1;Cortes;Centro
2020;Anual;40008.0;13;1;Cortes;Centro
2013;Anual;34725.9356959887;144;14;Media Legua;Moratalaz
2014;Anual;34987.6957813822;144;14;Media Legua;Moratalaz
2015;Anual;35438.8711740488;144;14;Media Legua;Moratalaz
2016;Anual;35922.0;144;14;Media Legua;Moratalaz
2017;Anual;36404.0;144;14;Media Legua;Moratalaz
2018;Anual;37694.0;144;14;Media Legua;Moratalaz
2019;Anual;38529.0;144;14;Media Legua;Moratalaz
2020;Anual;38562.0;144;14;Media Legua;Moratalaz
2013;Anual;26531.9197812573;102;10;Puerta del Ángel;Latina
2014;Anual;26496.7473179198;102;10;Puerta del Ángel;Latina
2015;Anual;27913.6339112543;102;10;Puerta del Ángel;Latina
2016;Anual;28421.0;102;10;Puerta del Ángel;Latina
2017;Anual;28661.0;102;10;Puerta del Ángel;Latina
2018;Anual;29648.0;102;10;Puerta del Ángel;Latina
2019;Anual;31159.0;102;10;Puerta del Ángel;Latina
2020;Anual;30717.0;102;10;Puerta del Ángel;Latina
2013;Anual;65003.1873283825;36;3;Niño Jesús;Retiro
2014;Anual;69740.3812244529;36;3;Niño Jesús;Retiro
2015;Anual;69100.1609099165;36;3;Niño Jesús;Retiro
2016;Anual;68049.0;36;3;Niño Jesús;Retiro
2017;Anual;67780.0;36;3;Niño Jesús;Retiro
2018;Anual;70945.0;36;3;Niño Jesús;Retiro
2019;Anual;73479.0;36;3;Niño Jesús;Retiro
2020;Anual;72311.0;36;3;Niño Jesús;Retiro
2013;Anual;39432.6247998511;143;14;Marroquina;Moratalaz
2014;Anual;39335.1655374289;143;14;Marroquina;Moratalaz
2015;Anual;40428.4098530513;143;14;Marroquina;Moratalaz
2016;Anual;40510.0;143;14;Marroquina;Moratalaz
2017;Anual;41108.0;143;14;Marroquina;Moratalaz
2018;Anual;42559.0;143;14;Marroquina;Moratalaz
2019;Anual;43492.0;143;14;Marroquina;Moratalaz
2020;Anual;43531.0;143;14;Marroquina;Moratalaz
2013;Anual;23917.9716060291;12;1;Embajadores;Centro
2014;Anual;23833.4106685303;12;1;Embajadores;Centro
2015;Anual;25999.8327430822;12;1;Embajadores;Centro
2016;Anual;26762.0;12;1;Embajadores;Centro
2017;Anual;27655.0;12;1;Embajadores;Centro
2018;Anual;29472.0;12;1;Embajadores;Centro
2019;Anual;31537.0;12;1;Embajadores;Centro
2020;Anual;30825.0;12;1;Embajadores;Centro
2013;Anual;39919.8051248313;21;2;Imperial;Arganzuela
2014;Anual;41022.2174894381;21;2;Imperial;Arganzuela
2015;Anual;41950.8120458647;21;2;Imperial;Arganzuela
2016;Anual;43145.0;21;2;Imperial;Arganzuela
2017;Anual;44101.0;21;2;Imperial;Arganzuela
2018;Anual;46879.0;21;2;Imperial;Arganzuela
2019;Anual;46989.0;21;2;Imperial;Arganzuela
2020;Anual;46721.0;21;2;Imperial;Arganzuela
2013;Anual;41912.7153559795;142;14;Horcajo;Moratalaz
2014;Anual;41991.1179145379;142;14;Horcajo;Moratalaz
2015;Anual;45040.7301922175;142;14;Horcajo;Moratalaz
2016;Anual;45263.0;142;14;Horcajo;Moratalaz
2017;Anual;46289.0;142;14;Horcajo;Moratalaz
2018;Anual;47612.0;142;14;Horcajo;Moratalaz
2019;Anual;49359.0;142;14;Horcajo;Moratalaz
2020;Anual;50026.0;142;14;Horcajo;Moratalaz
2013;Anual;29069.1418602968;103;10;Lucero;Latina
2014;Anual;29135.6636269543;103;10;Lucero;Latina
2015;Anual;30075.7055536143;103;10;Lucero;Latina
2016;Anual;30371.0;103;10;Lucero;Latina
2017;Anual;30910.0;103;10;Lucero;Latina
2018;Anual;31918.0;103;10;Lucero;Latina
2019;Anual;33464.0;103;10;Lucero;Latina
2020;Anual;33514.0;103;10;Lucero;Latina
2013;Anual;28551.2156833934;146;14;Vinateros;Moratalaz
2014;Anual;28287.0183905967;146;14;Vinateros;Moratalaz
2015;Anual;29156.1159960856;146;14;Vinateros;Moratalaz
2016;Anual;29537.0;146;14;Vinateros;Moratalaz
2017;Anual;29627.0;146;14;Vinateros;Moratalaz
2018;Anual;30745.0;146;14;Vinateros;Moratalaz
2019;Anual;32014.0;146;14;Vinateros;Moratalaz
2020;Anual;32218.0;146;14;Vinateros;Moratalaz
2013;Anual;27624.3561544523;101;10;Los Cármenes;Latina
2014;Anual;27725.3737872607;101;10;Los Cármenes;Latina
2015;Anual;29540.9576941288;101;10;Los Cármenes;Latina
2016;Anual;29973.0;101;10;Los Cármenes;Latina
2017;Anual;30190.0;101;10;Los Cármenes;Latina
2018;Anual;31467.0;101;10;Los Cármenes;Latina
2019;Anual;32981.0;101;10;Los Cármenes;Latina
2020;Anual;32487.0;101;10;Los Cármenes;Latina
2013;Anual;34606.5870913462;27;2;Atocha;Arganzuela
2014;Anual;36648.5704842615;27;2;Atocha;Arganzuela
2015;Anual;37939.2847228916;27;2;Atocha;Arganzuela
2016;Anual;38575.0;27;2;Atocha;Arganzuela
2017;Anual;38971.0;27;2;Atocha;Arganzuela
2018;Anual;42657.0;27;2;Atocha;Arganzuela
2019;Anual;44319.0;27;2;Atocha;Arganzuela
2020;Anual;47715.0;27;2;Atocha;Arganzuela
2013;Anual;27396.6622312105;145;14;Fontarrón;Moratalaz
2014;Anual;27349.1547985782;145;14;Fontarrón;Moratalaz
2015;Anual;28013.7068747194;145;14;Fontarrón;Moratalaz
2016;Anual;28449.0;145;14;Fontarrón;Moratalaz
2017;Anual;28718.0;145;14;Fontarrón;Moratalaz
2018;Anual;29820.0;145;14;Fontarrón;Moratalaz
2019;Anual;31373.0;145;14;Fontarrón;Moratalaz
2020;Anual;30951.0;145;14;Fontarrón;Moratalaz
2013;Anual;32028.6954407268;26;2;Palos de la Frontera;Arganzuela
2014;Anual;32217.5955418525;26;2;Palos de la Frontera;Arganzuela
2015;Anual;33938.3690529766;26;2;Palos de la Frontera;Arganzuela
2016;Anual;34650.0;26;2;Palos de la Frontera;Arganzuela
2017;Anual;35874.0;26;2;Palos de la Frontera;Arganzuela
2018;Anual;37389.0;26;2;Palos de la Frontera;Arganzuela
2019;Anual;38971.0;26;2;Palos de la Frontera;Arganzuela
2020;Anual;38852.0;26;2;Palos de la Frontera;Arganzuela
2013;Anual;39953.7356568593;31;3;Pacífico;Retiro
2014;Anual;40850.6489435691;31;3;Pacífico;Retiro
2015;Anual;41948.887029967;31;3;Pacífico;Retiro
2016;Anual;42838.0;31;3;Pacífico;Retiro
2017;Anual;43434.0;31;3;Pacífico;Retiro
2018;Anual;44832.0;31;3;Pacífico;Retiro
2019;Anual;46108.0;31;3;Pacífico;Retiro
2020;Anual;46093.0;31;3;Pacífico;Retiro
2013;Anual;42748.8007011447;22;2;Acacias;Arganzuela
2014;Anual;43511.8247447965;22;2;Acacias;Arganzuela
2015;Anual;44669.1824389435;22;2;Acacias;Arganzuela
2016;Anual;45516.0;22;2;Acacias;Arganzuela
2017;Anual;46102.0;22;2;Acacias;Arganzuela
2018;Anual;47683.0;22;2;Acacias;Arganzuela
2019;Anual;48857.0;22;2;Acacias;Arganzuela
2020;Anual;48967.0;22;2;Acacias;Arganzuela
2013;Anual;43239.2561189313;32;3;Adelfas;Retiro
2014;Anual;44308.3811705546;32;3;Adelfas;Retiro
2015;Anual;45842.9286514838;32;3;Adelfas;Retiro
2016;Anual;46145.0;32;3;Adelfas;Retiro
2017;Anual;45918.0;32;3;Adelfas;Retiro
2018;Anual;49538.0;32;3;Adelfas;Retiro
2019;Anual;51258.0;32;3;Adelfas;Retiro
2020;Anual;50837.0;32;3;Adelfas;Retiro
2013;Anual;23773.9104392395;136;13;Numancia;Puente de Vallecas
2014;Anual;23661.6385944648;136;13;Numancia;Puente de Vallecas
2015;Anual;24872.5386984291;136;13;Numancia;Puente de Vallecas
2016;Anual;25086.0;136;13;Numancia;Puente de Vallecas
2017;Anual;25457.0;136;13;Numancia;Puente de Vallecas
2018;Anual;26666.0;136;13;Numancia;Puente de Vallecas
2019;Anual;27894.0;136;13;Numancia;Puente de Vallecas
2020;Anual;27444.0;136;13;Numancia;Puente de Vallecas
2013;Anual;;192;19;Valdebernardo;Vicálvaro
2014;Anual;;192;19;Valdebernardo;Vicálvaro
2015;Anual;;192;19;Valdebernardo;Vicálvaro
2016;Anual;39389.0;192;19;Valdebernardo;Vicálvaro
2017;Anual;40074.0;192;19;Valdebernardo;Vicálvaro
2018;Anual;41478.0;192;19;Valdebernardo;Vicálvaro
2019;Anual;42886.0;192;19;Valdebernardo;Vicálvaro
2020;Anual;42891.0;192;19;Valdebernardo;Vicálvaro
2013;Anual;25021.2390082136;113;11;San Isidro;Carabanchel
2014;Anual;24846.9387792403;113;11;San Isidro;Carabanchel
2015;Anual;26282.7243978732;113;11;San Isidro;Carabanchel
2016;Anual;26487.0;113;11;San Isidro;Carabanchel
2017;Anual;27032.0;113;11;San Isidro;Carabanchel
2018;Anual;28092.0;113;11;San Isidro;Carabanchel
2019;Anual;29389.0;113;11;San Isidro;Carabanchel
2020;Anual;29019.0;113;11;San Isidro;Carabanchel
2013;Anual;;193;19;Valderrivas;Vicálvaro
2014;Anual;;193;19;Valderrivas;Vicálvaro
2015;Anual;;193;19;Valderrivas;Vicálvaro
2016;Anual;40053.0;193;19;Valderrivas;Vicálvaro
2017;Anual;41470.0;193;19;Valderrivas;Vicálvaro
2018;Anual;42775.0;193;19;Valderrivas;Vicálvaro
2019;Anual;44236.0;193;19;Valderrivas;Vicálvaro
2020;Anual;44111.0;193;19;Valderrivas;Vicálvaro
2013;Anual;33133.6963049579;141;14;Pavones;Moratalaz
2014;Anual;33197.333165109;141;14;Pavones;Moratalaz
2015;Anual;34024.5241388975;141;14;Pavones;Moratalaz
2016;Anual;34711.0;141;14;Pavones;Moratalaz
2017;Anual;34991.0;141;14;Pavones;Moratalaz
2018;Anual;35784.0;141;14;Pavones;Moratalaz
2019;Anual;37491.0;141;14;Pavones;Moratalaz
2020;Anual;36541.0;141;14;Pavones;Moratalaz
2013;Anual;30431.0956849079;104;10;Aluche;Latina
2014;Anual;30205.5019185891;104;10;Aluche;Latina
2015;Anual;31116.5071197473;104;10;Aluche;Latina
2016;Anual;31245.0;104;10;Aluche;Latina
2017;Anual;31591.0;104;10;Aluche;Latina
2018;Anual;32611.0;104;10;Aluche;Latina
2019;Anual;33700.0;104;10;Aluche;Latina
2020;Anual;33351.0;104;10;Aluche;Latina
2013;Anual;37010.0056696631;25;2;Delicias;Arganzuela
2014;Anual;37964.1133351454;25;2;Delicias;Arganzuela
2015;Anual;39647.6886525592;25;2;Delicias;Arganzuela
2016;Anual;40446.0;25;2;Delicias;Arganzuela
2017;Anual;41535.0;25;2;Delicias;Arganzuela
2018;Anual;43018.0;25;2;Delicias;Arganzuela
2019;Anual;45010.0;25;2;Delicias;Arganzuela
2020;Anual;45392.0;25;2;Delicias;Arganzuela
2013;Anual;30279.7215800192;23;2;Chopera;Arganzuela
2014;Anual;30204.5800467122;23;2;Chopera;Arganzuela
2015;Anual;31933.91199662;23;2;Chopera;Arganzuela
2016;Anual;32349.0;23;2;Chopera;Arganzuela
2017;Anual;33284.0;23;2;Chopera;Arganzuela
2018;Anual;35015.0;23;2;Chopera;Arganzuela
2019;Anual;36450.0;23;2;Chopera;Arganzuela
2020;Anual;36345.0;23;2;Chopera;Arganzuela
2013;Anual;30794.5753271417;105;10;Campamento;Latina
2014;Anual;30638.1886555556;105;10;Campamento;Latina
2015;Anual;31913.206846746;105;10;Campamento;Latina
2016;Anual;31967.0;105;10;Campamento;Latina
2017;Anual;32304.0;105;10;Campamento;Latina
2018;Anual;33454.0;105;10;Campamento;Latina
2019;Anual;34684.0;105;10;Campamento;Latina
2020;Anual;34426.0;105;10;Campamento;Latina
2013;Anual;26321.3272806828;111;11;Comillas;Carabanchel
2014;Anual;26236.1847750753;111;11;Comillas;Carabanchel
2015;Anual;27579.2279443115;111;11;Comillas;Carabanchel
2016;Anual;27920.0;111;11;Comillas;Carabanchel
2017;Anual;28516.0;111;11;Comillas;Carabanchel
2018;Anual;29444.0;111;11;Comillas;Carabanchel
2019;Anual;30841.0;111;11;Comillas;Carabanchel
2020;Anual;30868.0;111;11;Comillas;Carabanchel
2013;Anual;22832.9171257886;135;13;Portazgo;Puente de Vallecas
2014;Anual;22797.0766267599;135;13;Portazgo;Puente de Vallecas
2015;Anual;23824.7011850072;135;13;Portazgo;Puente de Vallecas
2016;Anual;24110.0;135;13;Portazgo;Puente de Vallecas
2017;Anual;24622.0;135;13;Portazgo;Puente de Vallecas
2018;Anual;25564.0;135;13;Portazgo;Puente de Vallecas
2019;Anual;26713.0;135;13;Portazgo;Puente de Vallecas
2020;Anual;26468.0;135;13;Portazgo;Puente de Vallecas
2013;Anual;20108.0129820432;132;13;San Diego;Puente de Vallecas
2014;Anual;19764.7750294511;132;13;San Diego;Puente de Vallecas
2015;Anual;21224.7913612672;132;13;San Diego;Puente de Vallecas
2016;Anual;21402.0;132;13;San Diego;Puente de Vallecas
2017;Anual;21859.0;132;13;San Diego;Puente de Vallecas
2018;Anual;23112.0;132;13;San Diego;Puente de Vallecas
2019;Anual;24422.0;132;13;San Diego;Puente de Vallecas
2020;Anual;23954.0;132;13;San Diego;Puente de Vallecas
2013;Anual;27099.8840440472;112;11;Opañel;Carabanchel
2014;Anual;27181.1030206259;112;11;Opañel;Carabanchel
2015;Anual;28031.4791042033;112;11;Opañel;Carabanchel
2016;Anual;28305.0;112;11;Opañel;Carabanchel
2017;Anual;28721.0;112;11;Opañel;Carabanchel
2018;Anual;30002.0;112;11;Opañel;Carabanchel
2019;Anual;31391.0;112;11;Opañel;Carabanchel
2020;Anual;30853.0;112;11;Opañel;Carabanchel
2013;Anual;25745.4739127673;125;12;Moscardó;Usera
2014;Anual;24962.4344890203;125;12;Moscardó;Usera
2015;Anual;26358.1596933887;125;12;Moscardó;Usera
2016;Anual;26567.0;125;12;Moscardó;Usera
2017;Anual;26986.0;125;12;Moscardó;Usera
2018;Anual;28149.0;125;12;Moscardó;Usera
2019;Anual;29477.0;125;12;Moscardó;Usera
2020;Anual;28875.0;125;12;Moscardó;Usera
2013;Anual;45690.8273585721;24;2;Legazpi;Arganzuela
2014;Anual;46590.4624968099;24;2;Legazpi;Arganzuela
2015;Anual;48935.036576627;24;2;Legazpi;Arganzuela
2016;Anual;50472.0;24;2;Legazpi;Arganzuela
2017;Anual;51613.0;24;2;Legazpi;Arganzuela
2018;Anual;52569.0;24;2;Legazpi;Arganzuela
2019;Anual;55491.0;24;2;Legazpi;Arganzuela
2020;Anual;55486.0;24;2;Legazpi;Arganzuela
2013;Anual;27649.779460922;133;13;Palomeras Bajas;Puente de Vallecas
2014;Anual;27963.1934013095;133;13;Palomeras Bajas;Puente de Vallecas
2015;Anual;28754.3117819879;133;13;Palomeras Bajas;Puente de Vallecas
2016;Anual;29095.0;133;13;Palomeras Bajas;Puente de Vallecas
2017;Anual;29605.0;133;13;Palomeras Bajas;Puente de Vallecas
2018;Anual;30752.0;133;13;Palomeras Bajas;Puente de Vallecas
2019;Anual;32185.0;133;13;Palomeras Bajas;Puente de Vallecas
2020;Anual;32081.0;133;13;Palomeras Bajas;Puente de Vallecas
2013;Anual;25372.478739345;134;13;Palomeras Sureste;Puente de Vallecas
2014;Anual;25306.5836064524;134;13;Palomeras Sureste;Puente de Vallecas
2015;Anual;26632.0903675335;134;13;Palomeras Sureste;Puente de Vallecas
2016;Anual;27257.0;134;13;Palomeras Sureste;Puente de Vallecas
2017;Anual;27810.0;134;13;Palomeras Sureste;Puente de Vallecas
2018;Anual;28902.0;134;13;Palomeras Sureste;Puente de Vallecas
2019;Anual;30225.0;134;13;Palomeras Sureste;Puente de Vallecas
2020;Anual;30247.0;134;13;Palomeras Sureste;Puente de Vallecas
2013;Anual;28990.1567878374;107;10;Águilas;Latina
2014;Anual;29036.0058507885;107;10;Águilas;Latina
2015;Anual;29910.4549361744;107;10;Águilas;Latina
2016;Anual;30289.0;107;10;Águilas;Latina
2017;Anual;30653.0;107;10;Águilas;Latina
2018;Anual;31644.0;107;10;Águilas;Latina
2019;Anual;33052.0;107;10;Águilas;Latina
2020;Anual;32801.0;107;10;Águilas;Latina
2013;Anual;21038.580288152;131;13;Entrevías;Puente de Vallecas
2014;Anual;20936.925284383;131;13;Entrevías;Puente de Vallecas
2015;Anual;22055.0909948959;131;13;Entrevías;Puente de Vallecas
2016;Anual;22508.0;131;13;Entrevías;Puente de Vallecas
2017;Anual;23086.0;131;13;Entrevías;Puente de Vallecas
2018;Anual;24124.0;131;13;Entrevías;Puente de Vallecas
2019;Anual;25653.0;131;13;Entrevías;Puente de Vallecas
2020;Anual;25324.0;131;13;Entrevías;Puente de Vallecas
2013;Anual;26875.7557331186;114;11;Vista Alegre;Carabanchel
2014;Anual;27013.2347589786;114;11;Vista Alegre;Carabanchel
2015;Anual;27788.2132821128;114;11;Vista Alegre;Carabanchel
2016;Anual;28178.0;114;11;Vista Alegre;Carabanchel
2017;Anual;28333.0;114;11;Vista Alegre;Carabanchel
2018;Anual;29307.0;114;11;Vista Alegre;Carabanchel
2019;Anual;30583.0;114;11;Vista Alegre;Carabanchel
2020;Anual;30153.0;114;11;Vista Alegre;Carabanchel
2013;Anual;35152.0173086618;182;18;Santa Eugenia;Villa de Vallecas
2014;Anual;35175.6865751858;182;18;Santa Eugenia;Villa de Vallecas
2015;Anual;36426.5820036597;182;18;Santa Eugenia;Villa de Vallecas
2016;Anual;36865.0;182;18;Santa Eugenia;Villa de Vallecas
2017;Anual;37373.0;182;18;Santa Eugenia;Villa de Vallecas
2018;Anual;38641.0;182;18;Santa Eugenia;Villa de Vallecas
2019;Anual;39757.0;182;18;Santa Eugenia;Villa de Vallecas
2020;Anual;39914.0;182;18;Santa Eugenia;Villa de Vallecas
2013;Anual;24290.8396102831;124;12;Almendrales;Usera
2014;Anual;24167.0342135445;124;12;Almendrales;Usera
2015;Anual;25506.2488443106;124;12;Almendrales;Usera
2016;Anual;25887.0;124;12;Almendrales;Usera
2017;Anual;26470.0;124;12;Almendrales;Usera
2018;Anual;27823.0;124;12;Almendrales;Usera
2019;Anual;29488.0;124;12;Almendrales;Usera
2020;Anual;29898.0;124;12;Almendrales;Usera
2013;Anual;24636.6814555009;115;11;Puerta Bonita;Carabanchel
2014;Anual;24383.8135213148;115;11;Puerta Bonita;Carabanchel
2015;Anual;25725.1872554806;115;11;Puerta Bonita;Carabanchel
2016;Anual;26012.0;115;11;Puerta Bonita;Carabanchel
2017;Anual;26363.0;115;11;Puerta Bonita;Carabanchel
2018;Anual;27425.0;115;11;Puerta Bonita;Carabanchel
2019;Anual;28568.0;115;11;Puerta Bonita;Carabanchel
2020;Anual;28320.0;115;11;Puerta Bonita;Carabanchel
2013;Anual;27438.806196786;117;11;Abrantes;Carabanchel
2014;Anual;26840.5427329657;117;11;Abrantes;Carabanchel
2015;Anual;27997.6117863216;117;11;Abrantes;Carabanchel
2016;Anual;28661.0;117;11;Abrantes;Carabanchel
2017;Anual;28797.0;117;11;Abrantes;Carabanchel
2018;Anual;30009.0;117;11;Abrantes;Carabanchel
2019;Anual;31386.0;117;11;Abrantes;Carabanchel
2020;Anual;30910.0;117;11;Abrantes;Carabanchel
2013;Anual;21814.3179381983;127;12;Pradolongo;Usera
2014;Anual;21749.9074192422;127;12;Pradolongo;Usera
2015;Anual;23173.8699772727;127;12;Pradolongo;Usera
2016;Anual;23479.0;127;12;Pradolongo;Usera
2017;Anual;23959.0;127;12;Pradolongo;Usera
2018;Anual;24711.0;127;12;Pradolongo;Usera
2019;Anual;25724.0;127;12;Pradolongo;Usera
2020;Anual;24874.0;127;12;Pradolongo;Usera
2013;Anual;24556.0532805995;126;12;Zofío;Usera
2014;Anual;24303.3990715026;126;12;Zofío;Usera
2015;Anual;25498.3842078898;126;12;Zofío;Usera
2016;Anual;25753.0;126;12;Zofío;Usera
2017;Anual;26501.0;126;12;Zofío;Usera
2018;Anual;27572.0;126;12;Zofío;Usera
2019;Anual;28747.0;126;12;Zofío;Usera
2020;Anual;28223.0;126;12;Zofío;Usera
2013;Anual;23197.5568721109;122;12;Orcasur;Usera
2014;Anual;23155.196623717;122;12;Orcasur;Usera
2015;Anual;24995.8694500883;122;12;Orcasur;Usera
2016;Anual;25065.0;122;12;Orcasur;Usera
2017;Anual;25933.0;122;12;Orcasur;Usera
2018;Anual;27367.0;122;12;Orcasur;Usera
2019;Anual;28732.0;122;12;Orcasur;Usera
2020;Anual;28518.0;122;12;Orcasur;Usera
2013;Anual;26874.2289686859;181;18;Casco Histórico de Vallecas;Villa de Vallecas
2014;Anual;26951.1107499323;181;18;Casco Histórico de Vallecas;Villa de Vallecas
2015;Anual;28357.1952380006;181;18;Casco Histórico de Vallecas;Villa de Vallecas
2016;Anual;24526.0;181;18;Casco Histórico de Vallecas;Villa de Vallecas
2017;Anual;25118.0;181;18;Casco Histórico de Vallecas;Villa de Vallecas
2018;Anual;26309.0;181;18;Casco Histórico de Vallecas;Villa de Vallecas
2019;Anual;27620.0;181;18;Casco Histórico de Vallecas;Villa de Vallecas
2020;Anual;27339.0;181;18;Casco Histórico de Vallecas;Villa de Vallecas
2013;Anual;24201.506311662;123;12;San Fermín;Usera
2014;Anual;24195.7489579663;123;12;San Fermín;Usera
2015;Anual;25440.2477533762;123;12;San Fermín;Usera
2016;Anual;26143.0;123;12;San Fermín;Usera
2017;Anual;26284.0;123;12;San Fermín;Usera
2018;Anual;27478.0;123;12;San Fermín;Usera
2019;Anual;28897.0;123;12;San Fermín;Usera
2020;Anual;28655.0;123;12;San Fermín;Usera
2013;Anual;35053.3056701632;106;10;Cuatro Vientos;Latina
2014;Anual;35486.1350252101;106;10;Cuatro Vientos;Latina
2015;Anual;35197.13451;106;10;Cuatro Vientos;Latina
2016;Anual;35492.0;106;10;Cuatro Vientos;Latina
2017;Anual;36806.0;106;10;Cuatro Vientos;Latina
2018;Anual;37421.0;106;10;Cuatro Vientos;Latina
2019;Anual;39183.0;106;10;Cuatro Vientos;Latina
2020;Anual;38972.0;106;10;Cuatro Vientos;Latina
2013;Anual;29610.6700498598;116;11;Buenavista;Carabanchel
2014;Anual;29879.3477260547;116;11;Buenavista;Carabanchel
2015;Anual;31280.5620099041;116;11;Buenavista;Carabanchel
2016;Anual;31741.0;116;11;Buenavista;Carabanchel
2017;Anual;32278.0;116;11;Buenavista;Carabanchel
2018;Anual;33558.0;116;11;Buenavista;Carabanchel
2019;Anual;35083.0;116;11;Buenavista;Carabanchel
2020;Anual;35003.0;116;11;Buenavista;Carabanchel
2013;Anual;;183;18;Ensanche de Vallecas;Villa de Vallecas
2014;Anual;;183;18;Ensanche de Vallecas;Villa de Vallecas
2015;Anual;;183;18;Ensanche de Vallecas;Villa de Vallecas
2016;Anual;33053.0;183;18;Ensanche de Vallecas;Villa de Vallecas
2017;Anual;33626.0;183;18;Ensanche de Vallecas;Villa de Vallecas
2018;Anual;35065.0;183;18;Ensanche de Vallecas;Villa de Vallecas
2019;Anual;36543.0;183;18;Ensanche de Vallecas;Villa de Vallecas
2020;Anual;36616.0;183;18;Ensanche de Vallecas;Villa de Vallecas
2013;Anual;25968.5679783784;121;12;Orcasitas;Usera
2014;Anual;25885.7725176583;121;12;Orcasitas;Usera
2015;Anual;26857.9425527045;121;12;Orcasitas;Usera
2016;Anual;27579.0;121;12;Orcasitas;Usera
2017;Anual;28256.0;121;12;Orcasitas;Usera
2018;Anual;29430.0;121;12;Orcasitas;Usera
2019;Anual;31026.0;121;12;Orcasitas;Usera
2020;Anual;30835.0;121;12;Orcasitas;Usera
2013;Anual;23657.7578136247;171;17;Villaverde Alto - Casco Histórico de Villaverde;Villaverde
2014;Anual;23505.2318419876;171;17;Villaverde Alto - Casco Histórico de Villaverde;Villaverde
2015;Anual;24884.4147377196;171;17;Villaverde Alto - Casco Histórico de Villaverde;Villaverde
2016;Anual;25131.0;171;17;Villaverde Alto - Casco Histórico de Villaverde;Villaverde
2017;Anual;25622.0;171;17;Villaverde Alto - Casco Histórico de Villaverde;Villaverde
2018;Anual;26701.0;171;17;Villaverde Alto - Casco Histórico de Villaverde;Villaverde
2019;Anual;28196.0;171;17;Villaverde Alto - Casco Histórico de Villaverde;Villaverde
2020;Anual;27992.0;171;17;Villaverde Alto - Casco Histórico de Villaverde;Villaverde
2013;Anual;27157.8310246768;174;17;Los Rosales;Villaverde
2014;Anual;27222.893699648;174;17;Los Rosales;Villaverde
2015;Anual;28416.0524909634;174;17;Los Rosales;Villaverde
2016;Anual;28679.0;174;17;Los Rosales;Villaverde
2017;Anual;29137.0;174;17;Los Rosales;Villaverde
2018;Anual;30320.0;174;17;Los Rosales;Villaverde
2019;Anual;31616.0;174;17;Los Rosales;Villaverde
2020;Anual;31264.0;174;17;Los Rosales;Villaverde
2013;Anual;27544.1952257954;175;17;Ángeles;Villaverde
2014;Anual;27746.3846371243;175;17;Ángeles;Villaverde
2015;Anual;28062.4299562607;175;17;Ángeles;Villaverde
2016;Anual;28413.0;175;17;Ángeles;Villaverde
2017;Anual;29050.0;175;17;Ángeles;Villaverde
2018;Anual;29952.0;175;17;Ángeles;Villaverde
2019;Anual;31379.0;175;17;Ángeles;Villaverde
2020;Anual;30947.0;175;17;Ángeles;Villaverde
2013;Anual;27423.2047349754;173;17;Butarque;Villaverde
2014;Anual;28093.2416567737;173;17;Butarque;Villaverde
2015;Anual;30153.304534441;173;17;Butarque;Villaverde
2016;Anual;30469.0;173;17;Butarque;Villaverde
2017;Anual;30538.0;173;17;Butarque;Villaverde
2018;Anual;31437.0;173;17;Butarque;Villaverde
2019;Anual;33022.0;173;17;Butarque;Villaverde
2020;Anual;33059.0;173;17;Butarque;Villaverde
2013;Anual;18121.612327044;172;17;San Cristóbal;Villaverde
2014;Anual;17786.1389935196;172;17;San Cristóbal;Villaverde
2015;Anual;19587.0949040644;172;17;San Cristóbal;Villaverde
2016;Anual;19859.0;172;17;San Cristóbal;Villaverde
2017;Anual;20365.0;172;17;San Cristóbal;Villaverde
2018;Anual;21071.0;172;17;San Cristóbal;Villaverde
2019;Anual;22675.0;172;17;San Cristóbal;Villaverde
2020;Anual;22430.0;172;17;San Cristóbal;Villaverde
