Anio;Periodo;DatoAfiliacionesTrabajoHombres;DatoAfiliacionesTrabajoMujer;CodigoBarrio;CodigoDistrito;NombreBarrio;NombreDistrito
2017;Anual;0;0;194;19;El Cañaveral;Vicálvaro
2018;Anual;23;8;194;19;El Cañaveral;Vicálvaro
2019;Anual;117;16;194;19;El Cañaveral;Vicálvaro
2020;Anual;77;37;194;19;El Cañaveral;Vicálvaro
2021;Anual;90;62;194;19;El Cañaveral;Vicálvaro
2022;Anual;173;141;194;19;El Cañaveral;Vicálvaro
2010;Anual;2.371;1.430;191;19;Casco histórico de Vicálvaro;Vicálvaro
2011;Anual;2.396;1.437;191;19;Casco histórico de Vicálvaro;Vicálvaro
2012;Anual;2.287;1.420;191;19;Casco histórico de Vicálvaro;Vicálvaro
2013;Anual;2.231;1.890;191;19;Casco histórico de Vicálvaro;Vicálvaro
2014;Anual;2.713;2.070;191;19;Casco histórico de Vicálvaro;Vicálvaro
2015;Anual;2.927;2.348;191;19;Casco histórico de Vicálvaro;Vicálvaro
2016;Anual;3.228;2.529;191;19;Casco histórico de Vicálvaro;Vicálvaro
2017;Anual;3.274;2.527;191;19;Casco histórico de Vicálvaro;Vicálvaro
2018;Anual;2.918;1.538;191;19;Casco histórico de Vicálvaro;Vicálvaro
2019;Anual;3.637;1.693;191;19;Casco histórico de Vicálvaro;Vicálvaro
2020;Anual;4.445;1.868;191;19;Casco histórico de Vicálvaro;Vicálvaro
2021;Anual;4.718;1.826;191;19;Casco histórico de Vicálvaro;Vicálvaro
2022;Anual;5.116;2.081;191;19;Casco histórico de Vicálvaro;Vicálvaro
2010;Anual;160;76;81;8;El Pardo;Fuencarral - El Pardo
2011;Anual;158;83;81;8;El Pardo;Fuencarral - El Pardo
2012;Anual;144;74;81;8;El Pardo;Fuencarral - El Pardo
2013;Anual;158;123;81;8;El Pardo;Fuencarral - El Pardo
2014;Anual;148;134;81;8;El Pardo;Fuencarral - El Pardo
2015;Anual;138;129;81;8;El Pardo;Fuencarral - El Pardo
2016;Anual;143;136;81;8;El Pardo;Fuencarral - El Pardo
2017;Anual;154;131;81;8;El Pardo;Fuencarral - El Pardo
2018;Anual;141;132;81;8;El Pardo;Fuencarral - El Pardo
2019;Anual;158;140;81;8;El Pardo;Fuencarral - El Pardo
2020;Anual;166;149;81;8;El Pardo;Fuencarral - El Pardo
2021;Anual;166;153;81;8;El Pardo;Fuencarral - El Pardo
2022;Anual;175;160;81;8;El Pardo;Fuencarral - El Pardo
2010;Anual;264;297;88;8;El Goloso;Fuencarral - El Pardo
2011;Anual;388;400;88;8;El Goloso;Fuencarral - El Pardo
2012;Anual;791;731;88;8;El Goloso;Fuencarral - El Pardo
2013;Anual;902;1.558;88;8;El Goloso;Fuencarral - El Pardo
2014;Anual;938;1.736;88;8;El Goloso;Fuencarral - El Pardo
2015;Anual;1.078;1.875;88;8;El Goloso;Fuencarral - El Pardo
2016;Anual;1.372;2.176;88;8;El Goloso;Fuencarral - El Pardo
2017;Anual;1.585;2.401;88;8;El Goloso;Fuencarral - El Pardo
2018;Anual;1.621;2.525;88;8;El Goloso;Fuencarral - El Pardo
2019;Anual;1.980;2.998;88;8;El Goloso;Fuencarral - El Pardo
2020;Anual;1.999;2.863;88;8;El Goloso;Fuencarral - El Pardo
2021;Anual;1.975;2.838;88;8;El Goloso;Fuencarral - El Pardo
2022;Anual;2.187;3.667;88;8;El Goloso;Fuencarral - El Pardo
2010;Anual;16.731;12.292;86;8;Valverde;Fuencarral - El Pardo
2011;Anual;17.922;12.549;86;8;Valverde;Fuencarral - El Pardo
2012;Anual;17.502;13.339;86;8;Valverde;Fuencarral - El Pardo
2013;Anual;16.633;14.865;86;8;Valverde;Fuencarral - El Pardo
2014;Anual;16.975;15.505;86;8;Valverde;Fuencarral - El Pardo
2015;Anual;18.073;16.193;86;8;Valverde;Fuencarral - El Pardo
2016;Anual;20.090;17.205;86;8;Valverde;Fuencarral - El Pardo
2017;Anual;21.162;17.698;86;8;Valverde;Fuencarral - El Pardo
2018;Anual;21.171;17.899;86;8;Valverde;Fuencarral - El Pardo
2019;Anual;24.939;20.380;86;8;Valverde;Fuencarral - El Pardo
2020;Anual;26.851;21.213;86;8;Valverde;Fuencarral - El Pardo
2021;Anual;26.095;20.307;86;8;Valverde;Fuencarral - El Pardo
2022;Anual;35.093;28.010;86;8;Valverde;Fuencarral - El Pardo
2010;Anual;2.403;2.751;87;8;Mirasierra;Fuencarral - El Pardo
2011;Anual;2.375;2.751;87;8;Mirasierra;Fuencarral - El Pardo
2012;Anual;2.265;2.706;87;8;Mirasierra;Fuencarral - El Pardo
2013;Anual;2.676;5.244;87;8;Mirasierra;Fuencarral - El Pardo
2014;Anual;2.861;5.578;87;8;Mirasierra;Fuencarral - El Pardo
2015;Anual;2.957;5.872;87;8;Mirasierra;Fuencarral - El Pardo
2016;Anual;3.031;6.008;87;8;Mirasierra;Fuencarral - El Pardo
2017;Anual;3.993;6.704;87;8;Mirasierra;Fuencarral - El Pardo
2018;Anual;4.079;6.697;87;8;Mirasierra;Fuencarral - El Pardo
2019;Anual;4.332;8.702;87;8;Mirasierra;Fuencarral - El Pardo
2020;Anual;4.119;8.323;87;8;Mirasierra;Fuencarral - El Pardo
2021;Anual;4.173;8.147;87;8;Mirasierra;Fuencarral - El Pardo
2022;Anual;7.098;9.932;87;8;Mirasierra;Fuencarral - El Pardo
2010;Anual;15.837;9.894;166;16;Valdefuentes;Hortaleza
2011;Anual;18.621;14.739;166;16;Valdefuentes;Hortaleza
2012;Anual;19.768;17.493;166;16;Valdefuentes;Hortaleza
2013;Anual;19.240;21.374;166;16;Valdefuentes;Hortaleza
2014;Anual;19.255;22.375;166;16;Valdefuentes;Hortaleza
2015;Anual;20.382;23.199;166;16;Valdefuentes;Hortaleza
2016;Anual;21.195;23.277;166;16;Valdefuentes;Hortaleza
2017;Anual;20.707;24.128;166;16;Valdefuentes;Hortaleza
2018;Anual;23.173;26.095;166;16;Valdefuentes;Hortaleza
2019;Anual;24.826;27.907;166;16;Valdefuentes;Hortaleza
2020;Anual;26.531;31.127;166;16;Valdefuentes;Hortaleza
2021;Anual;28.784;31.424;166;16;Valdefuentes;Hortaleza
2022;Anual;31.280;33.743;166;16;Valdefuentes;Hortaleza
2010;Anual;5.715;2.395;212;21;Aeropuerto;Barajas
2011;Anual;5.985;2.468;212;21;Aeropuerto;Barajas
2012;Anual;5.936;2.377;212;21;Aeropuerto;Barajas
2013;Anual;2.568;1.575;212;21;Aeropuerto;Barajas
2014;Anual;2.874;2.005;212;21;Aeropuerto;Barajas
2015;Anual;2.889;1.970;212;21;Aeropuerto;Barajas
2016;Anual;3.035;2.062;212;21;Aeropuerto;Barajas
2017;Anual;3.399;2.441;212;21;Aeropuerto;Barajas
2018;Anual;3.841;2.659;212;21;Aeropuerto;Barajas
2019;Anual;4.090;2.618;212;21;Aeropuerto;Barajas
2020;Anual;4.492;2.806;212;21;Aeropuerto;Barajas
2021;Anual;4.419;2.809;212;21;Aeropuerto;Barajas
2022;Anual;4.831;3.156;212;21;Aeropuerto;Barajas
2010;Anual;721;694;214;21;Timón;Barajas
2011;Anual;777;748;214;21;Timón;Barajas
2012;Anual;751;671;214;21;Timón;Barajas
2013;Anual;662;823;214;21;Timón;Barajas
2014;Anual;920;1.135;214;21;Timón;Barajas
2015;Anual;962;1.217;214;21;Timón;Barajas
2016;Anual;1.125;1.360;214;21;Timón;Barajas
2017;Anual;1.289;1.462;214;21;Timón;Barajas
2018;Anual;1.386;1.618;214;21;Timón;Barajas
2019;Anual;1.427;1.612;214;21;Timón;Barajas
2020;Anual;1.512;1.648;214;21;Timón;Barajas
2021;Anual;1.335;1.382;214;21;Timón;Barajas
2022;Anual;1.535;1.470;214;21;Timón;Barajas
2010;Anual;609;609;82;8;Fuentelarreina;Fuencarral - El Pardo
2011;Anual;588;581;82;8;Fuentelarreina;Fuencarral - El Pardo
2012;Anual;690;709;82;8;Fuentelarreina;Fuencarral - El Pardo
2013;Anual;664;1.038;82;8;Fuentelarreina;Fuencarral - El Pardo
2014;Anual;649;1.028;82;8;Fuentelarreina;Fuencarral - El Pardo
2015;Anual;713;1.123;82;8;Fuentelarreina;Fuencarral - El Pardo
2016;Anual;792;1.210;82;8;Fuentelarreina;Fuencarral - El Pardo
2017;Anual;916;1.353;82;8;Fuentelarreina;Fuencarral - El Pardo
2018;Anual;849;1.325;82;8;Fuentelarreina;Fuencarral - El Pardo
2019;Anual;912;1.348;82;8;Fuentelarreina;Fuencarral - El Pardo
2020;Anual;476;740;82;8;Fuentelarreina;Fuencarral - El Pardo
2021;Anual;507;767;82;8;Fuentelarreina;Fuencarral - El Pardo
2022;Anual;796;1.229;82;8;Fuentelarreina;Fuencarral - El Pardo
2010;Anual;5.794;10.881;85;8;La Paz;Fuencarral - El Pardo
2011;Anual;7.397;11.881;85;8;La Paz;Fuencarral - El Pardo
2012;Anual;8.737;12.699;85;8;La Paz;Fuencarral - El Pardo
2013;Anual;8.813;13.854;85;8;La Paz;Fuencarral - El Pardo
2014;Anual;8.476;13.722;85;8;La Paz;Fuencarral - El Pardo
2015;Anual;9.472;14.767;85;8;La Paz;Fuencarral - El Pardo
2016;Anual;9.582;14.916;85;8;La Paz;Fuencarral - El Pardo
2017;Anual;11.049;16.073;85;8;La Paz;Fuencarral - El Pardo
2018;Anual;11.500;16.836;85;8;La Paz;Fuencarral - El Pardo
2019;Anual;12.430;17.669;85;8;La Paz;Fuencarral - El Pardo
2020;Anual;13.796;18.874;85;8;La Paz;Fuencarral - El Pardo
2021;Anual;13.383;18.817;85;8;La Paz;Fuencarral - El Pardo
2022;Anual;13.551;19.510;85;8;La Paz;Fuencarral - El Pardo
2010;Anual;3.581;2.773;83;8;Peñagrande;Fuencarral - El Pardo
2011;Anual;3.860;2.996;83;8;Peñagrande;Fuencarral - El Pardo
2012;Anual;3.758;3.137;83;8;Peñagrande;Fuencarral - El Pardo
2013;Anual;3.496;4.477;83;8;Peñagrande;Fuencarral - El Pardo
2014;Anual;3.542;4.542;83;8;Peñagrande;Fuencarral - El Pardo
2015;Anual;3.611;4.618;83;8;Peñagrande;Fuencarral - El Pardo
2016;Anual;3.765;4.632;83;8;Peñagrande;Fuencarral - El Pardo
2017;Anual;3.933;4.783;83;8;Peñagrande;Fuencarral - El Pardo
2018;Anual;4.023;4.743;83;8;Peñagrande;Fuencarral - El Pardo
2019;Anual;4.330;4.958;83;8;Peñagrande;Fuencarral - El Pardo
2020;Anual;4.737;5.862;83;8;Peñagrande;Fuencarral - El Pardo
2021;Anual;4.372;5.502;83;8;Peñagrande;Fuencarral - El Pardo
2022;Anual;4.696;5.867;83;8;Peñagrande;Fuencarral - El Pardo
2010;Anual;2.848;1.895;84;8;Pilar;Fuencarral - El Pardo
2011;Anual;2.826;2.234;84;8;Pilar;Fuencarral - El Pardo
2012;Anual;2.680;2.098;84;8;Pilar;Fuencarral - El Pardo
2013;Anual;2.532;3.105;84;8;Pilar;Fuencarral - El Pardo
2014;Anual;2.690;3.267;84;8;Pilar;Fuencarral - El Pardo
2015;Anual;2.848;3.429;84;8;Pilar;Fuencarral - El Pardo
2016;Anual;2.904;3.545;84;8;Pilar;Fuencarral - El Pardo
2017;Anual;2.988;3.642;84;8;Pilar;Fuencarral - El Pardo
2018;Anual;2.839;3.478;84;8;Pilar;Fuencarral - El Pardo
2019;Anual;3.190;3.802;84;8;Pilar;Fuencarral - El Pardo
2020;Anual;3.240;3.951;84;8;Pilar;Fuencarral - El Pardo
2021;Anual;3.101;3.316;84;8;Pilar;Fuencarral - El Pardo
2022;Anual;3.454;3.532;84;8;Pilar;Fuencarral - El Pardo
2010;Anual;3.757;2.624;159;15;Costillares;Ciudad Lineal
2011;Anual;6.339;5.225;159;15;Costillares;Ciudad Lineal
2012;Anual;6.618;4.597;159;15;Costillares;Ciudad Lineal
2013;Anual;6.165;6.227;159;15;Costillares;Ciudad Lineal
2014;Anual;5.707;6.034;159;15;Costillares;Ciudad Lineal
2015;Anual;5.959;6.319;159;15;Costillares;Ciudad Lineal
2016;Anual;6.219;6.517;159;15;Costillares;Ciudad Lineal
2017;Anual;6.345;6.584;159;15;Costillares;Ciudad Lineal
2018;Anual;6.732;6.734;159;15;Costillares;Ciudad Lineal
2019;Anual;6.997;7.036;159;15;Costillares;Ciudad Lineal
2020;Anual;7.040;7.128;159;15;Costillares;Ciudad Lineal
2021;Anual;7.317;6.917;159;15;Costillares;Ciudad Lineal
2022;Anual;6.265;6.820;159;15;Costillares;Ciudad Lineal
2010;Anual;22.298;22.439;56;5;Castilla;Chamartín
2011;Anual;22.073;23.287;56;5;Castilla;Chamartín
2012;Anual;21.963;23.156;56;5;Castilla;Chamartín
2013;Anual;18.498;21.785;56;5;Castilla;Chamartín
2014;Anual;18.066;21.806;56;5;Castilla;Chamartín
2015;Anual;15.104;21.706;56;5;Castilla;Chamartín
2016;Anual;18.889;25.803;56;5;Castilla;Chamartín
2017;Anual;19.939;27.286;56;5;Castilla;Chamartín
2018;Anual;21.473;28.097;56;5;Castilla;Chamartín
2019;Anual;22.263;28.503;56;5;Castilla;Chamartín
2020;Anual;20.279;26.066;56;5;Castilla;Chamartín
2021;Anual;19.829;25.588;56;5;Castilla;Chamartín
2022;Anual;20.265;25.926;56;5;Castilla;Chamartín
2010;Anual;1.583;925;165;16;Apóstol Santiago;Hortaleza
2011;Anual;1.601;996;165;16;Apóstol Santiago;Hortaleza
2012;Anual;1.470;969;165;16;Apóstol Santiago;Hortaleza
2013;Anual;1.420;1.323;165;16;Apóstol Santiago;Hortaleza
2014;Anual;1.427;1.357;165;16;Apóstol Santiago;Hortaleza
2015;Anual;1.471;1.340;165;16;Apóstol Santiago;Hortaleza
2016;Anual;1.497;1.368;165;16;Apóstol Santiago;Hortaleza
2017;Anual;722;943;165;16;Apóstol Santiago;Hortaleza
2018;Anual;732;910;165;16;Apóstol Santiago;Hortaleza
2019;Anual;774;986;165;16;Apóstol Santiago;Hortaleza
2020;Anual;787;976;165;16;Apóstol Santiago;Hortaleza
2021;Anual;734;920;165;16;Apóstol Santiago;Hortaleza
2022;Anual;1.038;1.298;165;16;Apóstol Santiago;Hortaleza
2010;Anual;7.222;5.028;164;16;Pinar del Rey;Hortaleza
2011;Anual;6.994;5.207;164;16;Pinar del Rey;Hortaleza
2012;Anual;5.960;4.918;164;16;Pinar del Rey;Hortaleza
2013;Anual;5.746;5.452;164;16;Pinar del Rey;Hortaleza
2014;Anual;4.242;4.408;164;16;Pinar del Rey;Hortaleza
2015;Anual;4.257;4.625;164;16;Pinar del Rey;Hortaleza
2016;Anual;4.380;4.983;164;16;Pinar del Rey;Hortaleza
2017;Anual;4.570;5.150;164;16;Pinar del Rey;Hortaleza
2018;Anual;5.118;5.854;164;16;Pinar del Rey;Hortaleza
2019;Anual;5.636;6.361;164;16;Pinar del Rey;Hortaleza
2020;Anual;5.499;5.917;164;16;Pinar del Rey;Hortaleza
2021;Anual;5.472;5.858;164;16;Pinar del Rey;Hortaleza
2022;Anual;5.783;6.162;164;16;Pinar del Rey;Hortaleza
2010;Anual;4.070;3.264;96;9;El Plantío;Moncloa - Aravaca
2011;Anual;4.808;3.778;96;9;El Plantío;Moncloa - Aravaca
2012;Anual;5.046;4.139;96;9;El Plantío;Moncloa - Aravaca
2013;Anual;5.186;4.479;96;9;El Plantío;Moncloa - Aravaca
2014;Anual;4.691;4.365;96;9;El Plantío;Moncloa - Aravaca
2015;Anual;4.835;4.748;96;9;El Plantío;Moncloa - Aravaca
2016;Anual;4.305;4.256;96;9;El Plantío;Moncloa - Aravaca
2017;Anual;4.567;4.343;96;9;El Plantío;Moncloa - Aravaca
2018;Anual;4.837;4.322;96;9;El Plantío;Moncloa - Aravaca
2019;Anual;5.207;4.904;96;9;El Plantío;Moncloa - Aravaca
2020;Anual;5.109;4.806;96;9;El Plantío;Moncloa - Aravaca
2021;Anual;5.026;4.483;96;9;El Plantío;Moncloa - Aravaca
2022;Anual;5.522;4.573;96;9;El Plantío;Moncloa - Aravaca
2010;Anual;10.780;14.210;93;9;Ciudad Universitaria;Moncloa - Aravaca
2011;Anual;10.233;12.282;93;9;Ciudad Universitaria;Moncloa - Aravaca
2012;Anual;10.716;12.847;93;9;Ciudad Universitaria;Moncloa - Aravaca
2013;Anual;9.923;13.551;93;9;Ciudad Universitaria;Moncloa - Aravaca
2014;Anual;15.518;26.304;93;9;Ciudad Universitaria;Moncloa - Aravaca
2015;Anual;15.766;26.624;93;9;Ciudad Universitaria;Moncloa - Aravaca
2016;Anual;16.392;28.037;93;9;Ciudad Universitaria;Moncloa - Aravaca
2017;Anual;16.957;28.970;93;9;Ciudad Universitaria;Moncloa - Aravaca
2018;Anual;17.112;29.471;93;9;Ciudad Universitaria;Moncloa - Aravaca
2019;Anual;17.231;29.535;93;9;Ciudad Universitaria;Moncloa - Aravaca
2020;Anual;17.522;30.060;93;9;Ciudad Universitaria;Moncloa - Aravaca
2021;Anual;18.072;31.606;93;9;Ciudad Universitaria;Moncloa - Aravaca
2022;Anual;18.480;32.272;93;9;Ciudad Universitaria;Moncloa - Aravaca
2010;Anual;563;613;213;21;Casco Histórico de Barajas;Barajas
2011;Anual;602;638;213;21;Casco Histórico de Barajas;Barajas
2012;Anual;578;581;213;21;Casco Histórico de Barajas;Barajas
2013;Anual;559;634;213;21;Casco Histórico de Barajas;Barajas
2014;Anual;593;638;213;21;Casco Histórico de Barajas;Barajas
2015;Anual;675;667;213;21;Casco Histórico de Barajas;Barajas
2016;Anual;721;719;213;21;Casco Histórico de Barajas;Barajas
2017;Anual;699;738;213;21;Casco Histórico de Barajas;Barajas
2018;Anual;701;736;213;21;Casco Histórico de Barajas;Barajas
2019;Anual;804;789;213;21;Casco Histórico de Barajas;Barajas
2020;Anual;829;766;213;21;Casco Histórico de Barajas;Barajas
2021;Anual;736;687;213;21;Casco Histórico de Barajas;Barajas
2022;Anual;727;705;213;21;Casco Histórico de Barajas;Barajas
2010;Anual;2.317;4.638;95;9;Valdemarín;Moncloa - Aravaca
2011;Anual;2.226;2.607;95;9;Valdemarín;Moncloa - Aravaca
2012;Anual;2.299;2.616;95;9;Valdemarín;Moncloa - Aravaca
2013;Anual;2.318;3.311;95;9;Valdemarín;Moncloa - Aravaca
2014;Anual;2.493;3.731;95;9;Valdemarín;Moncloa - Aravaca
2015;Anual;2.940;4.111;95;9;Valdemarín;Moncloa - Aravaca
2016;Anual;3.271;4.352;95;9;Valdemarín;Moncloa - Aravaca
2017;Anual;3.498;4.407;95;9;Valdemarín;Moncloa - Aravaca
2018;Anual;3.590;4.275;95;9;Valdemarín;Moncloa - Aravaca
2019;Anual;3.737;4.582;95;9;Valdemarín;Moncloa - Aravaca
2020;Anual;6.549;7.785;95;9;Valdemarín;Moncloa - Aravaca
2021;Anual;5.832;6.979;95;9;Valdemarín;Moncloa - Aravaca
2022;Anual;6.008;7.545;95;9;Valdemarín;Moncloa - Aravaca
2010;Anual;4.204;2.762;64;6;Almenara;Tetuán
2011;Anual;4.072;2.809;64;6;Almenara;Tetuán
2012;Anual;8.164;7.148;64;6;Almenara;Tetuán
2013;Anual;7.582;7.376;64;6;Almenara;Tetuán
2014;Anual;6.747;6.916;64;6;Almenara;Tetuán
2015;Anual;6.832;6.917;64;6;Almenara;Tetuán
2016;Anual;6.819;7.083;64;6;Almenara;Tetuán
2017;Anual;6.619;6.854;64;6;Almenara;Tetuán
2018;Anual;6.842;7.197;64;6;Almenara;Tetuán
2019;Anual;7.159;8.114;64;6;Almenara;Tetuán
2020;Anual;7.341;9.002;64;6;Almenara;Tetuán
2021;Anual;6.609;7.962;64;6;Almenara;Tetuán
2022;Anual;4.007;4.765;64;6;Almenara;Tetuán
2010;Anual;2.724;1.386;65;6;Valdeacederas;Tetuán
2011;Anual;2.564;1.396;65;6;Valdeacederas;Tetuán
2012;Anual;2.352;1.246;65;6;Valdeacederas;Tetuán
2013;Anual;2.170;1.426;65;6;Valdeacederas;Tetuán
2014;Anual;2.190;1.463;65;6;Valdeacederas;Tetuán
2015;Anual;1.922;1.362;65;6;Valdeacederas;Tetuán
2016;Anual;1.880;1.387;65;6;Valdeacederas;Tetuán
2017;Anual;1.816;1.348;65;6;Valdeacederas;Tetuán
2018;Anual;1.657;1.407;65;6;Valdeacederas;Tetuán
2019;Anual;1.895;1.561;65;6;Valdeacederas;Tetuán
2020;Anual;1.904;1.444;65;6;Valdeacederas;Tetuán
2021;Anual;1.803;1.276;65;6;Valdeacederas;Tetuán
2022;Anual;1.897;1.343;65;6;Valdeacederas;Tetuán
2010;Anual;1.265;994;94;9;Valdezarza;Moncloa - Aravaca
2011;Anual;1.441;1.626;94;9;Valdezarza;Moncloa - Aravaca
2012;Anual;1.342;1.494;94;9;Valdezarza;Moncloa - Aravaca
2013;Anual;1.277;2.052;94;9;Valdezarza;Moncloa - Aravaca
2014;Anual;1.354;2.059;94;9;Valdezarza;Moncloa - Aravaca
2015;Anual;1.352;2.080;94;9;Valdezarza;Moncloa - Aravaca
2016;Anual;1.424;2.209;94;9;Valdezarza;Moncloa - Aravaca
2017;Anual;1.486;2.188;94;9;Valdezarza;Moncloa - Aravaca
2018;Anual;1.424;2.153;94;9;Valdezarza;Moncloa - Aravaca
2019;Anual;1.628;2.281;94;9;Valdezarza;Moncloa - Aravaca
2020;Anual;1.549;2.120;94;9;Valdezarza;Moncloa - Aravaca
2021;Anual;1.504;1.954;94;9;Valdezarza;Moncloa - Aravaca
2022;Anual;1.476;1.987;94;9;Valdezarza;Moncloa - Aravaca
2010;Anual;11.999;11.849;215;21;Corralejos;Barajas
2011;Anual;12.847;12.465;215;21;Corralejos;Barajas
2012;Anual;13.186;13.051;215;21;Corralejos;Barajas
2013;Anual;13.898;13.993;215;21;Corralejos;Barajas
2014;Anual;13.411;12.984;215;21;Corralejos;Barajas
2015;Anual;12.377;11.664;215;21;Corralejos;Barajas
2016;Anual;11.771;11.594;215;21;Corralejos;Barajas
2017;Anual;12.142;12.116;215;21;Corralejos;Barajas
2018;Anual;13.162;13.400;215;21;Corralejos;Barajas
2019;Anual;14.080;14.372;215;21;Corralejos;Barajas
2020;Anual;14.606;14.533;215;21;Corralejos;Barajas
2021;Anual;15.218;15.598;215;21;Corralejos;Barajas
2022;Anual;10.906;9.902;215;21;Corralejos;Barajas
2010;Anual;4.307;4.042;163;16;Canillas;Hortaleza
2011;Anual;4.703;4.133;163;16;Canillas;Hortaleza
2012;Anual;4.943;4.281;163;16;Canillas;Hortaleza
2013;Anual;4.751;4.674;163;16;Canillas;Hortaleza
2014;Anual;4.712;4.750;163;16;Canillas;Hortaleza
2015;Anual;4.526;4.351;163;16;Canillas;Hortaleza
2016;Anual;4.787;4.573;163;16;Canillas;Hortaleza
2017;Anual;5.028;5.154;163;16;Canillas;Hortaleza
2018;Anual;4.358;4.813;163;16;Canillas;Hortaleza
2019;Anual;4.587;5.111;163;16;Canillas;Hortaleza
2020;Anual;4.726;5.092;163;16;Canillas;Hortaleza
2021;Anual;4.496;4.745;163;16;Canillas;Hortaleza
2022;Anual;4.314;4.794;163;16;Canillas;Hortaleza
2010;Anual;11.975;9.451;55;5;Nueva España;Chamartín
2011;Anual;11.797;9.303;55;5;Nueva España;Chamartín
2012;Anual;10.239;8.963;55;5;Nueva España;Chamartín
2013;Anual;9.869;10.806;55;5;Nueva España;Chamartín
2014;Anual;10.101;10.799;55;5;Nueva España;Chamartín
2015;Anual;10.181;10.966;55;5;Nueva España;Chamartín
2016;Anual;9.390;10.953;55;5;Nueva España;Chamartín
2017;Anual;10.103;11.782;55;5;Nueva España;Chamartín
2018;Anual;10.321;11.745;55;5;Nueva España;Chamartín
2019;Anual;10.971;12.102;55;5;Nueva España;Chamartín
2020;Anual;14.062;12.625;55;5;Nueva España;Chamartín
2021;Anual;11.374;11.348;55;5;Nueva España;Chamartín
2022;Anual;11.579;11.969;55;5;Nueva España;Chamartín
2010;Anual;332;283;158;15;Atalaya;Ciudad Lineal
2011;Anual;358;297;158;15;Atalaya;Ciudad Lineal
2012;Anual;243;273;158;15;Atalaya;Ciudad Lineal
2013;Anual;259;438;158;15;Atalaya;Ciudad Lineal
2014;Anual;257;456;158;15;Atalaya;Ciudad Lineal
2015;Anual;234;436;158;15;Atalaya;Ciudad Lineal
2016;Anual;236;465;158;15;Atalaya;Ciudad Lineal
2017;Anual;264;454;158;15;Atalaya;Ciudad Lineal
2018;Anual;232;390;158;15;Atalaya;Ciudad Lineal
2019;Anual;267;428;158;15;Atalaya;Ciudad Lineal
2020;Anual;247;439;158;15;Atalaya;Ciudad Lineal
2021;Anual;241;412;158;15;Atalaya;Ciudad Lineal
2022;Anual;258;438;158;15;Atalaya;Ciudad Lineal
2010;Anual;3.290;3.764;97;9;Aravaca;Moncloa - Aravaca
2011;Anual;3.109;3.889;97;9;Aravaca;Moncloa - Aravaca
2012;Anual;3.239;4.089;97;9;Aravaca;Moncloa - Aravaca
2013;Anual;3.328;6.033;97;9;Aravaca;Moncloa - Aravaca
2014;Anual;4.049;6.331;97;9;Aravaca;Moncloa - Aravaca
2015;Anual;4.579;6.706;97;9;Aravaca;Moncloa - Aravaca
2016;Anual;4.442;6.764;97;9;Aravaca;Moncloa - Aravaca
2017;Anual;4.298;6.750;97;9;Aravaca;Moncloa - Aravaca
2018;Anual;3.774;6.684;97;9;Aravaca;Moncloa - Aravaca
2019;Anual;3.786;7.380;97;9;Aravaca;Moncloa - Aravaca
2020;Anual;3.838;7.169;97;9;Aravaca;Moncloa - Aravaca
2021;Anual;4.001;7.155;97;9;Aravaca;Moncloa - Aravaca
2022;Anual;4.223;7.394;97;9;Aravaca;Moncloa - Aravaca
2010;Anual;15.550;12.131;63;6;Castillejos;Tetuán
2011;Anual;13.911;11.380;63;6;Castillejos;Tetuán
2012;Anual;14.281;11.596;63;6;Castillejos;Tetuán
2013;Anual;13.795;12.255;63;6;Castillejos;Tetuán
2014;Anual;13.310;11.933;63;6;Castillejos;Tetuán
2015;Anual;14.083;13.441;63;6;Castillejos;Tetuán
2016;Anual;13.259;13.113;63;6;Castillejos;Tetuán
2017;Anual;13.193;13.413;63;6;Castillejos;Tetuán
2018;Anual;13.953;13.590;63;6;Castillejos;Tetuán
2019;Anual;14.225;14.610;63;6;Castillejos;Tetuán
2020;Anual;16.322;17.440;63;6;Castillejos;Tetuán
2021;Anual;15.652;16.518;63;6;Castillejos;Tetuán
2022;Anual;17.007;18.381;63;6;Castillejos;Tetuán
2010;Anual;2.085;2.836;211;21;Alameda de Osuna;Barajas
2011;Anual;2.136;2.997;211;21;Alameda de Osuna;Barajas
2012;Anual;2.211;3.076;211;21;Alameda de Osuna;Barajas
2013;Anual;1.832;3.568;211;21;Alameda de Osuna;Barajas
2014;Anual;1.882;3.590;211;21;Alameda de Osuna;Barajas
2015;Anual;3.135;4.837;211;21;Alameda de Osuna;Barajas
2016;Anual;5.009;10.105;211;21;Alameda de Osuna;Barajas
2017;Anual;4.906;9.664;211;21;Alameda de Osuna;Barajas
2018;Anual;4.248;7.263;211;21;Alameda de Osuna;Barajas
2019;Anual;4.548;7.547;211;21;Alameda de Osuna;Barajas
2020;Anual;4.294;7.175;211;21;Alameda de Osuna;Barajas
2021;Anual;3.920;5.776;211;21;Alameda de Osuna;Barajas
2022;Anual;3.791;5.559;211;21;Alameda de Osuna;Barajas
2010;Anual;2.454;1.630;66;6;Berruguete;Tetuán
2011;Anual;2.225;1.695;66;6;Berruguete;Tetuán
2012;Anual;2.036;1.591;66;6;Berruguete;Tetuán
2013;Anual;1.931;1.731;66;6;Berruguete;Tetuán
2014;Anual;1.901;1.747;66;6;Berruguete;Tetuán
2015;Anual;1.955;1.919;66;6;Berruguete;Tetuán
2016;Anual;1.972;1.921;66;6;Berruguete;Tetuán
2017;Anual;2.099;2.072;66;6;Berruguete;Tetuán
2018;Anual;1.955;1.980;66;6;Berruguete;Tetuán
2019;Anual;2.170;2.266;66;6;Berruguete;Tetuán
2020;Anual;2.150;2.403;66;6;Berruguete;Tetuán
2021;Anual;2.011;1.925;66;6;Berruguete;Tetuán
2022;Anual;2.197;2.509;66;6;Berruguete;Tetuán
2010;Anual;1.340;1.500;157;15;Colina;Ciudad Lineal
2011;Anual;1.363;1.517;157;15;Colina;Ciudad Lineal
2012;Anual;1.340;1.271;157;15;Colina;Ciudad Lineal
2013;Anual;1.316;1.579;157;15;Colina;Ciudad Lineal
2014;Anual;2.290;2.473;157;15;Colina;Ciudad Lineal
2015;Anual;2.385;2.653;157;15;Colina;Ciudad Lineal
2016;Anual;2.379;2.575;157;15;Colina;Ciudad Lineal
2017;Anual;2.514;2.748;157;15;Colina;Ciudad Lineal
2018;Anual;2.420;2.366;157;15;Colina;Ciudad Lineal
2019;Anual;2.508;2.595;157;15;Colina;Ciudad Lineal
2020;Anual;2.399;2.384;157;15;Colina;Ciudad Lineal
2021;Anual;1.896;2.095;157;15;Colina;Ciudad Lineal
2022;Anual;1.280;1.489;157;15;Colina;Ciudad Lineal
2010;Anual;3.022;4.096;162;16;Piovera;Hortaleza
2011;Anual;2.900;3.400;162;16;Piovera;Hortaleza
2012;Anual;2.641;2.963;162;16;Piovera;Hortaleza
2013;Anual;2.786;4.602;162;16;Piovera;Hortaleza
2014;Anual;2.939;4.909;162;16;Piovera;Hortaleza
2015;Anual;3.123;4.776;162;16;Piovera;Hortaleza
2016;Anual;3.111;4.846;162;16;Piovera;Hortaleza
2017;Anual;3.362;5.017;162;16;Piovera;Hortaleza
2018;Anual;3.368;5.041;162;16;Piovera;Hortaleza
2019;Anual;3.504;5.311;162;16;Piovera;Hortaleza
2020;Anual;3.472;5.256;162;16;Piovera;Hortaleza
2021;Anual;3.043;4.769;162;16;Piovera;Hortaleza
2022;Anual;3.285;5.152;162;16;Piovera;Hortaleza
2010;Anual;11.558;11.677;54;5;Hispanoamérica;Chamartín
2011;Anual;12.274;12.707;54;5;Hispanoamérica;Chamartín
2012;Anual;10.901;11.067;54;5;Hispanoamérica;Chamartín
2013;Anual;10.793;13.125;54;5;Hispanoamérica;Chamartín
2014;Anual;10.593;13.190;54;5;Hispanoamérica;Chamartín
2015;Anual;11.020;13.289;54;5;Hispanoamérica;Chamartín
2016;Anual;10.761;12.717;54;5;Hispanoamérica;Chamartín
2017;Anual;11.041;12.787;54;5;Hispanoamérica;Chamartín
2018;Anual;10.622;12.217;54;5;Hispanoamérica;Chamartín
2019;Anual;11.374;13.022;54;5;Hispanoamérica;Chamartín
2020;Anual;11.613;13.324;54;5;Hispanoamérica;Chamartín
2021;Anual;10.834;12.580;54;5;Hispanoamérica;Chamartín
2022;Anual;11.746;13.525;54;5;Hispanoamérica;Chamartín
2010;Anual;3.255;2.431;61;6;Bellas Vistas;Tetuán
2011;Anual;3.293;3.056;61;6;Bellas Vistas;Tetuán
2012;Anual;3.106;2.974;61;6;Bellas Vistas;Tetuán
2013;Anual;3.114;3.304;61;6;Bellas Vistas;Tetuán
2014;Anual;3.073;3.205;61;6;Bellas Vistas;Tetuán
2015;Anual;3.157;3.273;61;6;Bellas Vistas;Tetuán
2016;Anual;3.263;3.267;61;6;Bellas Vistas;Tetuán
2017;Anual;3.309;3.127;61;6;Bellas Vistas;Tetuán
2018;Anual;3.005;2.917;61;6;Bellas Vistas;Tetuán
2019;Anual;3.394;3.218;61;6;Bellas Vistas;Tetuán
2020;Anual;3.448;3.299;61;6;Bellas Vistas;Tetuán
2021;Anual;3.314;3.550;61;6;Bellas Vistas;Tetuán
2022;Anual;3.509;3.883;61;6;Bellas Vistas;Tetuán
2010;Anual;791;950;161;16;Palomas;Hortaleza
2011;Anual;1.022;1.042;161;16;Palomas;Hortaleza
2012;Anual;995;1.121;161;16;Palomas;Hortaleza
2013;Anual;1.490;2.023;161;16;Palomas;Hortaleza
2014;Anual;1.377;2.055;161;16;Palomas;Hortaleza
2015;Anual;1.280;1.873;161;16;Palomas;Hortaleza
2016;Anual;1.318;1.832;161;16;Palomas;Hortaleza
2017;Anual;1.258;1.781;161;16;Palomas;Hortaleza
2018;Anual;1.266;1.812;161;16;Palomas;Hortaleza
2019;Anual;1.739;2.446;161;16;Palomas;Hortaleza
2020;Anual;1.812;2.493;161;16;Palomas;Hortaleza
2021;Anual;1.696;2.387;161;16;Palomas;Hortaleza
2022;Anual;1.806;2.463;161;16;Palomas;Hortaleza
2010;Anual;27.781;28.628;62;6;Cuatro Caminos;Tetuán
2011;Anual;27.022;23.424;62;6;Cuatro Caminos;Tetuán
2012;Anual;25.520;22.815;62;6;Cuatro Caminos;Tetuán
2013;Anual;24.312;23.883;62;6;Cuatro Caminos;Tetuán
2014;Anual;23.959;23.837;62;6;Cuatro Caminos;Tetuán
2015;Anual;25.666;24.647;62;6;Cuatro Caminos;Tetuán
2016;Anual;39.977;28.192;62;6;Cuatro Caminos;Tetuán
2017;Anual;42.074;27.541;62;6;Cuatro Caminos;Tetuán
2018;Anual;49.961;34.336;62;6;Cuatro Caminos;Tetuán
2019;Anual;62.331;38.902;62;6;Cuatro Caminos;Tetuán
2020;Anual;67.311;37.093;62;6;Cuatro Caminos;Tetuán
2021;Anual;69.181;35.627;62;6;Cuatro Caminos;Tetuán
2022;Anual;78.754;42.373;62;6;Cuatro Caminos;Tetuán
2010;Anual;7.608;7.596;156;15;San Juan Bautista;Ciudad Lineal
2011;Anual;7.346;7.076;156;15;San Juan Bautista;Ciudad Lineal
2012;Anual;7.835;6.907;156;15;San Juan Bautista;Ciudad Lineal
2013;Anual;6.222;6.245;156;15;San Juan Bautista;Ciudad Lineal
2014;Anual;6.178;6.383;156;15;San Juan Bautista;Ciudad Lineal
2015;Anual;6.281;6.492;156;15;San Juan Bautista;Ciudad Lineal
2016;Anual;6.532;6.815;156;15;San Juan Bautista;Ciudad Lineal
2017;Anual;8.278;8.858;156;15;San Juan Bautista;Ciudad Lineal
2018;Anual;8.171;8.875;156;15;San Juan Bautista;Ciudad Lineal
2019;Anual;8.074;9.052;156;15;San Juan Bautista;Ciudad Lineal
2020;Anual;8.577;9.216;156;15;San Juan Bautista;Ciudad Lineal
2021;Anual;7.611;8.652;156;15;San Juan Bautista;Ciudad Lineal
2022;Anual;8.670;9.690;156;15;San Juan Bautista;Ciudad Lineal
2010;Anual;7.427;6.571;52;5;Prosperidad;Chamartín
2011;Anual;7.163;6.510;52;5;Prosperidad;Chamartín
2012;Anual;6.881;6.358;52;5;Prosperidad;Chamartín
2013;Anual;6.520;7.643;52;5;Prosperidad;Chamartín
2014;Anual;6.260;7.503;52;5;Prosperidad;Chamartín
2015;Anual;5.975;7.642;52;5;Prosperidad;Chamartín
2016;Anual;5.784;7.514;52;5;Prosperidad;Chamartín
2017;Anual;6.049;7.686;52;5;Prosperidad;Chamartín
2018;Anual;5.634;7.372;52;5;Prosperidad;Chamartín
2019;Anual;5.855;7.778;52;5;Prosperidad;Chamartín
2020;Anual;11.970;25.646;52;5;Prosperidad;Chamartín
2021;Anual;14.423;32.859;52;5;Prosperidad;Chamartín
2022;Anual;13.655;29.726;52;5;Prosperidad;Chamartín
2010;Anual;6.982;6.281;53;5;Ciudad Jardín;Chamartín
2011;Anual;7.468;6.314;53;5;Ciudad Jardín;Chamartín
2012;Anual;6.916;5.914;53;5;Ciudad Jardín;Chamartín
2013;Anual;7.035;6.692;53;5;Ciudad Jardín;Chamartín
2014;Anual;6.849;6.404;53;5;Ciudad Jardín;Chamartín
2015;Anual;7.046;6.399;53;5;Ciudad Jardín;Chamartín
2016;Anual;7.152;6.759;53;5;Ciudad Jardín;Chamartín
2017;Anual;7.129;6.589;53;5;Ciudad Jardín;Chamartín
2018;Anual;7.420;6.663;53;5;Ciudad Jardín;Chamartín
2019;Anual;7.804;6.967;53;5;Ciudad Jardín;Chamartín
2020;Anual;7.959;7.255;53;5;Ciudad Jardín;Chamartín
2021;Anual;7.776;7.007;53;5;Ciudad Jardín;Chamartín
2022;Anual;8.191;7.283;53;5;Ciudad Jardín;Chamartín
2010;Anual;28.911;27.994;51;5;El Viso;Chamartín
2011;Anual;32.117;31.571;51;5;El Viso;Chamartín
2012;Anual;31.562;34.930;51;5;El Viso;Chamartín
2013;Anual;30.002;35.383;51;5;El Viso;Chamartín
2014;Anual;28.103;35.069;51;5;El Viso;Chamartín
2015;Anual;19.235;28.453;51;5;El Viso;Chamartín
2016;Anual;14.733;20.026;51;5;El Viso;Chamartín
2017;Anual;14.574;19.856;51;5;El Viso;Chamartín
2018;Anual;15.785;21.109;51;5;El Viso;Chamartín
2019;Anual;16.218;21.061;51;5;El Viso;Chamartín
2020;Anual;16.214;21.051;51;5;El Viso;Chamartín
2021;Anual;15.910;20.414;51;5;El Viso;Chamartín
2022;Anual;17.472;21.982;51;5;El Viso;Chamartín
2010;Anual;1.422;1.225;91;9;Casa de Campo;Moncloa - Aravaca
2011;Anual;1.440;1.396;91;9;Casa de Campo;Moncloa - Aravaca
2012;Anual;2.637;2.236;91;9;Casa de Campo;Moncloa - Aravaca
2013;Anual;2.909;2.375;91;9;Casa de Campo;Moncloa - Aravaca
2014;Anual;2.685;2.267;91;9;Casa de Campo;Moncloa - Aravaca
2015;Anual;2.560;2.299;91;9;Casa de Campo;Moncloa - Aravaca
2016;Anual;1.726;1.976;91;9;Casa de Campo;Moncloa - Aravaca
2017;Anual;1.826;2.010;91;9;Casa de Campo;Moncloa - Aravaca
2018;Anual;1.742;1.998;91;9;Casa de Campo;Moncloa - Aravaca
2019;Anual;1.861;2.157;91;9;Casa de Campo;Moncloa - Aravaca
2020;Anual;1.882;2.207;91;9;Casa de Campo;Moncloa - Aravaca
2021;Anual;1.804;2.125;91;9;Casa de Campo;Moncloa - Aravaca
2022;Anual;1.994;2.501;91;9;Casa de Campo;Moncloa - Aravaca
2010;Anual;4.557;1.876;206;20;Rejas;San Blas - Canillejas
2011;Anual;7.751;3.965;206;20;Rejas;San Blas - Canillejas
2012;Anual;8.563;3.534;206;20;Rejas;San Blas - Canillejas
2013;Anual;9.719;4.461;206;20;Rejas;San Blas - Canillejas
2014;Anual;10.717;4.800;206;20;Rejas;San Blas - Canillejas
2015;Anual;10.848;5.304;206;20;Rejas;San Blas - Canillejas
2016;Anual;10.955;5.498;206;20;Rejas;San Blas - Canillejas
2017;Anual;11.563;6.419;206;20;Rejas;San Blas - Canillejas
2018;Anual;12.133;7.025;206;20;Rejas;San Blas - Canillejas
2019;Anual;12.422;7.114;206;20;Rejas;San Blas - Canillejas
2020;Anual;12.638;7.255;206;20;Rejas;San Blas - Canillejas
2021;Anual;12.693;6.841;206;20;Rejas;San Blas - Canillejas
2022;Anual;12.201;7.071;206;20;Rejas;San Blas - Canillejas
2010;Anual;7.487;8.628;208;20;El Salvador;San Blas - Canillejas
2011;Anual;8.628;10.427;208;20;El Salvador;San Blas - Canillejas
2012;Anual;8.529;10.031;208;20;El Salvador;San Blas - Canillejas
2013;Anual;8.152;10.202;208;20;El Salvador;San Blas - Canillejas
2014;Anual;7.919;9.669;208;20;El Salvador;San Blas - Canillejas
2015;Anual;8.232;10.654;208;20;El Salvador;San Blas - Canillejas
2016;Anual;7.764;10.466;208;20;El Salvador;San Blas - Canillejas
2017;Anual;7.358;10.024;208;20;El Salvador;San Blas - Canillejas
2018;Anual;6.765;9.406;208;20;El Salvador;San Blas - Canillejas
2019;Anual;6.033;9.591;208;20;El Salvador;San Blas - Canillejas
2020;Anual;6.832;10.558;208;20;El Salvador;San Blas - Canillejas
2021;Anual;7.269;11.054;208;20;El Salvador;San Blas - Canillejas
2022;Anual;6.685;11.109;208;20;El Salvador;San Blas - Canillejas
2010;Anual;1.740;1.621;205;20;Rosas;San Blas - Canillejas
2011;Anual;1.856;1.667;205;20;Rosas;San Blas - Canillejas
2012;Anual;1.650;1.741;205;20;Rosas;San Blas - Canillejas
2013;Anual;1.699;2.367;205;20;Rosas;San Blas - Canillejas
2014;Anual;1.686;2.023;205;20;Rosas;San Blas - Canillejas
2015;Anual;1.897;2.479;205;20;Rosas;San Blas - Canillejas
2016;Anual;1.936;2.537;205;20;Rosas;San Blas - Canillejas
2017;Anual;2.236;2.789;205;20;Rosas;San Blas - Canillejas
2018;Anual;2.137;2.854;205;20;Rosas;San Blas - Canillejas
2019;Anual;2.513;3.050;205;20;Rosas;San Blas - Canillejas
2020;Anual;3.193;3.391;205;20;Rosas;San Blas - Canillejas
2021;Anual;3.050;3.141;205;20;Rosas;San Blas - Canillejas
2022;Anual;3.050;3.419;205;20;Rosas;San Blas - Canillejas
2010;Anual;1.683;1.245;207;20;Canillejas;San Blas - Canillejas
2011;Anual;1.651;1.233;207;20;Canillejas;San Blas - Canillejas
2012;Anual;1.606;1.199;207;20;Canillejas;San Blas - Canillejas
2013;Anual;1.567;1.457;207;20;Canillejas;San Blas - Canillejas
2014;Anual;1.671;1.503;207;20;Canillejas;San Blas - Canillejas
2015;Anual;1.727;1.455;207;20;Canillejas;San Blas - Canillejas
2016;Anual;1.793;1.493;207;20;Canillejas;San Blas - Canillejas
2017;Anual;1.911;1.592;207;20;Canillejas;San Blas - Canillejas
2018;Anual;1.688;1.426;207;20;Canillejas;San Blas - Canillejas
2019;Anual;2.069;1.775;207;20;Canillejas;San Blas - Canillejas
2020;Anual;2.108;1.885;207;20;Canillejas;San Blas - Canillejas
2021;Anual;2.044;1.703;207;20;Canillejas;San Blas - Canillejas
2022;Anual;2.039;1.808;207;20;Canillejas;San Blas - Canillejas
2010;Anual;10.948;9.568;155;15;San Pascual;Ciudad Lineal
2011;Anual;12.554;13.015;155;15;San Pascual;Ciudad Lineal
2012;Anual;12.703;13.093;155;15;San Pascual;Ciudad Lineal
2013;Anual;11.670;13.049;155;15;San Pascual;Ciudad Lineal
2014;Anual;10.346;13.185;155;15;San Pascual;Ciudad Lineal
2015;Anual;16.162;17.177;155;15;San Pascual;Ciudad Lineal
2016;Anual;16.330;17.033;155;15;San Pascual;Ciudad Lineal
2017;Anual;16.999;18.092;155;15;San Pascual;Ciudad Lineal
2018;Anual;18.671;19.528;155;15;San Pascual;Ciudad Lineal
2019;Anual;20.963;21.242;155;15;San Pascual;Ciudad Lineal
2020;Anual;23.393;25.024;155;15;San Pascual;Ciudad Lineal
2021;Anual;22.210;23.944;155;15;San Pascual;Ciudad Lineal
2022;Anual;23.621;24.462;155;15;San Pascual;Ciudad Lineal
2010;Anual;5.558;6.730;76;7;Vallehermoso;Chamberí
2011;Anual;5.576;7.226;76;7;Vallehermoso;Chamberí
2012;Anual;5.230;7.070;76;7;Vallehermoso;Chamberí
2013;Anual;5.016;8.312;76;7;Vallehermoso;Chamberí
2014;Anual;4.940;8.560;76;7;Vallehermoso;Chamberí
2015;Anual;4.399;7.456;76;7;Vallehermoso;Chamberí
2016;Anual;4.420;7.030;76;7;Vallehermoso;Chamberí
2017;Anual;4.484;7.114;76;7;Vallehermoso;Chamberí
2018;Anual;4.628;7.189;76;7;Vallehermoso;Chamberí
2019;Anual;5.053;7.646;76;7;Vallehermoso;Chamberí
2020;Anual;5.488;7.809;76;7;Vallehermoso;Chamberí
2021;Anual;5.434;7.946;76;7;Vallehermoso;Chamberí
2022;Anual;5.926;8.663;76;7;Vallehermoso;Chamberí
2010;Anual;10.334;10.535;75;7;Ríos Rosas;Chamberí
2011;Anual;10.863;10.696;75;7;Ríos Rosas;Chamberí
2012;Anual;10.782;10.346;75;7;Ríos Rosas;Chamberí
2013;Anual;10.046;11.630;75;7;Ríos Rosas;Chamberí
2014;Anual;9.505;10.617;75;7;Ríos Rosas;Chamberí
2015;Anual;8.634;9.786;75;7;Ríos Rosas;Chamberí
2016;Anual;8.710;10.204;75;7;Ríos Rosas;Chamberí
2017;Anual;8.900;10.387;75;7;Ríos Rosas;Chamberí
2018;Anual;9.300;11.128;75;7;Ríos Rosas;Chamberí
2019;Anual;9.744;11.920;75;7;Ríos Rosas;Chamberí
2020;Anual;10.892;13.795;75;7;Ríos Rosas;Chamberí
2021;Anual;10.695;13.209;75;7;Ríos Rosas;Chamberí
2022;Anual;11.510;14.301;75;7;Ríos Rosas;Chamberí
2010;Anual;3.041;2.263;154;15;La Concepción;Ciudad Lineal
2011;Anual;2.920;2.230;154;15;La Concepción;Ciudad Lineal
2012;Anual;2.841;2.112;154;15;La Concepción;Ciudad Lineal
2013;Anual;2.626;2.623;154;15;La Concepción;Ciudad Lineal
2014;Anual;2.675;2.631;154;15;La Concepción;Ciudad Lineal
2015;Anual;2.973;3.090;154;15;La Concepción;Ciudad Lineal
2016;Anual;3.249;3.271;154;15;La Concepción;Ciudad Lineal
2017;Anual;3.171;3.405;154;15;La Concepción;Ciudad Lineal
2018;Anual;3.193;3.485;154;15;La Concepción;Ciudad Lineal
2019;Anual;3.044;3.602;154;15;La Concepción;Ciudad Lineal
2020;Anual;2.985;3.798;154;15;La Concepción;Ciudad Lineal
2021;Anual;2.859;3.808;154;15;La Concepción;Ciudad Lineal
2022;Anual;2.829;3.565;154;15;La Concepción;Ciudad Lineal
2010;Anual;9.924;7.451;44;4;Guindalera;Salamanca
2011;Anual;10.025;7.744;44;4;Guindalera;Salamanca
2012;Anual;9.104;7.317;44;4;Guindalera;Salamanca
2013;Anual;9.020;9.328;44;4;Guindalera;Salamanca
2014;Anual;8.977;9.431;44;4;Guindalera;Salamanca
2015;Anual;8.408;9.568;44;4;Guindalera;Salamanca
2016;Anual;8.429;9.440;44;4;Guindalera;Salamanca
2017;Anual;9.007;10.040;44;4;Guindalera;Salamanca
2018;Anual;8.975;10.040;44;4;Guindalera;Salamanca
2019;Anual;9.406;10.308;44;4;Guindalera;Salamanca
2020;Anual;9.627;11.412;44;4;Guindalera;Salamanca
2021;Anual;8.960;10.625;44;4;Guindalera;Salamanca
2022;Anual;9.779;11.820;44;4;Guindalera;Salamanca
2010;Anual;27.638;26.005;201;20;Simancas;San Blas - Canillejas
2011;Anual;27.448;25.735;201;20;Simancas;San Blas - Canillejas
2012;Anual;27.476;26.273;201;20;Simancas;San Blas - Canillejas
2013;Anual;26.042;25.165;201;20;Simancas;San Blas - Canillejas
2014;Anual;26.656;26.661;201;20;Simancas;San Blas - Canillejas
2015;Anual;27.846;29.156;201;20;Simancas;San Blas - Canillejas
2016;Anual;28.793;26.933;201;20;Simancas;San Blas - Canillejas
2017;Anual;29.499;29.035;201;20;Simancas;San Blas - Canillejas
2018;Anual;31.561;31.506;201;20;Simancas;San Blas - Canillejas
2019;Anual;32.282;30.810;201;20;Simancas;San Blas - Canillejas
2020;Anual;33.691;31.182;201;20;Simancas;San Blas - Canillejas
2021;Anual;34.631;32.118;201;20;Simancas;San Blas - Canillejas
2022;Anual;36.029;33.459;201;20;Simancas;San Blas - Canillejas
2010;Anual;2.796;2.297;153;15;Quintana;Ciudad Lineal
2011;Anual;2.778;2.310;153;15;Quintana;Ciudad Lineal
2012;Anual;2.398;2.217;153;15;Quintana;Ciudad Lineal
2013;Anual;2.186;2.495;153;15;Quintana;Ciudad Lineal
2014;Anual;2.206;2.451;153;15;Quintana;Ciudad Lineal
2015;Anual;2.247;2.451;153;15;Quintana;Ciudad Lineal
2016;Anual;2.277;2.512;153;15;Quintana;Ciudad Lineal
2017;Anual;2.483;2.680;153;15;Quintana;Ciudad Lineal
2018;Anual;2.592;2.736;153;15;Quintana;Ciudad Lineal
2019;Anual;2.804;2.906;153;15;Quintana;Ciudad Lineal
2020;Anual;2.966;3.059;153;15;Quintana;Ciudad Lineal
2021;Anual;3.053;2.958;153;15;Quintana;Ciudad Lineal
2022;Anual;3.100;2.977;153;15;Quintana;Ciudad Lineal
2010;Anual;3.858;3.939;71;7;Gaztambide;Chamberí
2011;Anual;4.013;3.857;71;7;Gaztambide;Chamberí
2012;Anual;3.938;3.792;71;7;Gaztambide;Chamberí
2013;Anual;3.605;4.779;71;7;Gaztambide;Chamberí
2014;Anual;3.676;5.362;71;7;Gaztambide;Chamberí
2015;Anual;3.826;5.435;71;7;Gaztambide;Chamberí
2016;Anual;3.816;5.483;71;7;Gaztambide;Chamberí
2017;Anual;3.979;5.652;71;7;Gaztambide;Chamberí
2018;Anual;3.775;5.455;71;7;Gaztambide;Chamberí
2019;Anual;4.186;5.602;71;7;Gaztambide;Chamberí
2020;Anual;4.234;5.645;71;7;Gaztambide;Chamberí
2021;Anual;4.034;5.396;71;7;Gaztambide;Chamberí
2022;Anual;4.910;6.059;71;7;Gaztambide;Chamberí
2010;Anual;8.352;7.451;72;7;Arapiles;Chamberí
2011;Anual;7.943;6.722;72;7;Arapiles;Chamberí
2012;Anual;7.645;6.711;72;7;Arapiles;Chamberí
2013;Anual;7.274;7.748;72;7;Arapiles;Chamberí
2014;Anual;7.468;7.929;72;7;Arapiles;Chamberí
2015;Anual;7.944;8.498;72;7;Arapiles;Chamberí
2016;Anual;7.986;8.646;72;7;Arapiles;Chamberí
2017;Anual;7.932;8.665;72;7;Arapiles;Chamberí
2018;Anual;7.736;8.726;72;7;Arapiles;Chamberí
2019;Anual;8.313;9.189;72;7;Arapiles;Chamberí
2020;Anual;8.386;9.289;72;7;Arapiles;Chamberí
2021;Anual;7.875;8.945;72;7;Arapiles;Chamberí
2022;Anual;6.039;8.449;72;7;Arapiles;Chamberí
2010;Anual;9.219;13.823;73;7;Trafalgar;Chamberí
2011;Anual;9.638;11.315;73;7;Trafalgar;Chamberí
2012;Anual;8.720;10.401;73;7;Trafalgar;Chamberí
2013;Anual;7.870;10.436;73;7;Trafalgar;Chamberí
2014;Anual;7.620;8.902;73;7;Trafalgar;Chamberí
2015;Anual;7.406;8.650;73;7;Trafalgar;Chamberí
2016;Anual;7.469;8.577;73;7;Trafalgar;Chamberí
2017;Anual;8.407;9.753;73;7;Trafalgar;Chamberí
2018;Anual;8.272;10.132;73;7;Trafalgar;Chamberí
2019;Anual;8.324;10.435;73;7;Trafalgar;Chamberí
2020;Anual;8.507;10.622;73;7;Trafalgar;Chamberí
2021;Anual;7.968;9.865;73;7;Trafalgar;Chamberí
2022;Anual;7.798;10.170;73;7;Trafalgar;Chamberí
2010;Anual;23.091;28.287;74;7;Almagro;Chamberí
2011;Anual;22.644;27.510;74;7;Almagro;Chamberí
2012;Anual;21.546;27.371;74;7;Almagro;Chamberí
2013;Anual;21.722;30.946;74;7;Almagro;Chamberí
2014;Anual;20.951;30.680;74;7;Almagro;Chamberí
2015;Anual;20.677;30.381;74;7;Almagro;Chamberí
2016;Anual;22.842;32.146;74;7;Almagro;Chamberí
2017;Anual;24.092;34.414;74;7;Almagro;Chamberí
2018;Anual;22.693;33.910;74;7;Almagro;Chamberí
2019;Anual;24.512;35.842;74;7;Almagro;Chamberí
2020;Anual;24.866;39.268;74;7;Almagro;Chamberí
2021;Anual;24.569;38.726;74;7;Almagro;Chamberí
2022;Anual;27.385;42.337;74;7;Almagro;Chamberí
2010;Anual;13.640;14.356;46;4;Castellana;Salamanca
2011;Anual;13.978;14.857;46;4;Castellana;Salamanca
2012;Anual;13.715;14.812;46;4;Castellana;Salamanca
2013;Anual;13.063;15.653;46;4;Castellana;Salamanca
2014;Anual;13.480;15.665;46;4;Castellana;Salamanca
2015;Anual;13.702;15.578;46;4;Castellana;Salamanca
2016;Anual;13.936;15.928;46;4;Castellana;Salamanca
2017;Anual;14.227;16.024;46;4;Castellana;Salamanca
2018;Anual;14.149;16.024;46;4;Castellana;Salamanca
2019;Anual;15.439;17.436;46;4;Castellana;Salamanca
2020;Anual;16.039;18.451;46;4;Castellana;Salamanca
2021;Anual;15.706;17.279;46;4;Castellana;Salamanca
2022;Anual;17.080;18.438;46;4;Castellana;Salamanca
2010;Anual;5.324;4.408;152;15;Pueblo Nuevo;Ciudad Lineal
2011;Anual;5.362;4.525;152;15;Pueblo Nuevo;Ciudad Lineal
2012;Anual;5.106;4.342;152;15;Pueblo Nuevo;Ciudad Lineal
2013;Anual;4.583;4.750;152;15;Pueblo Nuevo;Ciudad Lineal
2014;Anual;4.360;3.997;152;15;Pueblo Nuevo;Ciudad Lineal
2015;Anual;4.815;4.176;152;15;Pueblo Nuevo;Ciudad Lineal
2016;Anual;4.923;4.109;152;15;Pueblo Nuevo;Ciudad Lineal
2017;Anual;5.007;3.774;152;15;Pueblo Nuevo;Ciudad Lineal
2018;Anual;5.165;3.729;152;15;Pueblo Nuevo;Ciudad Lineal
2019;Anual;5.146;3.896;152;15;Pueblo Nuevo;Ciudad Lineal
2020;Anual;5.014;3.879;152;15;Pueblo Nuevo;Ciudad Lineal
2021;Anual;4.735;3.635;152;15;Pueblo Nuevo;Ciudad Lineal
2022;Anual;4.953;4.171;152;15;Pueblo Nuevo;Ciudad Lineal
2010;Anual;7.539;11.446;45;4;Lista;Salamanca
2011;Anual;7.639;11.507;45;4;Lista;Salamanca
2012;Anual;6.695;10.341;45;4;Lista;Salamanca
2013;Anual;6.540;11.327;45;4;Lista;Salamanca
2014;Anual;6.393;10.918;45;4;Lista;Salamanca
2015;Anual;6.688;11.030;45;4;Lista;Salamanca
2016;Anual;6.429;10.174;45;4;Lista;Salamanca
2017;Anual;6.653;10.363;45;4;Lista;Salamanca
2018;Anual;6.332;10.363;45;4;Lista;Salamanca
2019;Anual;6.930;10.766;45;4;Lista;Salamanca
2020;Anual;6.939;10.766;45;4;Lista;Salamanca
2021;Anual;6.707;10.446;45;4;Lista;Salamanca
2022;Anual;6.837;10.588;45;4;Lista;Salamanca
2010;Anual;10.031;9.701;92;9;Argüelles;Moncloa - Aravaca
2011;Anual;10.562;10.043;92;9;Argüelles;Moncloa - Aravaca
2012;Anual;10.487;10.059;92;9;Argüelles;Moncloa - Aravaca
2013;Anual;10.108;10.484;92;9;Argüelles;Moncloa - Aravaca
2014;Anual;9.360;9.680;92;9;Argüelles;Moncloa - Aravaca
2015;Anual;9.410;10.281;92;9;Argüelles;Moncloa - Aravaca
2016;Anual;7.985;9.664;92;9;Argüelles;Moncloa - Aravaca
2017;Anual;8.280;9.917;92;9;Argüelles;Moncloa - Aravaca
2018;Anual;7.904;9.768;92;9;Argüelles;Moncloa - Aravaca
2019;Anual;8.256;9.705;92;9;Argüelles;Moncloa - Aravaca
2020;Anual;8.075;9.231;92;9;Argüelles;Moncloa - Aravaca
2021;Anual;7.769;8.535;92;9;Argüelles;Moncloa - Aravaca
2022;Anual;8.077;8.901;92;9;Argüelles;Moncloa - Aravaca
2010;Anual;178;79;202;20;Hellín;San Blas - Canillejas
2011;Anual;166;77;202;20;Hellín;San Blas - Canillejas
2012;Anual;176;76;202;20;Hellín;San Blas - Canillejas
2013;Anual;172;118;202;20;Hellín;San Blas - Canillejas
2014;Anual;196;142;202;20;Hellín;San Blas - Canillejas
2015;Anual;177;133;202;20;Hellín;San Blas - Canillejas
2016;Anual;165;140;202;20;Hellín;San Blas - Canillejas
2017;Anual;171;138;202;20;Hellín;San Blas - Canillejas
2018;Anual;153;144;202;20;Hellín;San Blas - Canillejas
2019;Anual;194;159;202;20;Hellín;San Blas - Canillejas
2020;Anual;201;144;202;20;Hellín;San Blas - Canillejas
2021;Anual;209;143;202;20;Hellín;San Blas - Canillejas
2022;Anual;207;158;202;20;Hellín;San Blas - Canillejas
2010;Anual;3.436;2.037;151;15;Ventas;Ciudad Lineal
2011;Anual;3.546;2.086;151;15;Ventas;Ciudad Lineal
2012;Anual;3.162;1.936;151;15;Ventas;Ciudad Lineal
2013;Anual;3.142;2.541;151;15;Ventas;Ciudad Lineal
2014;Anual;2.919;2.591;151;15;Ventas;Ciudad Lineal
2015;Anual;2.981;2.636;151;15;Ventas;Ciudad Lineal
2016;Anual;3.171;3.033;151;15;Ventas;Ciudad Lineal
2017;Anual;3.263;3.086;151;15;Ventas;Ciudad Lineal
2018;Anual;3.237;2.770;151;15;Ventas;Ciudad Lineal
2019;Anual;3.496;3.015;151;15;Ventas;Ciudad Lineal
2020;Anual;3.648;3.156;151;15;Ventas;Ciudad Lineal
2021;Anual;3.397;2.942;151;15;Ventas;Ciudad Lineal
2022;Anual;3.451;2.932;151;15;Ventas;Ciudad Lineal
2010;Anual;4.550;3.439;43;4;Fuente del Berro;Salamanca
2011;Anual;5.013;3.468;43;4;Fuente del Berro;Salamanca
2012;Anual;4.716;3.198;43;4;Fuente del Berro;Salamanca
2013;Anual;4.751;3.933;43;4;Fuente del Berro;Salamanca
2014;Anual;4.455;3.887;43;4;Fuente del Berro;Salamanca
2015;Anual;4.921;4.082;43;4;Fuente del Berro;Salamanca
2016;Anual;5.257;4.241;43;4;Fuente del Berro;Salamanca
2017;Anual;5.457;4.415;43;4;Fuente del Berro;Salamanca
2018;Anual;5.886;4.415;43;4;Fuente del Berro;Salamanca
2019;Anual;7.086;5.513;43;4;Fuente del Berro;Salamanca
2020;Anual;6.428;5.506;43;4;Fuente del Berro;Salamanca
2021;Anual;6.199;5.329;43;4;Fuente del Berro;Salamanca
2022;Anual;6.969;5.970;43;4;Fuente del Berro;Salamanca
2010;Anual;16.167;14.175;15;1;Universidad;Centro
2011;Anual;16.470;14.474;15;1;Universidad;Centro
2012;Anual;16.721;15.353;15;1;Universidad;Centro
2013;Anual;15.307;14.453;15;1;Universidad;Centro
2014;Anual;15.580;14.136;15;1;Universidad;Centro
2015;Anual;16.142;14.681;15;1;Universidad;Centro
2016;Anual;16.853;15.239;15;1;Universidad;Centro
2017;Anual;17.232;15.443;15;1;Universidad;Centro
2018;Anual;16.696;15.298;15;1;Universidad;Centro
2019;Anual;17.165;15.946;15;1;Universidad;Centro
2020;Anual;16.741;17.411;15;1;Universidad;Centro
2021;Anual;15.883;16.192;15;1;Universidad;Centro
2022;Anual;16.897;17.899;15;1;Universidad;Centro
2010;Anual;21.819;23.259;41;4;Recoletos;Salamanca
2011;Anual;22.214;22.691;41;4;Recoletos;Salamanca
2012;Anual;21.381;23.240;41;4;Recoletos;Salamanca
2013;Anual;20.742;23.408;41;4;Recoletos;Salamanca
2014;Anual;19.535;21.900;41;4;Recoletos;Salamanca
2015;Anual;20.565;23.212;41;4;Recoletos;Salamanca
2016;Anual;20.988;24.137;41;4;Recoletos;Salamanca
2017;Anual;20.760;24.877;41;4;Recoletos;Salamanca
2018;Anual;21.239;24.877;41;4;Recoletos;Salamanca
2019;Anual;21.373;26.049;41;4;Recoletos;Salamanca
2020;Anual;21.443;26.848;41;4;Recoletos;Salamanca
2021;Anual;20.306;24.601;41;4;Recoletos;Salamanca
2022;Anual;22.994;27.664;41;4;Recoletos;Salamanca
2010;Anual;16.427;16.927;14;1;Justicia;Centro
2011;Anual;15.888;17.096;14;1;Justicia;Centro
2012;Anual;15.662;17.424;14;1;Justicia;Centro
2013;Anual;14.269;16.481;14;1;Justicia;Centro
2014;Anual;14.348;16.612;14;1;Justicia;Centro
2015;Anual;21.424;17.066;14;1;Justicia;Centro
2016;Anual;14.705;17.898;14;1;Justicia;Centro
2017;Anual;14.487;17.163;14;1;Justicia;Centro
2018;Anual;14.592;17.702;14;1;Justicia;Centro
2019;Anual;15.060;17.010;14;1;Justicia;Centro
2020;Anual;15.429;17.690;14;1;Justicia;Centro
2021;Anual;14.164;15.366;14;1;Justicia;Centro
2022;Anual;15.765;17.137;14;1;Justicia;Centro
2010;Anual;284;186;203;20;Amposta;San Blas - Canillejas
2011;Anual;253;173;203;20;Amposta;San Blas - Canillejas
2012;Anual;223;170;203;20;Amposta;San Blas - Canillejas
2013;Anual;214;184;203;20;Amposta;San Blas - Canillejas
2014;Anual;208;200;203;20;Amposta;San Blas - Canillejas
2015;Anual;233;251;203;20;Amposta;San Blas - Canillejas
2016;Anual;284;288;203;20;Amposta;San Blas - Canillejas
2017;Anual;310;285;203;20;Amposta;San Blas - Canillejas
2018;Anual;289;303;203;20;Amposta;San Blas - Canillejas
2019;Anual;334;306;203;20;Amposta;San Blas - Canillejas
2020;Anual;354;308;203;20;Amposta;San Blas - Canillejas
2021;Anual;372;318;203;20;Amposta;San Blas - Canillejas
2022;Anual;368;314;203;20;Amposta;San Blas - Canillejas
2010;Anual;19.447;27.256;42;4;Goya;Salamanca
2011;Anual;20.010;28.942;42;4;Goya;Salamanca
2012;Anual;20.604;28.759;42;4;Goya;Salamanca
2013;Anual;20.088;29.974;42;4;Goya;Salamanca
2014;Anual;19.581;28.247;42;4;Goya;Salamanca
2015;Anual;20.148;28.729;42;4;Goya;Salamanca
2016;Anual;21.125;29.079;42;4;Goya;Salamanca
2017;Anual;21.868;30.166;42;4;Goya;Salamanca
2018;Anual;22.069;30.166;42;4;Goya;Salamanca
2019;Anual;22.849;31.903;42;4;Goya;Salamanca
2020;Anual;22.093;31.583;42;4;Goya;Salamanca
2021;Anual;21.057;29.271;42;4;Goya;Salamanca
2022;Anual;24.102;34.220;42;4;Goya;Salamanca
2010;Anual;901;1.064;204;20;Arcos;San Blas - Canillejas
2011;Anual;977;1.247;204;20;Arcos;San Blas - Canillejas
2012;Anual;888;1.187;204;20;Arcos;San Blas - Canillejas
2013;Anual;959;1.158;204;20;Arcos;San Blas - Canillejas
2014;Anual;986;1.113;204;20;Arcos;San Blas - Canillejas
2015;Anual;1.036;1.154;204;20;Arcos;San Blas - Canillejas
2016;Anual;1.102;1.191;204;20;Arcos;San Blas - Canillejas
2017;Anual;1.254;1.215;204;20;Arcos;San Blas - Canillejas
2018;Anual;1.279;1.236;204;20;Arcos;San Blas - Canillejas
2019;Anual;1.444;1.296;204;20;Arcos;San Blas - Canillejas
2020;Anual;1.370;1.230;204;20;Arcos;San Blas - Canillejas
2021;Anual;1.403;1.187;204;20;Arcos;San Blas - Canillejas
2022;Anual;1.306;1.228;204;20;Arcos;San Blas - Canillejas
2010;Anual;9.038;8.423;11;1;Palacio;Centro
2011;Anual;8.956;8.734;11;1;Palacio;Centro
2012;Anual;7.478;7.528;11;1;Palacio;Centro
2013;Anual;7.142;7.818;11;1;Palacio;Centro
2014;Anual;7.207;7.810;11;1;Palacio;Centro
2015;Anual;7.655;7.786;11;1;Palacio;Centro
2016;Anual;8.085;7.933;11;1;Palacio;Centro
2017;Anual;7.330;7.115;11;1;Palacio;Centro
2018;Anual;7.172;7.148;11;1;Palacio;Centro
2019;Anual;8.613;10.420;11;1;Palacio;Centro
2020;Anual;8.907;10.829;11;1;Palacio;Centro
2021;Anual;7.838;9.705;11;1;Palacio;Centro
2022;Anual;7.586;7.812;11;1;Palacio;Centro
2010;Anual;5.689;10.977;34;3;Ibiza;Retiro
2011;Anual;6.011;11.617;34;3;Ibiza;Retiro
2012;Anual;6.234;12.421;34;3;Ibiza;Retiro
2013;Anual;5.416;11.914;34;3;Ibiza;Retiro
2014;Anual;5.394;10.947;34;3;Ibiza;Retiro
2015;Anual;5.635;11.294;34;3;Ibiza;Retiro
2016;Anual;5.628;11.584;34;3;Ibiza;Retiro
2017;Anual;5.832;11.739;34;3;Ibiza;Retiro
2018;Anual;5.646;11.599;34;3;Ibiza;Retiro
2019;Anual;6.035;12.195;34;3;Ibiza;Retiro
2020;Anual;5.967;12.002;34;3;Ibiza;Retiro
2021;Anual;5.962;12.330;34;3;Ibiza;Retiro
2022;Anual;6.324;12.758;34;3;Ibiza;Retiro
2010;Anual;5.180;5.068;35;3;Los Jerónimos;Retiro
2011;Anual;5.226;5.094;35;3;Los Jerónimos;Retiro
2012;Anual;5.999;4.945;35;3;Los Jerónimos;Retiro
2013;Anual;5.840;5.629;35;3;Los Jerónimos;Retiro
2014;Anual;5.920;5.545;35;3;Los Jerónimos;Retiro
2015;Anual;6.592;5.958;35;3;Los Jerónimos;Retiro
2016;Anual;5.222;5.871;35;3;Los Jerónimos;Retiro
2017;Anual;5.356;5.964;35;3;Los Jerónimos;Retiro
2018;Anual;5.369;6.018;35;3;Los Jerónimos;Retiro
2019;Anual;5.803;6.542;35;3;Los Jerónimos;Retiro
2020;Anual;6.529;7.153;35;3;Los Jerónimos;Retiro
2021;Anual;6.465;6.623;35;3;Los Jerónimos;Retiro
2022;Anual;7.126;7.816;35;3;Los Jerónimos;Retiro
2010;Anual;3.772;3.639;33;3;Estrella;Retiro
2011;Anual;5.013;4.224;33;3;Estrella;Retiro
2012;Anual;4.643;3.849;33;3;Estrella;Retiro
2013;Anual;4.756;5.458;33;3;Estrella;Retiro
2014;Anual;6.322;5.820;33;3;Estrella;Retiro
2015;Anual;6.346;5.986;33;3;Estrella;Retiro
2016;Anual;6.520;6.143;33;3;Estrella;Retiro
2017;Anual;7.428;6.397;33;3;Estrella;Retiro
2018;Anual;6.516;6.412;33;3;Estrella;Retiro
2019;Anual;7.375;7.830;33;3;Estrella;Retiro
2020;Anual;7.466;8.169;33;3;Estrella;Retiro
2021;Anual;7.117;7.758;33;3;Estrella;Retiro
2022;Anual;5.455;7.542;33;3;Estrella;Retiro
2010;Anual;16.024;20.681;16;1;Sol;Centro
2011;Anual;15.827;20.406;16;1;Sol;Centro
2012;Anual;10.985;15.024;16;1;Sol;Centro
2013;Anual;10.724;13.021;16;1;Sol;Centro
2014;Anual;10.570;12.772;16;1;Sol;Centro
2015;Anual;10.754;12.868;16;1;Sol;Centro
2016;Anual;11.497;13.619;16;1;Sol;Centro
2017;Anual;11.434;13.430;16;1;Sol;Centro
2018;Anual;11.604;13.550;16;1;Sol;Centro
2019;Anual;12.226;14.206;16;1;Sol;Centro
2020;Anual;12.403;14.610;16;1;Sol;Centro
2021;Anual;10.966;12.467;16;1;Sol;Centro
2022;Anual;11.514;12.832;16;1;Sol;Centro
2010;Anual;16.240;16.477;13;1;Cortes;Centro
2011;Anual;16.729;16.919;13;1;Cortes;Centro
2012;Anual;16.831;16.375;13;1;Cortes;Centro
2013;Anual;16.525;15.908;13;1;Cortes;Centro
2014;Anual;15.885;15.374;13;1;Cortes;Centro
2015;Anual;10.452;11.192;13;1;Cortes;Centro
2016;Anual;10.681;11.512;13;1;Cortes;Centro
2017;Anual;11.089;11.991;13;1;Cortes;Centro
2018;Anual;11.312;12.479;13;1;Cortes;Centro
2019;Anual;12.082;13.167;13;1;Cortes;Centro
2020;Anual;12.278;13.072;13;1;Cortes;Centro
2021;Anual;11.435;12.332;13;1;Cortes;Centro
2022;Anual;12.124;13.542;13;1;Cortes;Centro
2010;Anual;907;623;144;14;Media Legua;Moratalaz
2011;Anual;984;639;144;14;Media Legua;Moratalaz
2012;Anual;944;594;144;14;Media Legua;Moratalaz
2013;Anual;962;988;144;14;Media Legua;Moratalaz
2014;Anual;903;963;144;14;Media Legua;Moratalaz
2015;Anual;1.022;1.019;144;14;Media Legua;Moratalaz
2016;Anual;1.063;1.074;144;14;Media Legua;Moratalaz
2017;Anual;1.086;1.084;144;14;Media Legua;Moratalaz
2018;Anual;1.250;1.171;144;14;Media Legua;Moratalaz
2019;Anual;1.181;1.131;144;14;Media Legua;Moratalaz
2020;Anual;1.222;1.217;144;14;Media Legua;Moratalaz
2021;Anual;1.198;1.148;144;14;Media Legua;Moratalaz
2022;Anual;1.160;1.184;144;14;Media Legua;Moratalaz
2010;Anual;3.342;2.392;102;10;Puerta del Ángel;Latina
2011;Anual;3.347;2.340;102;10;Puerta del Ángel;Latina
2012;Anual;3.033;2.328;102;10;Puerta del Ángel;Latina
2013;Anual;2.826;2.889;102;10;Puerta del Ángel;Latina
2014;Anual;3.634;2.716;102;10;Puerta del Ángel;Latina
2015;Anual;3.500;2.666;102;10;Puerta del Ángel;Latina
2016;Anual;3.502;2.704;102;10;Puerta del Ángel;Latina
2017;Anual;3.813;2.864;102;10;Puerta del Ángel;Latina
2018;Anual;3.743;2.807;102;10;Puerta del Ángel;Latina
2019;Anual;4.173;3.072;102;10;Puerta del Ángel;Latina
2020;Anual;4.278;3.146;102;10;Puerta del Ángel;Latina
2021;Anual;3.899;2.982;102;10;Puerta del Ángel;Latina
2022;Anual;4.111;3.223;102;10;Puerta del Ángel;Latina
2010;Anual;3.725;2.549;36;3;Niño Jesús;Retiro
2011;Anual;3.984;3.630;36;3;Niño Jesús;Retiro
2012;Anual;3.921;3.506;36;3;Niño Jesús;Retiro
2013;Anual;3.640;5.059;36;3;Niño Jesús;Retiro
2014;Anual;3.724;5.273;36;3;Niño Jesús;Retiro
2015;Anual;3.547;5.194;36;3;Niño Jesús;Retiro
2016;Anual;3.220;5.125;36;3;Niño Jesús;Retiro
2017;Anual;2.372;4.512;36;3;Niño Jesús;Retiro
2018;Anual;2.223;4.507;36;3;Niño Jesús;Retiro
2019;Anual;2.448;4.792;36;3;Niño Jesús;Retiro
2020;Anual;2.590;4.946;36;3;Niño Jesús;Retiro
2021;Anual;2.985;4.942;36;3;Niño Jesús;Retiro
2022;Anual;3.257;5.218;36;3;Niño Jesús;Retiro
2010;Anual;1.756;1.283;143;14;Marroquina;Moratalaz
2011;Anual;1.627;1.356;143;14;Marroquina;Moratalaz
2012;Anual;1.544;1.311;143;14;Marroquina;Moratalaz
2013;Anual;1.545;2.051;143;14;Marroquina;Moratalaz
2014;Anual;1.558;2.106;143;14;Marroquina;Moratalaz
2015;Anual;1.826;2.416;143;14;Marroquina;Moratalaz
2016;Anual;1.921;2.437;143;14;Marroquina;Moratalaz
2017;Anual;1.970;2.508;143;14;Marroquina;Moratalaz
2018;Anual;1.894;2.445;143;14;Marroquina;Moratalaz
2019;Anual;2.121;2.571;143;14;Marroquina;Moratalaz
2020;Anual;2.105;2.542;143;14;Marroquina;Moratalaz
2021;Anual;1.896;2.412;143;14;Marroquina;Moratalaz
2022;Anual;1.922;2.475;143;14;Marroquina;Moratalaz
2010;Anual;5.463;4.770;12;1;Embajadores;Centro
2011;Anual;5.741;4.960;12;1;Embajadores;Centro
2012;Anual;5.292;4.901;12;1;Embajadores;Centro
2013;Anual;5.272;5.495;12;1;Embajadores;Centro
2014;Anual;5.575;5.624;12;1;Embajadores;Centro
2015;Anual;5.704;5.955;12;1;Embajadores;Centro
2016;Anual;5.906;6.040;12;1;Embajadores;Centro
2017;Anual;6.303;6.397;12;1;Embajadores;Centro
2018;Anual;5.837;6.306;12;1;Embajadores;Centro
2019;Anual;6.633;6.823;12;1;Embajadores;Centro
2020;Anual;6.782;6.958;12;1;Embajadores;Centro
2021;Anual;6.085;6.354;12;1;Embajadores;Centro
2022;Anual;7.094;7.052;12;1;Embajadores;Centro
2010;Anual;3.185;3.443;21;2;Imperial;Arganzuela
2011;Anual;3.085;3.327;21;2;Imperial;Arganzuela
2012;Anual;3.552;3.400;21;2;Imperial;Arganzuela
2013;Anual;3.039;2.753;21;2;Imperial;Arganzuela
2014;Anual;3.302;3.401;21;2;Imperial;Arganzuela
2015;Anual;4.014;3.756;21;2;Imperial;Arganzuela
2016;Anual;3.588;3.756;21;2;Imperial;Arganzuela
2017;Anual;3.238;3.914;21;2;Imperial;Arganzuela
2018;Anual;3.465;4.802;21;2;Imperial;Arganzuela
2019;Anual;3.732;5.165;21;2;Imperial;Arganzuela
2020;Anual;3.195;5.057;21;2;Imperial;Arganzuela
2021;Anual;3.137;4.880;21;2;Imperial;Arganzuela
2022;Anual;3.252;4.907;21;2;Imperial;Arganzuela
2010;Anual;305;131;142;14;Horcajo;Moratalaz
2011;Anual;339;126;142;14;Horcajo;Moratalaz
2012;Anual;294;116;142;14;Horcajo;Moratalaz
2013;Anual;283;270;142;14;Horcajo;Moratalaz
2014;Anual;283;283;142;14;Horcajo;Moratalaz
2015;Anual;299;316;142;14;Horcajo;Moratalaz
2016;Anual;325;365;142;14;Horcajo;Moratalaz
2017;Anual;337;339;142;14;Horcajo;Moratalaz
2018;Anual;279;334;142;14;Horcajo;Moratalaz
2019;Anual;355;353;142;14;Horcajo;Moratalaz
2020;Anual;360;375;142;14;Horcajo;Moratalaz
2021;Anual;319;329;142;14;Horcajo;Moratalaz
2022;Anual;333;334;142;14;Horcajo;Moratalaz
2010;Anual;2.161;1.542;103;10;Lucero;Latina
2011;Anual;2.073;1.547;103;10;Lucero;Latina
2012;Anual;1.951;1.438;103;10;Lucero;Latina
2013;Anual;1.856;1.855;103;10;Lucero;Latina
2014;Anual;1.871;1.871;103;10;Lucero;Latina
2015;Anual;1.855;1.875;103;10;Lucero;Latina
2016;Anual;1.934;1.845;103;10;Lucero;Latina
2017;Anual;2.016;1.807;103;10;Lucero;Latina
2018;Anual;1.823;1.811;103;10;Lucero;Latina
2019;Anual;2.108;2.013;103;10;Lucero;Latina
2020;Anual;2.114;2.097;103;10;Lucero;Latina
2021;Anual;2.141;2.016;103;10;Lucero;Latina
2022;Anual;2.192;2.118;103;10;Lucero;Latina
2010;Anual;743;510;146;14;Vinateros;Moratalaz
2011;Anual;711;541;146;14;Vinateros;Moratalaz
2012;Anual;570;536;146;14;Vinateros;Moratalaz
2013;Anual;562;759;146;14;Vinateros;Moratalaz
2014;Anual;681;1.016;146;14;Vinateros;Moratalaz
2015;Anual;730;1.064;146;14;Vinateros;Moratalaz
2016;Anual;751;1.127;146;14;Vinateros;Moratalaz
2017;Anual;794;1.123;146;14;Vinateros;Moratalaz
2018;Anual;791;1.170;146;14;Vinateros;Moratalaz
2019;Anual;838;1.182;146;14;Vinateros;Moratalaz
2020;Anual;821;1.255;146;14;Vinateros;Moratalaz
2021;Anual;831;1.209;146;14;Vinateros;Moratalaz
2022;Anual;835;1.259;146;14;Vinateros;Moratalaz
2010;Anual;784;701;101;10;Los Cármenes;Latina
2011;Anual;786;647;101;10;Los Cármenes;Latina
2012;Anual;688;633;101;10;Los Cármenes;Latina
2013;Anual;699;814;101;10;Los Cármenes;Latina
2014;Anual;666;880;101;10;Los Cármenes;Latina
2015;Anual;722;854;101;10;Los Cármenes;Latina
2016;Anual;769;865;101;10;Los Cármenes;Latina
2017;Anual;834;922;101;10;Los Cármenes;Latina
2018;Anual;793;859;101;10;Los Cármenes;Latina
2019;Anual;872;945;101;10;Los Cármenes;Latina
2020;Anual;882;910;101;10;Los Cármenes;Latina
2021;Anual;874;918;101;10;Los Cármenes;Latina
2022;Anual;974;1.038;101;10;Los Cármenes;Latina
2010;Anual;5.367;4.410;27;2;Atocha;Arganzuela
2011;Anual;5.115;4.150;27;2;Atocha;Arganzuela
2012;Anual;5.284;4.217;27;2;Atocha;Arganzuela
2013;Anual;4.397;3.187;27;2;Atocha;Arganzuela
2014;Anual;6.374;3.733;27;2;Atocha;Arganzuela
2015;Anual;6.431;4.186;27;2;Atocha;Arganzuela
2016;Anual;5.758;4.608;27;2;Atocha;Arganzuela
2017;Anual;5.606;5.054;27;2;Atocha;Arganzuela
2018;Anual;5.626;5.010;27;2;Atocha;Arganzuela
2019;Anual;5.362;4.785;27;2;Atocha;Arganzuela
2020;Anual;5.515;5.231;27;2;Atocha;Arganzuela
2021;Anual;4.074;4.219;27;2;Atocha;Arganzuela
2022;Anual;4.107;3.960;27;2;Atocha;Arganzuela
2010;Anual;565;433;145;14;Fontarrón;Moratalaz
2011;Anual;579;415;145;14;Fontarrón;Moratalaz
2012;Anual;547;374;145;14;Fontarrón;Moratalaz
2013;Anual;569;553;145;14;Fontarrón;Moratalaz
2014;Anual;583;576;145;14;Fontarrón;Moratalaz
2015;Anual;609;548;145;14;Fontarrón;Moratalaz
2016;Anual;641;570;145;14;Fontarrón;Moratalaz
2017;Anual;653;626;145;14;Fontarrón;Moratalaz
2018;Anual;668;570;145;14;Fontarrón;Moratalaz
2019;Anual;766;666;145;14;Fontarrón;Moratalaz
2020;Anual;833;647;145;14;Fontarrón;Moratalaz
2021;Anual;816;627;145;14;Fontarrón;Moratalaz
2022;Anual;835;661;145;14;Fontarrón;Moratalaz
2010;Anual;4.588;4.599;26;2;Palos de la Frontera;Arganzuela
2011;Anual;4.461;4.633;26;2;Palos de la Frontera;Arganzuela
2012;Anual;4.226;4.189;26;2;Palos de la Frontera;Arganzuela
2013;Anual;4.251;4.989;26;2;Palos de la Frontera;Arganzuela
2014;Anual;4.225;4.953;26;2;Palos de la Frontera;Arganzuela
2015;Anual;4.367;5.145;26;2;Palos de la Frontera;Arganzuela
2016;Anual;4.809;5.570;26;2;Palos de la Frontera;Arganzuela
2017;Anual;4.787;5.937;26;2;Palos de la Frontera;Arganzuela
2018;Anual;4.558;5.775;26;2;Palos de la Frontera;Arganzuela
2019;Anual;4.982;6.283;26;2;Palos de la Frontera;Arganzuela
2020;Anual;4.797;5.600;26;2;Palos de la Frontera;Arganzuela
2021;Anual;4.744;5.372;26;2;Palos de la Frontera;Arganzuela
2022;Anual;5.248;5.920;26;2;Palos de la Frontera;Arganzuela
2010;Anual;9.729;4.672;31;3;Pacífico;Retiro
2011;Anual;9.704;4.773;31;3;Pacífico;Retiro
2012;Anual;10.137;4.948;31;3;Pacífico;Retiro
2013;Anual;10.172;6.138;31;3;Pacífico;Retiro
2014;Anual;9.473;5.932;31;3;Pacífico;Retiro
2015;Anual;11.851;6.514;31;3;Pacífico;Retiro
2016;Anual;11.774;6.606;31;3;Pacífico;Retiro
2017;Anual;11.977;6.944;31;3;Pacífico;Retiro
2018;Anual;11.976;6.869;31;3;Pacífico;Retiro
2019;Anual;12.573;7.399;31;3;Pacífico;Retiro
2020;Anual;12.901;7.723;31;3;Pacífico;Retiro
2021;Anual;12.661;7.600;31;3;Pacífico;Retiro
2022;Anual;12.685;7.609;31;3;Pacífico;Retiro
2010;Anual;4.318;3.915;22;2;Acacias;Arganzuela
2011;Anual;4.389;3.812;22;2;Acacias;Arganzuela
2012;Anual;3.375;3.378;22;2;Acacias;Arganzuela
2013;Anual;3.209;4.294;22;2;Acacias;Arganzuela
2014;Anual;3.181;4.133;22;2;Acacias;Arganzuela
2015;Anual;3.195;4.406;22;2;Acacias;Arganzuela
2016;Anual;3.392;4.463;22;2;Acacias;Arganzuela
2017;Anual;3.138;4.631;22;2;Acacias;Arganzuela
2018;Anual;3.270;4.901;22;2;Acacias;Arganzuela
2019;Anual;3.646;5.238;22;2;Acacias;Arganzuela
2020;Anual;3.685;5.275;22;2;Acacias;Arganzuela
2021;Anual;3.636;4.985;22;2;Acacias;Arganzuela
2022;Anual;3.619;5.196;22;2;Acacias;Arganzuela
2010;Anual;16.197;4.079;32;3;Adelfas;Retiro
2011;Anual;16.308;4.294;32;3;Adelfas;Retiro
2012;Anual;17.052;4.590;32;3;Adelfas;Retiro
2013;Anual;16.539;4.830;32;3;Adelfas;Retiro
2014;Anual;15.465;4.609;32;3;Adelfas;Retiro
2015;Anual;15.880;4.584;32;3;Adelfas;Retiro
2016;Anual;17.192;6.061;32;3;Adelfas;Retiro
2017;Anual;17.759;6.256;32;3;Adelfas;Retiro
2018;Anual;18.841;7.099;32;3;Adelfas;Retiro
2019;Anual;18.552;6.647;32;3;Adelfas;Retiro
2020;Anual;19.417;7.121;32;3;Adelfas;Retiro
2021;Anual;18.542;6.523;32;3;Adelfas;Retiro
2022;Anual;19.311;7.131;32;3;Adelfas;Retiro
2010;Anual;3.780;2.351;136;13;Numancia;Puente de Vallecas
2011;Anual;3.626;2.371;136;13;Numancia;Puente de Vallecas
2012;Anual;3.290;2.268;136;13;Numancia;Puente de Vallecas
2013;Anual;3.187;2.694;136;13;Numancia;Puente de Vallecas
2014;Anual;2.885;2.520;136;13;Numancia;Puente de Vallecas
2015;Anual;3.004;2.681;136;13;Numancia;Puente de Vallecas
2016;Anual;3.008;2.700;136;13;Numancia;Puente de Vallecas
2017;Anual;3.233;3.018;136;13;Numancia;Puente de Vallecas
2018;Anual;3.414;3.258;136;13;Numancia;Puente de Vallecas
2019;Anual;3.512;3.963;136;13;Numancia;Puente de Vallecas
2020;Anual;3.512;4.230;136;13;Numancia;Puente de Vallecas
2021;Anual;3.437;3.612;136;13;Numancia;Puente de Vallecas
2022;Anual;3.477;3.651;136;13;Numancia;Puente de Vallecas
2017;Anual;0;0;192;19;Valdebernardo;Vicálvaro
2018;Anual;907;970;192;19;Valdebernardo;Vicálvaro
2019;Anual;1.108;1.182;192;19;Valdebernardo;Vicálvaro
2020;Anual;1.059;1.167;192;19;Valdebernardo;Vicálvaro
2021;Anual;1.091;1.145;192;19;Valdebernardo;Vicálvaro
2022;Anual;1.196;1.234;192;19;Valdebernardo;Vicálvaro
2010;Anual;3.597;3.014;113;11;San Isidro;Carabanchel
2011;Anual;3.490;3.197;113;11;San Isidro;Carabanchel
2012;Anual;3.268;3.031;113;11;San Isidro;Carabanchel
2013;Anual;2.914;2.788;113;11;San Isidro;Carabanchel
2014;Anual;3.033;2.192;113;11;San Isidro;Carabanchel
2015;Anual;3.100;2.276;113;11;San Isidro;Carabanchel
2016;Anual;3.105;2.348;113;11;San Isidro;Carabanchel
2017;Anual;3.196;2.421;113;11;San Isidro;Carabanchel
2018;Anual;3.009;2.260;113;11;San Isidro;Carabanchel
2019;Anual;3.754;2.477;113;11;San Isidro;Carabanchel
2020;Anual;3.749;2.613;113;11;San Isidro;Carabanchel
2021;Anual;3.641;2.593;113;11;San Isidro;Carabanchel
2022;Anual;3.343;2.443;113;11;San Isidro;Carabanchel
2017;Anual;0;0;193;19;Valderrivas;Vicálvaro
2018;Anual;433;515;193;19;Valderrivas;Vicálvaro
2019;Anual;515;530;193;19;Valderrivas;Vicálvaro
2020;Anual;506;558;193;19;Valderrivas;Vicálvaro
2021;Anual;471;510;193;19;Valderrivas;Vicálvaro
2022;Anual;566;561;193;19;Valderrivas;Vicálvaro
2010;Anual;325;494;141;14;Pavones;Moratalaz
2011;Anual;358;547;141;14;Pavones;Moratalaz
2012;Anual;361;527;141;14;Pavones;Moratalaz
2013;Anual;379;649;141;14;Pavones;Moratalaz
2014;Anual;405;757;141;14;Pavones;Moratalaz
2015;Anual;404;864;141;14;Pavones;Moratalaz
2016;Anual;416;914;141;14;Pavones;Moratalaz
2017;Anual;429;922;141;14;Pavones;Moratalaz
2018;Anual;420;897;141;14;Pavones;Moratalaz
2019;Anual;427;964;141;14;Pavones;Moratalaz
2020;Anual;500;1.010;141;14;Pavones;Moratalaz
2021;Anual;478;970;141;14;Pavones;Moratalaz
2022;Anual;486;1.031;141;14;Pavones;Moratalaz
2010;Anual;3.626;2.879;104;10;Aluche;Latina
2011;Anual;3.638;2.993;104;10;Aluche;Latina
2012;Anual;3.317;2.879;104;10;Aluche;Latina
2013;Anual;3.327;3.420;104;10;Aluche;Latina
2014;Anual;3.444;3.425;104;10;Aluche;Latina
2015;Anual;3.522;3.622;104;10;Aluche;Latina
2016;Anual;3.576;3.732;104;10;Aluche;Latina
2017;Anual;3.774;3.931;104;10;Aluche;Latina
2018;Anual;3.671;3.926;104;10;Aluche;Latina
2019;Anual;4.437;4.319;104;10;Aluche;Latina
2020;Anual;4.269;4.389;104;10;Aluche;Latina
2021;Anual;3.961;4.025;104;10;Aluche;Latina
2022;Anual;4.298;4.812;104;10;Aluche;Latina
2010;Anual;20.611;14.343;25;2;Delicias;Arganzuela
2011;Anual;19.869;13.332;25;2;Delicias;Arganzuela
2012;Anual;19.414;12.645;25;2;Delicias;Arganzuela
2013;Anual;21.655;15.047;25;2;Delicias;Arganzuela
2014;Anual;21.589;14.729;25;2;Delicias;Arganzuela
2015;Anual;21.658;15.054;25;2;Delicias;Arganzuela
2016;Anual;21.217;15.024;25;2;Delicias;Arganzuela
2017;Anual;20.939;15.086;25;2;Delicias;Arganzuela
2018;Anual;19.767;14.937;25;2;Delicias;Arganzuela
2019;Anual;20.486;16.095;25;2;Delicias;Arganzuela
2020;Anual;20.443;16.198;25;2;Delicias;Arganzuela
2021;Anual;20.942;16.975;25;2;Delicias;Arganzuela
2022;Anual;21.404;17.355;25;2;Delicias;Arganzuela
2010;Anual;1.480;1.294;23;2;Chopera;Arganzuela
2011;Anual;1.463;1.365;23;2;Chopera;Arganzuela
2012;Anual;1.396;1.286;23;2;Chopera;Arganzuela
2013;Anual;1.398;1.516;23;2;Chopera;Arganzuela
2014;Anual;1.370;1.497;23;2;Chopera;Arganzuela
2015;Anual;1.455;1.582;23;2;Chopera;Arganzuela
2016;Anual;1.498;1.677;23;2;Chopera;Arganzuela
2017;Anual;1.527;1.736;23;2;Chopera;Arganzuela
2018;Anual;1.474;1.644;23;2;Chopera;Arganzuela
2019;Anual;1.684;1.817;23;2;Chopera;Arganzuela
2020;Anual;1.759;1.930;23;2;Chopera;Arganzuela
2021;Anual;1.634;1.841;23;2;Chopera;Arganzuela
2022;Anual;1.663;2.142;23;2;Chopera;Arganzuela
2010;Anual;934;678;105;10;Campamento;Latina
2011;Anual;927;636;105;10;Campamento;Latina
2012;Anual;781;578;105;10;Campamento;Latina
2013;Anual;790;789;105;10;Campamento;Latina
2014;Anual;818;889;105;10;Campamento;Latina
2015;Anual;834;888;105;10;Campamento;Latina
2016;Anual;841;859;105;10;Campamento;Latina
2017;Anual;906;646;105;10;Campamento;Latina
2018;Anual;805;636;105;10;Campamento;Latina
2019;Anual;932;689;105;10;Campamento;Latina
2020;Anual;973;720;105;10;Campamento;Latina
2021;Anual;941;681;105;10;Campamento;Latina
2022;Anual;976;741;105;10;Campamento;Latina
2010;Anual;1.966;1.188;111;11;Comillas;Carabanchel
2011;Anual;1.966;1.305;111;11;Comillas;Carabanchel
2012;Anual;1.686;1.260;111;11;Comillas;Carabanchel
2013;Anual;1.580;1.531;111;11;Comillas;Carabanchel
2014;Anual;1.510;1.384;111;11;Comillas;Carabanchel
2015;Anual;1.528;1.424;111;11;Comillas;Carabanchel
2016;Anual;1.648;1.410;111;11;Comillas;Carabanchel
2017;Anual;1.708;1.555;111;11;Comillas;Carabanchel
2018;Anual;1.515;1.410;111;11;Comillas;Carabanchel
2019;Anual;1.786;1.547;111;11;Comillas;Carabanchel
2020;Anual;1.836;1.501;111;11;Comillas;Carabanchel
2021;Anual;1.749;1.367;111;11;Comillas;Carabanchel
2022;Anual;1.845;1.579;111;11;Comillas;Carabanchel
2010;Anual;1.622;1.147;135;13;Portazgo;Puente de Vallecas
2011;Anual;1.662;1.239;135;13;Portazgo;Puente de Vallecas
2012;Anual;1.403;1.106;135;13;Portazgo;Puente de Vallecas
2013;Anual;1.368;1.169;135;13;Portazgo;Puente de Vallecas
2014;Anual;1.364;1.131;135;13;Portazgo;Puente de Vallecas
2015;Anual;1.349;1.115;135;13;Portazgo;Puente de Vallecas
2016;Anual;1.360;1.110;135;13;Portazgo;Puente de Vallecas
2017;Anual;1.545;1.179;135;13;Portazgo;Puente de Vallecas
2018;Anual;1.572;1.242;135;13;Portazgo;Puente de Vallecas
2019;Anual;1.677;1.393;135;13;Portazgo;Puente de Vallecas
2020;Anual;1.658;1.398;135;13;Portazgo;Puente de Vallecas
2021;Anual;1.682;1.396;135;13;Portazgo;Puente de Vallecas
2022;Anual;1.718;1.448;135;13;Portazgo;Puente de Vallecas
2010;Anual;3.603;2.879;132;13;San Diego;Puente de Vallecas
2011;Anual;3.583;2.862;132;13;San Diego;Puente de Vallecas
2012;Anual;3.300;2.723;132;13;San Diego;Puente de Vallecas
2013;Anual;3.363;2.962;132;13;San Diego;Puente de Vallecas
2014;Anual;3.294;3.041;132;13;San Diego;Puente de Vallecas
2015;Anual;3.349;3.034;132;13;San Diego;Puente de Vallecas
2016;Anual;3.279;3.002;132;13;San Diego;Puente de Vallecas
2017;Anual;3.324;3.014;132;13;San Diego;Puente de Vallecas
2018;Anual;3.240;2.940;132;13;San Diego;Puente de Vallecas
2019;Anual;4.015;3.526;132;13;San Diego;Puente de Vallecas
2020;Anual;4.033;3.548;132;13;San Diego;Puente de Vallecas
2021;Anual;3.896;3.352;132;13;San Diego;Puente de Vallecas
2022;Anual;3.954;3.427;132;13;San Diego;Puente de Vallecas
2010;Anual;2.718;1.648;112;11;Opañel;Carabanchel
2011;Anual;2.647;1.661;112;11;Opañel;Carabanchel
2012;Anual;2.397;1.456;112;11;Opañel;Carabanchel
2013;Anual;2.335;1.722;112;11;Opañel;Carabanchel
2014;Anual;2.307;1.696;112;11;Opañel;Carabanchel
2015;Anual;2.882;2.022;112;11;Opañel;Carabanchel
2016;Anual;3.105;2.615;112;11;Opañel;Carabanchel
2017;Anual;2.636;2.034;112;11;Opañel;Carabanchel
2018;Anual;2.365;1.908;112;11;Opañel;Carabanchel
2019;Anual;2.753;2.286;112;11;Opañel;Carabanchel
2020;Anual;2.658;2.214;112;11;Opañel;Carabanchel
2021;Anual;2.648;1.954;112;11;Opañel;Carabanchel
2022;Anual;2.652;2.000;112;11;Opañel;Carabanchel
2010;Anual;2.379;2.080;125;12;Moscardó;Usera
2011;Anual;2.314;2.128;125;12;Moscardó;Usera
2012;Anual;2.174;1.992;125;12;Moscardó;Usera
2013;Anual;2.048;2.133;125;12;Moscardó;Usera
2014;Anual;1.959;2.041;125;12;Moscardó;Usera
2015;Anual;2.109;2.276;125;12;Moscardó;Usera
2016;Anual;2.131;2.270;125;12;Moscardó;Usera
2017;Anual;2.165;2.190;125;12;Moscardó;Usera
2018;Anual;2.205;2.599;125;12;Moscardó;Usera
2019;Anual;2.573;2.970;125;12;Moscardó;Usera
2020;Anual;2.518;2.916;125;12;Moscardó;Usera
2021;Anual;2.357;2.688;125;12;Moscardó;Usera
2022;Anual;2.505;2.927;125;12;Moscardó;Usera
2010;Anual;5.379;4.177;24;2;Legazpi;Arganzuela
2011;Anual;5.182;4.262;24;2;Legazpi;Arganzuela
2012;Anual;5.688;4.501;24;2;Legazpi;Arganzuela
2013;Anual;5.623;5.064;24;2;Legazpi;Arganzuela
2014;Anual;5.450;5.214;24;2;Legazpi;Arganzuela
2015;Anual;5.501;5.443;24;2;Legazpi;Arganzuela
2016;Anual;5.558;5.775;24;2;Legazpi;Arganzuela
2017;Anual;5.926;6.560;24;2;Legazpi;Arganzuela
2018;Anual;5.764;6.645;24;2;Legazpi;Arganzuela
2019;Anual;5.780;5.617;24;2;Legazpi;Arganzuela
2020;Anual;5.917;5.696;24;2;Legazpi;Arganzuela
2021;Anual;5.565;5.539;24;2;Legazpi;Arganzuela
2022;Anual;5.766;5.857;24;2;Legazpi;Arganzuela
2010;Anual;2.109;2.055;133;13;Palomeras Bajas;Puente de Vallecas
2011;Anual;2.136;2.138;133;13;Palomeras Bajas;Puente de Vallecas
2012;Anual;1.987;1.985;133;13;Palomeras Bajas;Puente de Vallecas
2013;Anual;1.824;1.951;133;13;Palomeras Bajas;Puente de Vallecas
2014;Anual;1.825;1.981;133;13;Palomeras Bajas;Puente de Vallecas
2015;Anual;1.853;1.888;133;13;Palomeras Bajas;Puente de Vallecas
2016;Anual;1.916;1.930;133;13;Palomeras Bajas;Puente de Vallecas
2017;Anual;1.948;1.887;133;13;Palomeras Bajas;Puente de Vallecas
2018;Anual;2.078;2.033;133;13;Palomeras Bajas;Puente de Vallecas
2019;Anual;2.309;2.171;133;13;Palomeras Bajas;Puente de Vallecas
2020;Anual;2.416;2.198;133;13;Palomeras Bajas;Puente de Vallecas
2021;Anual;2.419;2.104;133;13;Palomeras Bajas;Puente de Vallecas
2022;Anual;2.235;2.112;133;13;Palomeras Bajas;Puente de Vallecas
2010;Anual;3.523;3.270;134;13;Palomeras Sureste;Puente de Vallecas
2011;Anual;3.841;3.500;134;13;Palomeras Sureste;Puente de Vallecas
2012;Anual;3.640;3.522;134;13;Palomeras Sureste;Puente de Vallecas
2013;Anual;3.808;3.513;134;13;Palomeras Sureste;Puente de Vallecas
2014;Anual;3.322;2.220;134;13;Palomeras Sureste;Puente de Vallecas
2015;Anual;3.975;3.337;134;13;Palomeras Sureste;Puente de Vallecas
2016;Anual;3.812;3.443;134;13;Palomeras Sureste;Puente de Vallecas
2017;Anual;3.714;3.312;134;13;Palomeras Sureste;Puente de Vallecas
2018;Anual;3.803;3.679;134;13;Palomeras Sureste;Puente de Vallecas
2019;Anual;4.060;3.802;134;13;Palomeras Sureste;Puente de Vallecas
2020;Anual;4.142;3.885;134;13;Palomeras Sureste;Puente de Vallecas
2021;Anual;3.904;3.738;134;13;Palomeras Sureste;Puente de Vallecas
2022;Anual;4.061;3.954;134;13;Palomeras Sureste;Puente de Vallecas
2010;Anual;2.080;1.850;107;10;Águilas;Latina
2011;Anual;2.223;1.991;107;10;Águilas;Latina
2012;Anual;2.201;2.063;107;10;Águilas;Latina
2013;Anual;2.017;1.913;107;10;Águilas;Latina
2014;Anual;2.094;1.957;107;10;Águilas;Latina
2015;Anual;2.210;2.069;107;10;Águilas;Latina
2016;Anual;2.270;2.111;107;10;Águilas;Latina
2017;Anual;2.360;2.100;107;10;Águilas;Latina
2018;Anual;2.359;2.136;107;10;Águilas;Latina
2019;Anual;2.636;2.244;107;10;Águilas;Latina
2020;Anual;2.580;2.238;107;10;Águilas;Latina
2021;Anual;2.334;2.040;107;10;Águilas;Latina
2022;Anual;2.294;2.084;107;10;Águilas;Latina
2010;Anual;1.997;947;131;13;Entrevías;Puente de Vallecas
2011;Anual;2.337;1.040;131;13;Entrevías;Puente de Vallecas
2012;Anual;2.215;1.069;131;13;Entrevías;Puente de Vallecas
2013;Anual;1.804;1.001;131;13;Entrevías;Puente de Vallecas
2014;Anual;1.858;1.114;131;13;Entrevías;Puente de Vallecas
2015;Anual;2.142;1.174;131;13;Entrevías;Puente de Vallecas
2016;Anual;2.195;1.136;131;13;Entrevías;Puente de Vallecas
2017;Anual;2.415;1.195;131;13;Entrevías;Puente de Vallecas
2018;Anual;2.266;1.125;131;13;Entrevías;Puente de Vallecas
2019;Anual;2.662;1.351;131;13;Entrevías;Puente de Vallecas
2020;Anual;2.550;1.350;131;13;Entrevías;Puente de Vallecas
2021;Anual;2.520;1.334;131;13;Entrevías;Puente de Vallecas
2022;Anual;2.537;1.296;131;13;Entrevías;Puente de Vallecas
2010;Anual;3.556;2.800;114;11;Vista Alegre;Carabanchel
2011;Anual;3.475;2.646;114;11;Vista Alegre;Carabanchel
2012;Anual;3.265;2.663;114;11;Vista Alegre;Carabanchel
2013;Anual;3.077;2.848;114;11;Vista Alegre;Carabanchel
2014;Anual;3.072;2.932;114;11;Vista Alegre;Carabanchel
2015;Anual;3.038;2.968;114;11;Vista Alegre;Carabanchel
2016;Anual;3.078;2.959;114;11;Vista Alegre;Carabanchel
2017;Anual;3.211;2.973;114;11;Vista Alegre;Carabanchel
2018;Anual;3.024;2.885;114;11;Vista Alegre;Carabanchel
2019;Anual;3.523;3.359;114;11;Vista Alegre;Carabanchel
2020;Anual;3.593;3.524;114;11;Vista Alegre;Carabanchel
2021;Anual;3.379;3.304;114;11;Vista Alegre;Carabanchel
2022;Anual;3.547;3.499;114;11;Vista Alegre;Carabanchel
2010;Anual;1.197;872;182;18;Santa Eugenia;Villa de Vallecas
2011;Anual;1.443;965;182;18;Santa Eugenia;Villa de Vallecas
2012;Anual;1.143;894;182;18;Santa Eugenia;Villa de Vallecas
2013;Anual;1.107;1.168;182;18;Santa Eugenia;Villa de Vallecas
2014;Anual;1.059;913;182;18;Santa Eugenia;Villa de Vallecas
2015;Anual;1.081;942;182;18;Santa Eugenia;Villa de Vallecas
2016;Anual;1.091;984;182;18;Santa Eugenia;Villa de Vallecas
2017;Anual;1.123;988;182;18;Santa Eugenia;Villa de Vallecas
2018;Anual;1.868;939;182;18;Santa Eugenia;Villa de Vallecas
2019;Anual;2.149;1.025;182;18;Santa Eugenia;Villa de Vallecas
2020;Anual;2.115;1.046;182;18;Santa Eugenia;Villa de Vallecas
2021;Anual;2.041;1.004;182;18;Santa Eugenia;Villa de Vallecas
2022;Anual;2.077;1.018;182;18;Santa Eugenia;Villa de Vallecas
2010;Anual;3.270;3.801;124;12;Almendrales;Usera
2011;Anual;3.215;3.880;124;12;Almendrales;Usera
2012;Anual;2.989;3.621;124;12;Almendrales;Usera
2013;Anual;3.055;3.700;124;12;Almendrales;Usera
2014;Anual;3.032;3.639;124;12;Almendrales;Usera
2015;Anual;2.962;3.444;124;12;Almendrales;Usera
2016;Anual;2.948;3.249;124;12;Almendrales;Usera
2017;Anual;2.462;3.396;124;12;Almendrales;Usera
2018;Anual;2.474;6.748;124;12;Almendrales;Usera
2019;Anual;2.675;9.320;124;12;Almendrales;Usera
2020;Anual;2.557;9.007;124;12;Almendrales;Usera
2021;Anual;2.462;5.156;124;12;Almendrales;Usera
2022;Anual;2.519;5.120;124;12;Almendrales;Usera
2010;Anual;2.058;1.503;115;11;Puerta Bonita;Carabanchel
2011;Anual;2.000;1.543;115;11;Puerta Bonita;Carabanchel
2012;Anual;1.920;1.455;115;11;Puerta Bonita;Carabanchel
2013;Anual;1.865;1.712;115;11;Puerta Bonita;Carabanchel
2014;Anual;1.763;1.708;115;11;Puerta Bonita;Carabanchel
2015;Anual;1.918;1.844;115;11;Puerta Bonita;Carabanchel
2016;Anual;1.978;1.815;115;11;Puerta Bonita;Carabanchel
2017;Anual;2.004;1.874;115;11;Puerta Bonita;Carabanchel
2018;Anual;1.966;1.921;115;11;Puerta Bonita;Carabanchel
2019;Anual;1.842;1.384;115;11;Puerta Bonita;Carabanchel
2020;Anual;1.900;1.478;115;11;Puerta Bonita;Carabanchel
2021;Anual;1.851;1.433;115;11;Puerta Bonita;Carabanchel
2022;Anual;1.855;1.437;115;11;Puerta Bonita;Carabanchel
2010;Anual;1.655;1.739;117;11;Abrantes;Carabanchel
2011;Anual;1.766;1.785;117;11;Abrantes;Carabanchel
2012;Anual;1.259;834;117;11;Abrantes;Carabanchel
2013;Anual;1.325;1.053;117;11;Abrantes;Carabanchel
2014;Anual;1.357;1.147;117;11;Abrantes;Carabanchel
2015;Anual;1.462;1.151;117;11;Abrantes;Carabanchel
2016;Anual;1.553;1.221;117;11;Abrantes;Carabanchel
2017;Anual;1.660;1.331;117;11;Abrantes;Carabanchel
2018;Anual;1.515;1.246;117;11;Abrantes;Carabanchel
2019;Anual;1.990;1.499;117;11;Abrantes;Carabanchel
2020;Anual;1.995;1.496;117;11;Abrantes;Carabanchel
2021;Anual;1.948;1.448;117;11;Abrantes;Carabanchel
2022;Anual;1.905;1.518;117;11;Abrantes;Carabanchel
2010;Anual;1.489;1.096;127;12;Pradolongo;Usera
2011;Anual;1.316;1.062;127;12;Pradolongo;Usera
2012;Anual;1.149;1.022;127;12;Pradolongo;Usera
2013;Anual;1.201;1.117;127;12;Pradolongo;Usera
2014;Anual;1.274;1.143;127;12;Pradolongo;Usera
2015;Anual;1.309;1.181;127;12;Pradolongo;Usera
2016;Anual;1.333;1.276;127;12;Pradolongo;Usera
2017;Anual;1.442;1.358;127;12;Pradolongo;Usera
2018;Anual;1.438;1.239;127;12;Pradolongo;Usera
2019;Anual;1.535;1.380;127;12;Pradolongo;Usera
2020;Anual;1.509;1.391;127;12;Pradolongo;Usera
2021;Anual;1.311;1.266;127;12;Pradolongo;Usera
2022;Anual;1.376;1.297;127;12;Pradolongo;Usera
2010;Anual;723;356;126;12;Zofío;Usera
2011;Anual;864;414;126;12;Zofío;Usera
2012;Anual;785;415;126;12;Zofío;Usera
2013;Anual;720;457;126;12;Zofío;Usera
2014;Anual;734;463;126;12;Zofío;Usera
2015;Anual;716;492;126;12;Zofío;Usera
2016;Anual;741;511;126;12;Zofío;Usera
2017;Anual;787;517;126;12;Zofío;Usera
2018;Anual;751;532;126;12;Zofío;Usera
2019;Anual;1.001;577;126;12;Zofío;Usera
2020;Anual;1.038;640;126;12;Zofío;Usera
2021;Anual;1.000;575;126;12;Zofío;Usera
2022;Anual;890;557;126;12;Zofío;Usera
2010;Anual;1.399;717;122;12;Orcasur;Usera
2011;Anual;1.350;695;122;12;Orcasur;Usera
2012;Anual;1.336;745;122;12;Orcasur;Usera
2013;Anual;1.347;1.009;122;12;Orcasur;Usera
2014;Anual;1.076;919;122;12;Orcasur;Usera
2015;Anual;1.178;999;122;12;Orcasur;Usera
2016;Anual;1.325;1.060;122;12;Orcasur;Usera
2017;Anual;1.352;1.027;122;12;Orcasur;Usera
2018;Anual;1.393;1.186;122;12;Orcasur;Usera
2019;Anual;1.500;1.272;122;12;Orcasur;Usera
2020;Anual;1.631;1.331;122;12;Orcasur;Usera
2021;Anual;1.674;1.534;122;12;Orcasur;Usera
2022;Anual;1.740;1.570;122;12;Orcasur;Usera
2010;Anual;7.691;4.945;181;18;Casco Histórico de Vallecas;Villa de Vallecas
2011;Anual;7.825;5.055;181;18;Casco Histórico de Vallecas;Villa de Vallecas
2012;Anual;7.819;4.991;181;18;Casco Histórico de Vallecas;Villa de Vallecas
2013;Anual;10.966;7.189;181;18;Casco Histórico de Vallecas;Villa de Vallecas
2014;Anual;11.671;7.234;181;18;Casco Histórico de Vallecas;Villa de Vallecas
2015;Anual;14.093;8.255;181;18;Casco Histórico de Vallecas;Villa de Vallecas
2016;Anual;17.411;8.401;181;18;Casco Histórico de Vallecas;Villa de Vallecas
2017;Anual;17.760;8.814;181;18;Casco Histórico de Vallecas;Villa de Vallecas
2018;Anual;13.831;5.854;181;18;Casco Histórico de Vallecas;Villa de Vallecas
2019;Anual;16.287;6.466;181;18;Casco Histórico de Vallecas;Villa de Vallecas
2020;Anual;16.302;6.876;181;18;Casco Histórico de Vallecas;Villa de Vallecas
2021;Anual;17.622;7.162;181;18;Casco Histórico de Vallecas;Villa de Vallecas
2022;Anual;19.794;8.090;181;18;Casco Histórico de Vallecas;Villa de Vallecas
2010;Anual;1.602;661;123;12;San Fermín;Usera
2011;Anual;1.639;3.340;123;12;San Fermín;Usera
2012;Anual;1.682;3.058;123;12;San Fermín;Usera
2013;Anual;1.680;1.151;123;12;San Fermín;Usera
2014;Anual;1.973;1.922;123;12;San Fermín;Usera
2015;Anual;2.075;2.529;123;12;San Fermín;Usera
2016;Anual;2.548;2.836;123;12;San Fermín;Usera
2017;Anual;2.517;2.852;123;12;San Fermín;Usera
2018;Anual;2.480;4.045;123;12;San Fermín;Usera
2019;Anual;2.679;3.762;123;12;San Fermín;Usera
2020;Anual;1.733;2.967;123;12;San Fermín;Usera
2021;Anual;1.532;1.025;123;12;San Fermín;Usera
2022;Anual;1.656;1.213;123;12;San Fermín;Usera
2010;Anual;243;480;106;10;Cuatro Vientos;Latina
2011;Anual;835;2.551;106;10;Cuatro Vientos;Latina
2012;Anual;868;2.641;106;10;Cuatro Vientos;Latina
2013;Anual;898;2.768;106;10;Cuatro Vientos;Latina
2014;Anual;860;2.778;106;10;Cuatro Vientos;Latina
2015;Anual;1.102;2.980;106;10;Cuatro Vientos;Latina
2016;Anual;1.174;3.012;106;10;Cuatro Vientos;Latina
2017;Anual;1.097;3.084;106;10;Cuatro Vientos;Latina
2018;Anual;1.112;3.035;106;10;Cuatro Vientos;Latina
2019;Anual;1.201;3.059;106;10;Cuatro Vientos;Latina
2020;Anual;1.222;3.018;106;10;Cuatro Vientos;Latina
2021;Anual;1.071;2.880;106;10;Cuatro Vientos;Latina
2022;Anual;1.071;2.652;106;10;Cuatro Vientos;Latina
2010;Anual;4.149;2.798;116;11;Buenavista;Carabanchel
2011;Anual;4.443;3.301;116;11;Buenavista;Carabanchel
2012;Anual;4.156;3.397;116;11;Buenavista;Carabanchel
2013;Anual;4.044;3.600;116;11;Buenavista;Carabanchel
2014;Anual;4.098;3.813;116;11;Buenavista;Carabanchel
2015;Anual;4.456;4.065;116;11;Buenavista;Carabanchel
2016;Anual;4.851;4.604;116;11;Buenavista;Carabanchel
2017;Anual;5.427;5.426;116;11;Buenavista;Carabanchel
2018;Anual;5.710;5.836;116;11;Buenavista;Carabanchel
2019;Anual;6.644;6.548;116;11;Buenavista;Carabanchel
2020;Anual;6.506;6.230;116;11;Buenavista;Carabanchel
2021;Anual;6.623;6.056;116;11;Buenavista;Carabanchel
2022;Anual;6.956;6.398;116;11;Buenavista;Carabanchel
2017;Anual;0;0;183;18;Ensanche de Vallecas;Villa de Vallecas
2018;Anual;4.841;2.784;183;18;Ensanche de Vallecas;Villa de Vallecas
2019;Anual;5.485;3.028;183;18;Ensanche de Vallecas;Villa de Vallecas
2020;Anual;5.976;3.764;183;18;Ensanche de Vallecas;Villa de Vallecas
2021;Anual;5.997;3.694;183;18;Ensanche de Vallecas;Villa de Vallecas
2022;Anual;6.427;4.198;183;18;Ensanche de Vallecas;Villa de Vallecas
2010;Anual;570;334;121;12;Orcasitas;Usera
2011;Anual;696;350;121;12;Orcasitas;Usera
2012;Anual;603;300;121;12;Orcasitas;Usera
2013;Anual;523;405;121;12;Orcasitas;Usera
2014;Anual;534;482;121;12;Orcasitas;Usera
2015;Anual;597;535;121;12;Orcasitas;Usera
2016;Anual;649;576;121;12;Orcasitas;Usera
2017;Anual;741;567;121;12;Orcasitas;Usera
2018;Anual;798;553;121;12;Orcasitas;Usera
2019;Anual;876;615;121;12;Orcasitas;Usera
2020;Anual;1.002;668;121;12;Orcasitas;Usera
2021;Anual;939;651;121;12;Orcasitas;Usera
2022;Anual;937;638;121;12;Orcasitas;Usera
2010;Anual;14.551;14.794;171;17;Villaverde Alto - Casco Histórico de Villaverde;Villaverde
2011;Anual;15.914;15.507;171;17;Villaverde Alto - Casco Histórico de Villaverde;Villaverde
2012;Anual;15.182;16.799;171;17;Villaverde Alto - Casco Histórico de Villaverde;Villaverde
2013;Anual;15.216;18.024;171;17;Villaverde Alto - Casco Histórico de Villaverde;Villaverde
2014;Anual;14.060;16.103;171;17;Villaverde Alto - Casco Histórico de Villaverde;Villaverde
2015;Anual;13.568;15.038;171;17;Villaverde Alto - Casco Histórico de Villaverde;Villaverde
2016;Anual;14.614;15.395;171;17;Villaverde Alto - Casco Histórico de Villaverde;Villaverde
2017;Anual;15.432;13.167;171;17;Villaverde Alto - Casco Histórico de Villaverde;Villaverde
2018;Anual;16.645;14.393;171;17;Villaverde Alto - Casco Histórico de Villaverde;Villaverde
2019;Anual;17.514;14.698;171;17;Villaverde Alto - Casco Histórico de Villaverde;Villaverde
2020;Anual;18.358;15.267;171;17;Villaverde Alto - Casco Histórico de Villaverde;Villaverde
2021;Anual;18.442;15.024;171;17;Villaverde Alto - Casco Histórico de Villaverde;Villaverde
2022;Anual;20.795;16.133;171;17;Villaverde Alto - Casco Histórico de Villaverde;Villaverde
2010;Anual;2.140;1.649;174;17;Los Rosales;Villaverde
2011;Anual;2.390;1.659;174;17;Los Rosales;Villaverde
2012;Anual;2.413;1.583;174;17;Los Rosales;Villaverde
2013;Anual;2.727;2.183;174;17;Los Rosales;Villaverde
2014;Anual;2.318;2.068;174;17;Los Rosales;Villaverde
2015;Anual;2.656;2.715;174;17;Los Rosales;Villaverde
2016;Anual;2.691;2.758;174;17;Los Rosales;Villaverde
2017;Anual;3.190;2.914;174;17;Los Rosales;Villaverde
2018;Anual;3.409;2.984;174;17;Los Rosales;Villaverde
2019;Anual;3.455;2.873;174;17;Los Rosales;Villaverde
2020;Anual;3.565;2.836;174;17;Los Rosales;Villaverde
2021;Anual;3.282;2.585;174;17;Los Rosales;Villaverde
2022;Anual;3.216;2.730;174;17;Los Rosales;Villaverde
2010;Anual;4.030;1.317;175;17;Ángeles;Villaverde
2011;Anual;3.881;1.392;175;17;Ángeles;Villaverde
2012;Anual;3.546;1.268;175;17;Ángeles;Villaverde
2013;Anual;3.244;1.443;175;17;Ángeles;Villaverde
2014;Anual;3.155;1.487;175;17;Ángeles;Villaverde
2015;Anual;3.395;1.664;175;17;Ángeles;Villaverde
2016;Anual;3.380;1.683;175;17;Ángeles;Villaverde
2017;Anual;3.395;1.847;175;17;Ángeles;Villaverde
2018;Anual;3.177;1.906;175;17;Ángeles;Villaverde
2019;Anual;3.185;1.888;175;17;Ángeles;Villaverde
2020;Anual;3.135;1.988;175;17;Ángeles;Villaverde
2021;Anual;3.110;1.938;175;17;Ángeles;Villaverde
2022;Anual;3.779;2.187;175;17;Ángeles;Villaverde
2010;Anual;2.239;766;173;17;Butarque;Villaverde
2011;Anual;1.920;663;173;17;Butarque;Villaverde
2012;Anual;1.824;632;173;17;Butarque;Villaverde
2013;Anual;1.639;694;173;17;Butarque;Villaverde
2014;Anual;1.459;735;173;17;Butarque;Villaverde
2015;Anual;1.415;728;173;17;Butarque;Villaverde
2016;Anual;1.492;771;173;17;Butarque;Villaverde
2017;Anual;1.367;746;173;17;Butarque;Villaverde
2018;Anual;922;566;173;17;Butarque;Villaverde
2019;Anual;883;562;173;17;Butarque;Villaverde
2020;Anual;944;610;173;17;Butarque;Villaverde
2021;Anual;812;576;173;17;Butarque;Villaverde
2022;Anual;881;608;173;17;Butarque;Villaverde
2010;Anual;234;186;172;17;San Cristóbal;Villaverde
2011;Anual;243;198;172;17;San Cristóbal;Villaverde
2012;Anual;219;197;172;17;San Cristóbal;Villaverde
2013;Anual;246;227;172;17;San Cristóbal;Villaverde
2014;Anual;230;239;172;17;San Cristóbal;Villaverde
2015;Anual;241;243;172;17;San Cristóbal;Villaverde
2016;Anual;268;249;172;17;San Cristóbal;Villaverde
2017;Anual;319;244;172;17;San Cristóbal;Villaverde
2018;Anual;384;273;172;17;San Cristóbal;Villaverde
2019;Anual;432;252;172;17;San Cristóbal;Villaverde
2020;Anual;458;246;172;17;San Cristóbal;Villaverde
2021;Anual;417;250;172;17;San Cristóbal;Villaverde
2022;Anual;452;298;172;17;San Cristóbal;Villaverde
