Anio;Periodo;DatoAutonomo;CodigoBarrio;CodigoDistrito;NombreBarrio;NombreDistrito
2017;Anual;0;194;19;El Cañaveral;Vicálvaro
2018;Anual;9;194;19;El Cañaveral;Vicálvaro
2019;Anual;20;194;19;El Cañaveral;Vicálvaro
2020;Anual;42;194;19;El Cañaveral;Vicálvaro
2021;Anual;60;194;19;El Cañaveral;Vicálvaro
2022;Anual;117;194;19;El Cañaveral;Vicálvaro
2010;Anual;1070;191;19;Casco histórico de Vicálvaro;Vicálvaro
2011;Anual;1008;191;19;Casco histórico de Vicálvaro;Vicálvaro
2012;Anual;899;191;19;Casco histórico de Vicálvaro;Vicálvaro
2013;Anual;983;191;19;Casco histórico de Vicálvaro;Vicálvaro
2014;Anual;1082;191;19;Casco histórico de Vicálvaro;Vicálvaro
2015;Anual;1130;191;19;Casco histórico de Vicálvaro;Vicálvaro
2016;Anual;1194;191;19;Casco histórico de Vicálvaro;Vicálvaro
2017;Anual;1266;191;19;Casco histórico de Vicálvaro;Vicálvaro
2018;Anual;1002;191;19;Casco histórico de Vicálvaro;Vicálvaro
2019;Anual;1184;191;19;Casco histórico de Vicálvaro;Vicálvaro
2020;Anual;1251;191;19;Casco histórico de Vicálvaro;Vicálvaro
2021;Anual;1209;191;19;Casco histórico de Vicálvaro;Vicálvaro
2022;Anual;1186;191;19;Casco histórico de Vicálvaro;Vicálvaro
2010;Anual;91;81;8;El Pardo;Fuencarral - El Pardo
2011;Anual;84;81;8;El Pardo;Fuencarral - El Pardo
2012;Anual;73;81;8;El Pardo;Fuencarral - El Pardo
2013;Anual;68;81;8;El Pardo;Fuencarral - El Pardo
2014;Anual;73;81;8;El Pardo;Fuencarral - El Pardo
2015;Anual;77;81;8;El Pardo;Fuencarral - El Pardo
2016;Anual;76;81;8;El Pardo;Fuencarral - El Pardo
2017;Anual;89;81;8;El Pardo;Fuencarral - El Pardo
2018;Anual;75;81;8;El Pardo;Fuencarral - El Pardo
2019;Anual;101;81;8;El Pardo;Fuencarral - El Pardo
2020;Anual;99;81;8;El Pardo;Fuencarral - El Pardo
2021;Anual;102;81;8;El Pardo;Fuencarral - El Pardo
2022;Anual;96;81;8;El Pardo;Fuencarral - El Pardo
2010;Anual;153;88;8;El Goloso;Fuencarral - El Pardo
2011;Anual;185;88;8;El Goloso;Fuencarral - El Pardo
2012;Anual;186;88;8;El Goloso;Fuencarral - El Pardo
2013;Anual;226;88;8;El Goloso;Fuencarral - El Pardo
2014;Anual;306;88;8;El Goloso;Fuencarral - El Pardo
2015;Anual;394;88;8;El Goloso;Fuencarral - El Pardo
2016;Anual;466;88;8;El Goloso;Fuencarral - El Pardo
2017;Anual;517;88;8;El Goloso;Fuencarral - El Pardo
2018;Anual;335;88;8;El Goloso;Fuencarral - El Pardo
2019;Anual;652;88;8;El Goloso;Fuencarral - El Pardo
2020;Anual;682;88;8;El Goloso;Fuencarral - El Pardo
2021;Anual;656;88;8;El Goloso;Fuencarral - El Pardo
2022;Anual;671;88;8;El Goloso;Fuencarral - El Pardo
2010;Anual;1437;86;8;Valverde;Fuencarral - El Pardo
2011;Anual;1462;86;8;Valverde;Fuencarral - El Pardo
2012;Anual;1298;86;8;Valverde;Fuencarral - El Pardo
2013;Anual;1402;86;8;Valverde;Fuencarral - El Pardo
2014;Anual;1642;86;8;Valverde;Fuencarral - El Pardo
2015;Anual;1771;86;8;Valverde;Fuencarral - El Pardo
2016;Anual;1812;86;8;Valverde;Fuencarral - El Pardo
2017;Anual;2005;86;8;Valverde;Fuencarral - El Pardo
2018;Anual;1655;86;8;Valverde;Fuencarral - El Pardo
2019;Anual;2370;86;8;Valverde;Fuencarral - El Pardo
2020;Anual;2479;86;8;Valverde;Fuencarral - El Pardo
2021;Anual;2426;86;8;Valverde;Fuencarral - El Pardo
2022;Anual;2413;86;8;Valverde;Fuencarral - El Pardo
2010;Anual;790;87;8;Mirasierra;Fuencarral - El Pardo
2011;Anual;813;87;8;Mirasierra;Fuencarral - El Pardo
2012;Anual;702;87;8;Mirasierra;Fuencarral - El Pardo
2013;Anual;769;87;8;Mirasierra;Fuencarral - El Pardo
2014;Anual;897;87;8;Mirasierra;Fuencarral - El Pardo
2015;Anual;990;87;8;Mirasierra;Fuencarral - El Pardo
2016;Anual;1031;87;8;Mirasierra;Fuencarral - El Pardo
2017;Anual;1089;87;8;Mirasierra;Fuencarral - El Pardo
2018;Anual;967;87;8;Mirasierra;Fuencarral - El Pardo
2019;Anual;1244;87;8;Mirasierra;Fuencarral - El Pardo
2020;Anual;1320;87;8;Mirasierra;Fuencarral - El Pardo
2021;Anual;1292;87;8;Mirasierra;Fuencarral - El Pardo
2022;Anual;1307;87;8;Mirasierra;Fuencarral - El Pardo
2010;Anual;842;166;16;Valdefuentes;Hortaleza
2011;Anual;906;166;16;Valdefuentes;Hortaleza
2012;Anual;841;166;16;Valdefuentes;Hortaleza
2013;Anual;912;166;16;Valdefuentes;Hortaleza
2014;Anual;1124;166;16;Valdefuentes;Hortaleza
2015;Anual;1284;166;16;Valdefuentes;Hortaleza
2016;Anual;1406;166;16;Valdefuentes;Hortaleza
2017;Anual;1599;166;16;Valdefuentes;Hortaleza
2018;Anual;1314;166;16;Valdefuentes;Hortaleza
2019;Anual;2100;166;16;Valdefuentes;Hortaleza
2020;Anual;2325;166;16;Valdefuentes;Hortaleza
2021;Anual;2309;166;16;Valdefuentes;Hortaleza
2022;Anual;2333;166;16;Valdefuentes;Hortaleza
2010;Anual;67;212;21;Aeropuerto;Barajas
2011;Anual;57;212;21;Aeropuerto;Barajas
2012;Anual;51;212;21;Aeropuerto;Barajas
2013;Anual;54;212;21;Aeropuerto;Barajas
2014;Anual;61;212;21;Aeropuerto;Barajas
2015;Anual;67;212;21;Aeropuerto;Barajas
2016;Anual;73;212;21;Aeropuerto;Barajas
2017;Anual;76;212;21;Aeropuerto;Barajas
2018;Anual;82;212;21;Aeropuerto;Barajas
2019;Anual;99;212;21;Aeropuerto;Barajas
2020;Anual;210;212;21;Aeropuerto;Barajas
2021;Anual;345;212;21;Aeropuerto;Barajas
2022;Anual;531;212;21;Aeropuerto;Barajas
2010;Anual;336;214;21;Timón;Barajas
2011;Anual;342;214;21;Timón;Barajas
2012;Anual;312;214;21;Timón;Barajas
2013;Anual;327;214;21;Timón;Barajas
2014;Anual;362;214;21;Timón;Barajas
2015;Anual;378;214;21;Timón;Barajas
2016;Anual;379;214;21;Timón;Barajas
2017;Anual;411;214;21;Timón;Barajas
2018;Anual;353;214;21;Timón;Barajas
2019;Anual;467;214;21;Timón;Barajas
2020;Anual;523;214;21;Timón;Barajas
2021;Anual;495;214;21;Timón;Barajas
2022;Anual;490;214;21;Timón;Barajas
2010;Anual;100;82;8;Fuentelarreina;Fuencarral - El Pardo
2011;Anual;103;82;8;Fuentelarreina;Fuencarral - El Pardo
2012;Anual;97;82;8;Fuentelarreina;Fuencarral - El Pardo
2013;Anual;102;82;8;Fuentelarreina;Fuencarral - El Pardo
2014;Anual;120;82;8;Fuentelarreina;Fuencarral - El Pardo
2015;Anual;131;82;8;Fuentelarreina;Fuencarral - El Pardo
2016;Anual;123;82;8;Fuentelarreina;Fuencarral - El Pardo
2017;Anual;137;82;8;Fuentelarreina;Fuencarral - El Pardo
2018;Anual;94;82;8;Fuentelarreina;Fuencarral - El Pardo
2019;Anual;174;82;8;Fuentelarreina;Fuencarral - El Pardo
2020;Anual;178;82;8;Fuentelarreina;Fuencarral - El Pardo
2021;Anual;183;82;8;Fuentelarreina;Fuencarral - El Pardo
2022;Anual;182;82;8;Fuentelarreina;Fuencarral - El Pardo
2010;Anual;1020;85;8;La Paz;Fuencarral - El Pardo
2011;Anual;1054;85;8;La Paz;Fuencarral - El Pardo
2012;Anual;900;85;8;La Paz;Fuencarral - El Pardo
2013;Anual;953;85;8;La Paz;Fuencarral - El Pardo
2014;Anual;1036;85;8;La Paz;Fuencarral - El Pardo
2015;Anual;1089;85;8;La Paz;Fuencarral - El Pardo
2016;Anual;1100;85;8;La Paz;Fuencarral - El Pardo
2017;Anual;1147;85;8;La Paz;Fuencarral - El Pardo
2018;Anual;1057;85;8;La Paz;Fuencarral - El Pardo
2019;Anual;1257;85;8;La Paz;Fuencarral - El Pardo
2020;Anual;1268;85;8;La Paz;Fuencarral - El Pardo
2021;Anual;1194;85;8;La Paz;Fuencarral - El Pardo
2022;Anual;1190;85;8;La Paz;Fuencarral - El Pardo
2010;Anual;1292;83;8;Peñagrande;Fuencarral - El Pardo
2011;Anual;1281;83;8;Peñagrande;Fuencarral - El Pardo
2012;Anual;1129;83;8;Peñagrande;Fuencarral - El Pardo
2013;Anual;1160;83;8;Peñagrande;Fuencarral - El Pardo
2014;Anual;1267;83;8;Peñagrande;Fuencarral - El Pardo
2015;Anual;1358;83;8;Peñagrande;Fuencarral - El Pardo
2016;Anual;1442;83;8;Peñagrande;Fuencarral - El Pardo
2017;Anual;1533;83;8;Peñagrande;Fuencarral - El Pardo
2018;Anual;1383;83;8;Peñagrande;Fuencarral - El Pardo
2019;Anual;1753;83;8;Peñagrande;Fuencarral - El Pardo
2020;Anual;1795;83;8;Peñagrande;Fuencarral - El Pardo
2021;Anual;1700;83;8;Peñagrande;Fuencarral - El Pardo
2022;Anual;1667;83;8;Peñagrande;Fuencarral - El Pardo
2010;Anual;1476;84;8;Pilar;Fuencarral - El Pardo
2011;Anual;1490;84;8;Pilar;Fuencarral - El Pardo
2012;Anual;1295;84;8;Pilar;Fuencarral - El Pardo
2013;Anual;1342;84;8;Pilar;Fuencarral - El Pardo
2014;Anual;1449;84;8;Pilar;Fuencarral - El Pardo
2015;Anual;1543;84;8;Pilar;Fuencarral - El Pardo
2016;Anual;1563;84;8;Pilar;Fuencarral - El Pardo
2017;Anual;1644;84;8;Pilar;Fuencarral - El Pardo
2018;Anual;1158;84;8;Pilar;Fuencarral - El Pardo
2019;Anual;1749;84;8;Pilar;Fuencarral - El Pardo
2020;Anual;1766;84;8;Pilar;Fuencarral - El Pardo
2021;Anual;1712;84;8;Pilar;Fuencarral - El Pardo
2022;Anual;1650;84;8;Pilar;Fuencarral - El Pardo
2010;Anual;909;159;15;Costillares;Ciudad Lineal
2011;Anual;905;159;15;Costillares;Ciudad Lineal
2012;Anual;787;159;15;Costillares;Ciudad Lineal
2013;Anual;806;159;15;Costillares;Ciudad Lineal
2014;Anual;886;159;15;Costillares;Ciudad Lineal
2015;Anual;938;159;15;Costillares;Ciudad Lineal
2016;Anual;976;159;15;Costillares;Ciudad Lineal
2017;Anual;1056;159;15;Costillares;Ciudad Lineal
2018;Anual;521;159;15;Costillares;Ciudad Lineal
2019;Anual;1160;159;15;Costillares;Ciudad Lineal
2020;Anual;1213;159;15;Costillares;Ciudad Lineal
2021;Anual;1165;159;15;Costillares;Ciudad Lineal
2022;Anual;1134;159;15;Costillares;Ciudad Lineal
2010;Anual;858;56;5;Castilla;Chamartín
2011;Anual;855;56;5;Castilla;Chamartín
2012;Anual;758;56;5;Castilla;Chamartín
2013;Anual;767;56;5;Castilla;Chamartín
2014;Anual;852;56;5;Castilla;Chamartín
2015;Anual;902;56;5;Castilla;Chamartín
2016;Anual;897;56;5;Castilla;Chamartín
2017;Anual;989;56;5;Castilla;Chamartín
2018;Anual;590;56;5;Castilla;Chamartín
2019;Anual;1032;56;5;Castilla;Chamartín
2020;Anual;1064;56;5;Castilla;Chamartín
2021;Anual;1020;56;5;Castilla;Chamartín
2022;Anual;1006;56;5;Castilla;Chamartín
2010;Anual;419;165;16;Apóstol Santiago;Hortaleza
2011;Anual;432;165;16;Apóstol Santiago;Hortaleza
2012;Anual;383;165;16;Apóstol Santiago;Hortaleza
2013;Anual;395;165;16;Apóstol Santiago;Hortaleza
2014;Anual;417;165;16;Apóstol Santiago;Hortaleza
2015;Anual;440;165;16;Apóstol Santiago;Hortaleza
2016;Anual;444;165;16;Apóstol Santiago;Hortaleza
2017;Anual;483;165;16;Apóstol Santiago;Hortaleza
2018;Anual;420;165;16;Apóstol Santiago;Hortaleza
2019;Anual;517;165;16;Apóstol Santiago;Hortaleza
2020;Anual;542;165;16;Apóstol Santiago;Hortaleza
2021;Anual;532;165;16;Apóstol Santiago;Hortaleza
2022;Anual;520;165;16;Apóstol Santiago;Hortaleza
2010;Anual;1833;164;16;Pinar del Rey;Hortaleza
2011;Anual;1757;164;16;Pinar del Rey;Hortaleza
2012;Anual;1559;164;16;Pinar del Rey;Hortaleza
2013;Anual;1565;164;16;Pinar del Rey;Hortaleza
2014;Anual;1741;164;16;Pinar del Rey;Hortaleza
2015;Anual;1871;164;16;Pinar del Rey;Hortaleza
2016;Anual;1851;164;16;Pinar del Rey;Hortaleza
2017;Anual;1932;164;16;Pinar del Rey;Hortaleza
2018;Anual;1677;164;16;Pinar del Rey;Hortaleza
2019;Anual;2078;164;16;Pinar del Rey;Hortaleza
2020;Anual;2130;164;16;Pinar del Rey;Hortaleza
2021;Anual;2072;164;16;Pinar del Rey;Hortaleza
2022;Anual;1998;164;16;Pinar del Rey;Hortaleza
2010;Anual;261;96;9;El Plantío;Moncloa - Aravaca
2011;Anual;260;96;9;El Plantío;Moncloa - Aravaca
2012;Anual;216;96;9;El Plantío;Moncloa - Aravaca
2013;Anual;241;96;9;El Plantío;Moncloa - Aravaca
2014;Anual;247;96;9;El Plantío;Moncloa - Aravaca
2015;Anual;277;96;9;El Plantío;Moncloa - Aravaca
2016;Anual;283;96;9;El Plantío;Moncloa - Aravaca
2017;Anual;307;96;9;El Plantío;Moncloa - Aravaca
2018;Anual;346;96;9;El Plantío;Moncloa - Aravaca
2019;Anual;349;96;9;El Plantío;Moncloa - Aravaca
2020;Anual;351;96;9;El Plantío;Moncloa - Aravaca
2021;Anual;362;96;9;El Plantío;Moncloa - Aravaca
2022;Anual;352;96;9;El Plantío;Moncloa - Aravaca
2010;Anual;710;93;9;Ciudad Universitaria;Moncloa - Aravaca
2011;Anual;734;93;9;Ciudad Universitaria;Moncloa - Aravaca
2012;Anual;608;93;9;Ciudad Universitaria;Moncloa - Aravaca
2013;Anual;644;93;9;Ciudad Universitaria;Moncloa - Aravaca
2014;Anual;741;93;9;Ciudad Universitaria;Moncloa - Aravaca
2015;Anual;823;93;9;Ciudad Universitaria;Moncloa - Aravaca
2016;Anual;818;93;9;Ciudad Universitaria;Moncloa - Aravaca
2017;Anual;902;93;9;Ciudad Universitaria;Moncloa - Aravaca
2018;Anual;606;93;9;Ciudad Universitaria;Moncloa - Aravaca
2019;Anual;998;93;9;Ciudad Universitaria;Moncloa - Aravaca
2020;Anual;1015;93;9;Ciudad Universitaria;Moncloa - Aravaca
2021;Anual;1008;93;9;Ciudad Universitaria;Moncloa - Aravaca
2022;Anual;994;93;9;Ciudad Universitaria;Moncloa - Aravaca
2010;Anual;319;213;21;Casco Histórico de Barajas;Barajas
2011;Anual;314;213;21;Casco Histórico de Barajas;Barajas
2012;Anual;269;213;21;Casco Histórico de Barajas;Barajas
2013;Anual;280;213;21;Casco Histórico de Barajas;Barajas
2014;Anual;310;213;21;Casco Histórico de Barajas;Barajas
2015;Anual;313;213;21;Casco Histórico de Barajas;Barajas
2016;Anual;310;213;21;Casco Histórico de Barajas;Barajas
2017;Anual;331;213;21;Casco Histórico de Barajas;Barajas
2018;Anual;234;213;21;Casco Histórico de Barajas;Barajas
2019;Anual;377;213;21;Casco Histórico de Barajas;Barajas
2020;Anual;382;213;21;Casco Histórico de Barajas;Barajas
2021;Anual;375;213;21;Casco Histórico de Barajas;Barajas
2022;Anual;356;213;21;Casco Histórico de Barajas;Barajas
2010;Anual;188;95;9;Valdemarín;Moncloa - Aravaca
2011;Anual;201;95;9;Valdemarín;Moncloa - Aravaca
2012;Anual;176;95;9;Valdemarín;Moncloa - Aravaca
2013;Anual;211;95;9;Valdemarín;Moncloa - Aravaca
2014;Anual;285;95;9;Valdemarín;Moncloa - Aravaca
2015;Anual;326;95;9;Valdemarín;Moncloa - Aravaca
2016;Anual;360;95;9;Valdemarín;Moncloa - Aravaca
2017;Anual;395;95;9;Valdemarín;Moncloa - Aravaca
2018;Anual;259;95;9;Valdemarín;Moncloa - Aravaca
2019;Anual;466;95;9;Valdemarín;Moncloa - Aravaca
2020;Anual;503;95;9;Valdemarín;Moncloa - Aravaca
2021;Anual;503;95;9;Valdemarín;Moncloa - Aravaca
2022;Anual;535;95;9;Valdemarín;Moncloa - Aravaca
2010;Anual;777;64;6;Almenara;Tetuán
2011;Anual;771;64;6;Almenara;Tetuán
2012;Anual;652;64;6;Almenara;Tetuán
2013;Anual;666;64;6;Almenara;Tetuán
2014;Anual;722;64;6;Almenara;Tetuán
2015;Anual;750;64;6;Almenara;Tetuán
2016;Anual;728;64;6;Almenara;Tetuán
2017;Anual;807;64;6;Almenara;Tetuán
2018;Anual;686;64;6;Almenara;Tetuán
2019;Anual;901;64;6;Almenara;Tetuán
2020;Anual;955;64;6;Almenara;Tetuán
2021;Anual;873;64;6;Almenara;Tetuán
2022;Anual;850;64;6;Almenara;Tetuán
2010;Anual;1036;65;6;Valdeacederas;Tetuán
2011;Anual;1053;65;6;Valdeacederas;Tetuán
2012;Anual;900;65;6;Valdeacederas;Tetuán
2013;Anual;905;65;6;Valdeacederas;Tetuán
2014;Anual;962;65;6;Valdeacederas;Tetuán
2015;Anual;981;65;6;Valdeacederas;Tetuán
2016;Anual;994;65;6;Valdeacederas;Tetuán
2017;Anual;1068;65;6;Valdeacederas;Tetuán
2018;Anual;806;65;6;Valdeacederas;Tetuán
2019;Anual;1168;65;6;Valdeacederas;Tetuán
2020;Anual;1220;65;6;Valdeacederas;Tetuán
2021;Anual;1167;65;6;Valdeacederas;Tetuán
2022;Anual;1152;65;6;Valdeacederas;Tetuán
2010;Anual;838;94;9;Valdezarza;Moncloa - Aravaca
2011;Anual;831;94;9;Valdezarza;Moncloa - Aravaca
2012;Anual;708;94;9;Valdezarza;Moncloa - Aravaca
2013;Anual;728;94;9;Valdezarza;Moncloa - Aravaca
2014;Anual;811;94;9;Valdezarza;Moncloa - Aravaca
2015;Anual;853;94;9;Valdezarza;Moncloa - Aravaca
2016;Anual;896;94;9;Valdezarza;Moncloa - Aravaca
2017;Anual;933;94;9;Valdezarza;Moncloa - Aravaca
2018;Anual;803;94;9;Valdezarza;Moncloa - Aravaca
2019;Anual;1101;94;9;Valdezarza;Moncloa - Aravaca
2020;Anual;1128;94;9;Valdezarza;Moncloa - Aravaca
2021;Anual;1058;94;9;Valdezarza;Moncloa - Aravaca
2022;Anual;1045;94;9;Valdezarza;Moncloa - Aravaca
2010;Anual;238;215;21;Corralejos;Barajas
2011;Anual;261;215;21;Corralejos;Barajas
2012;Anual;243;215;21;Corralejos;Barajas
2013;Anual;273;215;21;Corralejos;Barajas
2014;Anual;307;215;21;Corralejos;Barajas
2015;Anual;331;215;21;Corralejos;Barajas
2016;Anual;338;215;21;Corralejos;Barajas
2017;Anual;384;215;21;Corralejos;Barajas
2018;Anual;200;215;21;Corralejos;Barajas
2019;Anual;433;215;21;Corralejos;Barajas
2020;Anual;427;215;21;Corralejos;Barajas
2021;Anual;424;215;21;Corralejos;Barajas
2022;Anual;415;215;21;Corralejos;Barajas
2010;Anual;1680;163;16;Canillas;Hortaleza
2011;Anual;1689;163;16;Canillas;Hortaleza
2012;Anual;1464;163;16;Canillas;Hortaleza
2013;Anual;1500;163;16;Canillas;Hortaleza
2014;Anual;1630;163;16;Canillas;Hortaleza
2015;Anual;1725;163;16;Canillas;Hortaleza
2016;Anual;1733;163;16;Canillas;Hortaleza
2017;Anual;1794;163;16;Canillas;Hortaleza
2018;Anual;1315;163;16;Canillas;Hortaleza
2019;Anual;1893;163;16;Canillas;Hortaleza
2020;Anual;1932;163;16;Canillas;Hortaleza
2021;Anual;1739;163;16;Canillas;Hortaleza
2022;Anual;1705;163;16;Canillas;Hortaleza
2010;Anual;1716;55;5;Nueva España;Chamartín
2011;Anual;1726;55;5;Nueva España;Chamartín
2012;Anual;1473;55;5;Nueva España;Chamartín
2013;Anual;1492;55;5;Nueva España;Chamartín
2014;Anual;1648;55;5;Nueva España;Chamartín
2015;Anual;1682;55;5;Nueva España;Chamartín
2016;Anual;1670;55;5;Nueva España;Chamartín
2017;Anual;1783;55;5;Nueva España;Chamartín
2018;Anual;1476;55;5;Nueva España;Chamartín
2019;Anual;2037;55;5;Nueva España;Chamartín
2020;Anual;2117;55;5;Nueva España;Chamartín
2021;Anual;2051;55;5;Nueva España;Chamartín
2022;Anual;2042;55;5;Nueva España;Chamartín
2010;Anual;155;158;15;Atalaya;Ciudad Lineal
2011;Anual;153;158;15;Atalaya;Ciudad Lineal
2012;Anual;126;158;15;Atalaya;Ciudad Lineal
2013;Anual;134;158;15;Atalaya;Ciudad Lineal
2014;Anual;146;158;15;Atalaya;Ciudad Lineal
2015;Anual;151;158;15;Atalaya;Ciudad Lineal
2016;Anual;159;158;15;Atalaya;Ciudad Lineal
2017;Anual;163;158;15;Atalaya;Ciudad Lineal
2018;Anual;95;158;15;Atalaya;Ciudad Lineal
2019;Anual;152;158;15;Atalaya;Ciudad Lineal
2020;Anual;143;158;15;Atalaya;Ciudad Lineal
2021;Anual;141;158;15;Atalaya;Ciudad Lineal
2022;Anual;142;158;15;Atalaya;Ciudad Lineal
2010;Anual;1214;97;9;Aravaca;Moncloa - Aravaca
2011;Anual;1225;97;9;Aravaca;Moncloa - Aravaca
2012;Anual;1071;97;9;Aravaca;Moncloa - Aravaca
2013;Anual;1110;97;9;Aravaca;Moncloa - Aravaca
2014;Anual;1283;97;9;Aravaca;Moncloa - Aravaca
2015;Anual;1380;97;9;Aravaca;Moncloa - Aravaca
2016;Anual;1372;97;9;Aravaca;Moncloa - Aravaca
2017;Anual;1493;97;9;Aravaca;Moncloa - Aravaca
2018;Anual;1164;97;9;Aravaca;Moncloa - Aravaca
2019;Anual;1714;97;9;Aravaca;Moncloa - Aravaca
2020;Anual;1770;97;9;Aravaca;Moncloa - Aravaca
2021;Anual;1729;97;9;Aravaca;Moncloa - Aravaca
2022;Anual;1717;97;9;Aravaca;Moncloa - Aravaca
2010;Anual;1884;63;6;Castillejos;Tetuán
2011;Anual;1882;63;6;Castillejos;Tetuán
2012;Anual;1606;63;6;Castillejos;Tetuán
2013;Anual;1680;63;6;Castillejos;Tetuán
2014;Anual;1888;63;6;Castillejos;Tetuán
2015;Anual;1980;63;6;Castillejos;Tetuán
2016;Anual;1892;63;6;Castillejos;Tetuán
2017;Anual;2088;63;6;Castillejos;Tetuán
2018;Anual;1477;63;6;Castillejos;Tetuán
2019;Anual;2168;63;6;Castillejos;Tetuán
2020;Anual;2215;63;6;Castillejos;Tetuán
2021;Anual;2200;63;6;Castillejos;Tetuán
2022;Anual;2204;63;6;Castillejos;Tetuán
2010;Anual;652;211;21;Alameda de Osuna;Barajas
2011;Anual;655;211;21;Alameda de Osuna;Barajas
2012;Anual;574;211;21;Alameda de Osuna;Barajas
2013;Anual;592;211;21;Alameda de Osuna;Barajas
2014;Anual;666;211;21;Alameda de Osuna;Barajas
2015;Anual;698;211;21;Alameda de Osuna;Barajas
2016;Anual;703;211;21;Alameda de Osuna;Barajas
2017;Anual;739;211;21;Alameda de Osuna;Barajas
2018;Anual;521;211;21;Alameda de Osuna;Barajas
2019;Anual;831;211;21;Alameda de Osuna;Barajas
2020;Anual;862;211;21;Alameda de Osuna;Barajas
2021;Anual;819;211;21;Alameda de Osuna;Barajas
2022;Anual;800;211;21;Alameda de Osuna;Barajas
2010;Anual;993;66;6;Berruguete;Tetuán
2011;Anual;969;66;6;Berruguete;Tetuán
2012;Anual;868;66;6;Berruguete;Tetuán
2013;Anual;900;66;6;Berruguete;Tetuán
2014;Anual;972;66;6;Berruguete;Tetuán
2015;Anual;1026;66;6;Berruguete;Tetuán
2016;Anual;1037;66;6;Berruguete;Tetuán
2017;Anual;1069;66;6;Berruguete;Tetuán
2018;Anual;816;66;6;Berruguete;Tetuán
2019;Anual;1162;66;6;Berruguete;Tetuán
2020;Anual;1212;66;6;Berruguete;Tetuán
2021;Anual;1173;66;6;Berruguete;Tetuán
2022;Anual;1132;66;6;Berruguete;Tetuán
2010;Anual;392;157;15;Colina;Ciudad Lineal
2011;Anual;400;157;15;Colina;Ciudad Lineal
2012;Anual;343;157;15;Colina;Ciudad Lineal
2013;Anual;359;157;15;Colina;Ciudad Lineal
2014;Anual;409;157;15;Colina;Ciudad Lineal
2015;Anual;408;157;15;Colina;Ciudad Lineal
2016;Anual;424;157;15;Colina;Ciudad Lineal
2017;Anual;431;157;15;Colina;Ciudad Lineal
2018;Anual;297;157;15;Colina;Ciudad Lineal
2019;Anual;480;157;15;Colina;Ciudad Lineal
2020;Anual;478;157;15;Colina;Ciudad Lineal
2021;Anual;469;157;15;Colina;Ciudad Lineal
2022;Anual;443;157;15;Colina;Ciudad Lineal
2010;Anual;773;162;16;Piovera;Hortaleza
2011;Anual;788;162;16;Piovera;Hortaleza
2012;Anual;681;162;16;Piovera;Hortaleza
2013;Anual;732;162;16;Piovera;Hortaleza
2014;Anual;810;162;16;Piovera;Hortaleza
2015;Anual;808;162;16;Piovera;Hortaleza
2016;Anual;821;162;16;Piovera;Hortaleza
2017;Anual;878;162;16;Piovera;Hortaleza
2018;Anual;632;162;16;Piovera;Hortaleza
2019;Anual;967;162;16;Piovera;Hortaleza
2020;Anual;1006;162;16;Piovera;Hortaleza
2021;Anual;968;162;16;Piovera;Hortaleza
2022;Anual;935;162;16;Piovera;Hortaleza
2010;Anual;2153;54;5;Hispanoamérica;Chamartín
2011;Anual;2166;54;5;Hispanoamérica;Chamartín
2012;Anual;1873;54;5;Hispanoamérica;Chamartín
2013;Anual;1964;54;5;Hispanoamérica;Chamartín
2014;Anual;2127;54;5;Hispanoamérica;Chamartín
2015;Anual;2098;54;5;Hispanoamérica;Chamartín
2016;Anual;2073;54;5;Hispanoamérica;Chamartín
2017;Anual;2235;54;5;Hispanoamérica;Chamartín
2018;Anual;2005;54;5;Hispanoamérica;Chamartín
2019;Anual;2430;54;5;Hispanoamérica;Chamartín
2020;Anual;2467;54;5;Hispanoamérica;Chamartín
2021;Anual;2401;54;5;Hispanoamérica;Chamartín
2022;Anual;2427;54;5;Hispanoamérica;Chamartín
2010;Anual;1183;61;6;Bellas Vistas;Tetuán
2011;Anual;1191;61;6;Bellas Vistas;Tetuán
2012;Anual;1037;61;6;Bellas Vistas;Tetuán
2013;Anual;1092;61;6;Bellas Vistas;Tetuán
2014;Anual;1200;61;6;Bellas Vistas;Tetuán
2015;Anual;1230;61;6;Bellas Vistas;Tetuán
2016;Anual;1190;61;6;Bellas Vistas;Tetuán
2017;Anual;1204;61;6;Bellas Vistas;Tetuán
2018;Anual;875;61;6;Bellas Vistas;Tetuán
2019;Anual;1354;61;6;Bellas Vistas;Tetuán
2020;Anual;1420;61;6;Bellas Vistas;Tetuán
2021;Anual;1429;61;6;Bellas Vistas;Tetuán
2022;Anual;1403;61;6;Bellas Vistas;Tetuán
2010;Anual;250;161;16;Palomas;Hortaleza
2011;Anual;284;161;16;Palomas;Hortaleza
2012;Anual;265;161;16;Palomas;Hortaleza
2013;Anual;268;161;16;Palomas;Hortaleza
2014;Anual;305;161;16;Palomas;Hortaleza
2015;Anual;317;161;16;Palomas;Hortaleza
2016;Anual;318;161;16;Palomas;Hortaleza
2017;Anual;337;161;16;Palomas;Hortaleza
2018;Anual;203;161;16;Palomas;Hortaleza
2019;Anual;380;161;16;Palomas;Hortaleza
2020;Anual;405;161;16;Palomas;Hortaleza
2021;Anual;399;161;16;Palomas;Hortaleza
2022;Anual;394;161;16;Palomas;Hortaleza
2010;Anual;2655;62;6;Cuatro Caminos;Tetuán
2011;Anual;2774;62;6;Cuatro Caminos;Tetuán
2012;Anual;2409;62;6;Cuatro Caminos;Tetuán
2013;Anual;2451;62;6;Cuatro Caminos;Tetuán
2014;Anual;2704;62;6;Cuatro Caminos;Tetuán
2015;Anual;2778;62;6;Cuatro Caminos;Tetuán
2016;Anual;2707;62;6;Cuatro Caminos;Tetuán
2017;Anual;2962;62;6;Cuatro Caminos;Tetuán
2018;Anual;2260;62;6;Cuatro Caminos;Tetuán
2019;Anual;3171;62;6;Cuatro Caminos;Tetuán
2020;Anual;3224;62;6;Cuatro Caminos;Tetuán
2021;Anual;3088;62;6;Cuatro Caminos;Tetuán
2022;Anual;3069;62;6;Cuatro Caminos;Tetuán
2010;Anual;665;156;15;San Juan Bautista;Ciudad Lineal
2011;Anual;646;156;15;San Juan Bautista;Ciudad Lineal
2012;Anual;591;156;15;San Juan Bautista;Ciudad Lineal
2013;Anual;615;156;15;San Juan Bautista;Ciudad Lineal
2014;Anual;683;156;15;San Juan Bautista;Ciudad Lineal
2015;Anual;689;156;15;San Juan Bautista;Ciudad Lineal
2016;Anual;689;156;15;San Juan Bautista;Ciudad Lineal
2017;Anual;748;156;15;San Juan Bautista;Ciudad Lineal
2018;Anual;496;156;15;San Juan Bautista;Ciudad Lineal
2019;Anual;787;156;15;San Juan Bautista;Ciudad Lineal
2020;Anual;810;156;15;San Juan Bautista;Ciudad Lineal
2021;Anual;762;156;15;San Juan Bautista;Ciudad Lineal
2022;Anual;735;156;15;San Juan Bautista;Ciudad Lineal
2010;Anual;1949;52;5;Prosperidad;Chamartín
2011;Anual;1941;52;5;Prosperidad;Chamartín
2012;Anual;1731;52;5;Prosperidad;Chamartín
2013;Anual;1754;52;5;Prosperidad;Chamartín
2014;Anual;1897;52;5;Prosperidad;Chamartín
2015;Anual;1937;52;5;Prosperidad;Chamartín
2016;Anual;1888;52;5;Prosperidad;Chamartín
2017;Anual;2021;52;5;Prosperidad;Chamartín
2018;Anual;1528;52;5;Prosperidad;Chamartín
2019;Anual;2188;52;5;Prosperidad;Chamartín
2020;Anual;2242;52;5;Prosperidad;Chamartín
2021;Anual;2227;52;5;Prosperidad;Chamartín
2022;Anual;2170;52;5;Prosperidad;Chamartín
2010;Anual;1174;53;5;Ciudad Jardín;Chamartín
2011;Anual;1201;53;5;Ciudad Jardín;Chamartín
2012;Anual;1066;53;5;Ciudad Jardín;Chamartín
2013;Anual;1122;53;5;Ciudad Jardín;Chamartín
2014;Anual;1227;53;5;Ciudad Jardín;Chamartín
2015;Anual;1225;53;5;Ciudad Jardín;Chamartín
2016;Anual;1197;53;5;Ciudad Jardín;Chamartín
2017;Anual;1275;53;5;Ciudad Jardín;Chamartín
2018;Anual;1118;53;5;Ciudad Jardín;Chamartín
2019;Anual;1420;53;5;Ciudad Jardín;Chamartín
2020;Anual;1465;53;5;Ciudad Jardín;Chamartín
2021;Anual;1402;53;5;Ciudad Jardín;Chamartín
2022;Anual;1397;53;5;Ciudad Jardín;Chamartín
2010;Anual;1606;51;5;El Viso;Chamartín
2011;Anual;1571;51;5;El Viso;Chamartín
2012;Anual;1366;51;5;El Viso;Chamartín
2013;Anual;1417;51;5;El Viso;Chamartín
2014;Anual;1566;51;5;El Viso;Chamartín
2015;Anual;1575;51;5;El Viso;Chamartín
2016;Anual;1587;51;5;El Viso;Chamartín
2017;Anual;1704;51;5;El Viso;Chamartín
2018;Anual;1487;51;5;El Viso;Chamartín
2019;Anual;1906;51;5;El Viso;Chamartín
2020;Anual;1961;51;5;El Viso;Chamartín
2021;Anual;1925;51;5;El Viso;Chamartín
2022;Anual;1938;51;5;El Viso;Chamartín
2010;Anual;414;91;9;Casa de Campo;Moncloa - Aravaca
2011;Anual;418;91;9;Casa de Campo;Moncloa - Aravaca
2012;Anual;383;91;9;Casa de Campo;Moncloa - Aravaca
2013;Anual;389;91;9;Casa de Campo;Moncloa - Aravaca
2014;Anual;451;91;9;Casa de Campo;Moncloa - Aravaca
2015;Anual;498;91;9;Casa de Campo;Moncloa - Aravaca
2016;Anual;525;91;9;Casa de Campo;Moncloa - Aravaca
2017;Anual;550;91;9;Casa de Campo;Moncloa - Aravaca
2018;Anual;475;91;9;Casa de Campo;Moncloa - Aravaca
2019;Anual;648;91;9;Casa de Campo;Moncloa - Aravaca
2020;Anual;664;91;9;Casa de Campo;Moncloa - Aravaca
2021;Anual;642;91;9;Casa de Campo;Moncloa - Aravaca
2022;Anual;632;91;9;Casa de Campo;Moncloa - Aravaca
2010;Anual;407;206;20;Rejas;San Blas - Canillejas
2011;Anual;426;206;20;Rejas;San Blas - Canillejas
2012;Anual;359;206;20;Rejas;San Blas - Canillejas
2013;Anual;374;206;20;Rejas;San Blas - Canillejas
2014;Anual;477;206;20;Rejas;San Blas - Canillejas
2015;Anual;539;206;20;Rejas;San Blas - Canillejas
2016;Anual;572;206;20;Rejas;San Blas - Canillejas
2017;Anual;619;206;20;Rejas;San Blas - Canillejas
2018;Anual;527;206;20;Rejas;San Blas - Canillejas
2019;Anual;771;206;20;Rejas;San Blas - Canillejas
2020;Anual;875;206;20;Rejas;San Blas - Canillejas
2021;Anual;861;206;20;Rejas;San Blas - Canillejas
2022;Anual;842;206;20;Rejas;San Blas - Canillejas
2010;Anual;368;208;20;El Salvador;San Blas - Canillejas
2011;Anual;378;208;20;El Salvador;San Blas - Canillejas
2012;Anual;357;208;20;El Salvador;San Blas - Canillejas
2013;Anual;375;208;20;El Salvador;San Blas - Canillejas
2014;Anual;415;208;20;El Salvador;San Blas - Canillejas
2015;Anual;432;208;20;El Salvador;San Blas - Canillejas
2016;Anual;435;208;20;El Salvador;San Blas - Canillejas
2017;Anual;456;208;20;El Salvador;San Blas - Canillejas
2018;Anual;417;208;20;El Salvador;San Blas - Canillejas
2019;Anual;528;208;20;El Salvador;San Blas - Canillejas
2020;Anual;549;208;20;El Salvador;San Blas - Canillejas
2021;Anual;539;208;20;El Salvador;San Blas - Canillejas
2022;Anual;531;208;20;El Salvador;San Blas - Canillejas
2010;Anual;857;205;20;Rosas;San Blas - Canillejas
2011;Anual;888;205;20;Rosas;San Blas - Canillejas
2012;Anual;783;205;20;Rosas;San Blas - Canillejas
2013;Anual;859;205;20;Rosas;San Blas - Canillejas
2014;Anual;982;205;20;Rosas;San Blas - Canillejas
2015;Anual;1073;205;20;Rosas;San Blas - Canillejas
2016;Anual;1085;205;20;Rosas;San Blas - Canillejas
2017;Anual;1128;205;20;Rosas;San Blas - Canillejas
2018;Anual;817;205;20;Rosas;San Blas - Canillejas
2019;Anual;1228;205;20;Rosas;San Blas - Canillejas
2020;Anual;1264;205;20;Rosas;San Blas - Canillejas
2021;Anual;1181;205;20;Rosas;San Blas - Canillejas
2022;Anual;1181;205;20;Rosas;San Blas - Canillejas
2010;Anual;1097;207;20;Canillejas;San Blas - Canillejas
2011;Anual;1099;207;20;Canillejas;San Blas - Canillejas
2012;Anual;962;207;20;Canillejas;San Blas - Canillejas
2013;Anual;1001;207;20;Canillejas;San Blas - Canillejas
2014;Anual;1102;207;20;Canillejas;San Blas - Canillejas
2015;Anual;1161;207;20;Canillejas;San Blas - Canillejas
2016;Anual;1119;207;20;Canillejas;San Blas - Canillejas
2017;Anual;1187;207;20;Canillejas;San Blas - Canillejas
2018;Anual;830;207;20;Canillejas;San Blas - Canillejas
2019;Anual;1278;207;20;Canillejas;San Blas - Canillejas
2020;Anual;1362;207;20;Canillejas;San Blas - Canillejas
2021;Anual;1276;207;20;Canillejas;San Blas - Canillejas
2022;Anual;1238;207;20;Canillejas;San Blas - Canillejas
2010;Anual;725;155;15;San Pascual;Ciudad Lineal
2011;Anual;743;155;15;San Pascual;Ciudad Lineal
2012;Anual;676;155;15;San Pascual;Ciudad Lineal
2013;Anual;670;155;15;San Pascual;Ciudad Lineal
2014;Anual;713;155;15;San Pascual;Ciudad Lineal
2015;Anual;727;155;15;San Pascual;Ciudad Lineal
2016;Anual;737;155;15;San Pascual;Ciudad Lineal
2017;Anual;796;155;15;San Pascual;Ciudad Lineal
2018;Anual;630;155;15;San Pascual;Ciudad Lineal
2019;Anual;872;155;15;San Pascual;Ciudad Lineal
2020;Anual;879;155;15;San Pascual;Ciudad Lineal
2021;Anual;837;155;15;San Pascual;Ciudad Lineal
2022;Anual;844;155;15;San Pascual;Ciudad Lineal
2010;Anual;1001;76;7;Vallehermoso;Chamberí
2011;Anual;1014;76;7;Vallehermoso;Chamberí
2012;Anual;885;76;7;Vallehermoso;Chamberí
2013;Anual;906;76;7;Vallehermoso;Chamberí
2014;Anual;1028;76;7;Vallehermoso;Chamberí
2015;Anual;1039;76;7;Vallehermoso;Chamberí
2016;Anual;1043;76;7;Vallehermoso;Chamberí
2017;Anual;1124;76;7;Vallehermoso;Chamberí
2018;Anual;777;76;7;Vallehermoso;Chamberí
2019;Anual;1262;76;7;Vallehermoso;Chamberí
2020;Anual;1351;76;7;Vallehermoso;Chamberí
2021;Anual;1320;76;7;Vallehermoso;Chamberí
2022;Anual;1290;76;7;Vallehermoso;Chamberí
2010;Anual;1686;75;7;Ríos Rosas;Chamberí
2011;Anual;1689;75;7;Ríos Rosas;Chamberí
2012;Anual;1478;75;7;Ríos Rosas;Chamberí
2013;Anual;1551;75;7;Ríos Rosas;Chamberí
2014;Anual;1711;75;7;Ríos Rosas;Chamberí
2015;Anual;1773;75;7;Ríos Rosas;Chamberí
2016;Anual;1780;75;7;Ríos Rosas;Chamberí
2017;Anual;1934;75;7;Ríos Rosas;Chamberí
2018;Anual;1504;75;7;Ríos Rosas;Chamberí
2019;Anual;2145;75;7;Ríos Rosas;Chamberí
2020;Anual;2239;75;7;Ríos Rosas;Chamberí
2021;Anual;2162;75;7;Ríos Rosas;Chamberí
2022;Anual;2143;75;7;Ríos Rosas;Chamberí
2010;Anual;928;154;15;La Concepción;Ciudad Lineal
2011;Anual;981;154;15;La Concepción;Ciudad Lineal
2012;Anual;862;154;15;La Concepción;Ciudad Lineal
2013;Anual;904;154;15;La Concepción;Ciudad Lineal
2014;Anual;975;154;15;La Concepción;Ciudad Lineal
2015;Anual;1003;154;15;La Concepción;Ciudad Lineal
2016;Anual;1008;154;15;La Concepción;Ciudad Lineal
2017;Anual;1076;154;15;La Concepción;Ciudad Lineal
2018;Anual;1076;154;15;La Concepción;Ciudad Lineal
2019;Anual;1203;154;15;La Concepción;Ciudad Lineal
2020;Anual;1240;154;15;La Concepción;Ciudad Lineal
2021;Anual;1200;154;15;La Concepción;Ciudad Lineal
2022;Anual;1165;154;15;La Concepción;Ciudad Lineal
2010;Anual;1958;44;4;Guindalera;Salamanca
2011;Anual;1934;44;4;Guindalera;Salamanca
2012;Anual;1705;44;4;Guindalera;Salamanca
2013;Anual;1735;44;4;Guindalera;Salamanca
2014;Anual;1934;44;4;Guindalera;Salamanca
2015;Anual;2035;44;4;Guindalera;Salamanca
2016;Anual;2034;44;4;Guindalera;Salamanca
2017;Anual;2235;44;4;Guindalera;Salamanca
2018;Anual;1488;44;4;Guindalera;Salamanca
2019;Anual;2562;44;4;Guindalera;Salamanca
2020;Anual;2673;44;4;Guindalera;Salamanca
2021;Anual;2566;44;4;Guindalera;Salamanca
2022;Anual;2535;44;4;Guindalera;Salamanca
2010;Anual;1381;201;20;Simancas;San Blas - Canillejas
2011;Anual;1390;201;20;Simancas;San Blas - Canillejas
2012;Anual;1266;201;20;Simancas;San Blas - Canillejas
2013;Anual;1308;201;20;Simancas;San Blas - Canillejas
2014;Anual;1448;201;20;Simancas;San Blas - Canillejas
2015;Anual;1517;201;20;Simancas;San Blas - Canillejas
2016;Anual;1499;201;20;Simancas;San Blas - Canillejas
2017;Anual;1595;201;20;Simancas;San Blas - Canillejas
2018;Anual;1169;201;20;Simancas;San Blas - Canillejas
2019;Anual;1755;201;20;Simancas;San Blas - Canillejas
2020;Anual;1807;201;20;Simancas;San Blas - Canillejas
2021;Anual;1778;201;20;Simancas;San Blas - Canillejas
2022;Anual;1729;201;20;Simancas;San Blas - Canillejas
2010;Anual;1116;153;15;Quintana;Ciudad Lineal
2011;Anual;1143;153;15;Quintana;Ciudad Lineal
2012;Anual;1026;153;15;Quintana;Ciudad Lineal
2013;Anual;1092;153;15;Quintana;Ciudad Lineal
2014;Anual;1195;153;15;Quintana;Ciudad Lineal
2015;Anual;1229;153;15;Quintana;Ciudad Lineal
2016;Anual;1239;153;15;Quintana;Ciudad Lineal
2017;Anual;1346;153;15;Quintana;Ciudad Lineal
2018;Anual;1118;153;15;Quintana;Ciudad Lineal
2019;Anual;1461;153;15;Quintana;Ciudad Lineal
2020;Anual;1508;153;15;Quintana;Ciudad Lineal
2021;Anual;1417;153;15;Quintana;Ciudad Lineal
2022;Anual;1379;153;15;Quintana;Ciudad Lineal
2010;Anual;1347;71;7;Gaztambide;Chamberí
2011;Anual;1399;71;7;Gaztambide;Chamberí
2012;Anual;1224;71;7;Gaztambide;Chamberí
2013;Anual;1288;71;7;Gaztambide;Chamberí
2014;Anual;1429;71;7;Gaztambide;Chamberí
2015;Anual;1507;71;7;Gaztambide;Chamberí
2016;Anual;1498;71;7;Gaztambide;Chamberí
2017;Anual;1577;71;7;Gaztambide;Chamberí
2018;Anual;1195;71;7;Gaztambide;Chamberí
2019;Anual;1825;71;7;Gaztambide;Chamberí
2020;Anual;1919;71;7;Gaztambide;Chamberí
2021;Anual;1817;71;7;Gaztambide;Chamberí
2022;Anual;1815;71;7;Gaztambide;Chamberí
2010;Anual;1269;72;7;Arapiles;Chamberí
2011;Anual;1299;72;7;Arapiles;Chamberí
2012;Anual;1113;72;7;Arapiles;Chamberí
2013;Anual;1174;72;7;Arapiles;Chamberí
2014;Anual;1336;72;7;Arapiles;Chamberí
2015;Anual;1412;72;7;Arapiles;Chamberí
2016;Anual;1391;72;7;Arapiles;Chamberí
2017;Anual;1521;72;7;Arapiles;Chamberí
2018;Anual;1211;72;7;Arapiles;Chamberí
2019;Anual;1766;72;7;Arapiles;Chamberí
2020;Anual;1843;72;7;Arapiles;Chamberí
2021;Anual;1784;72;7;Arapiles;Chamberí
2022;Anual;1779;72;7;Arapiles;Chamberí
2010;Anual;1837;73;7;Trafalgar;Chamberí
2011;Anual;1882;73;7;Trafalgar;Chamberí
2012;Anual;1623;73;7;Trafalgar;Chamberí
2013;Anual;1669;73;7;Trafalgar;Chamberí
2014;Anual;1879;73;7;Trafalgar;Chamberí
2015;Anual;1966;73;7;Trafalgar;Chamberí
2016;Anual;1882;73;7;Trafalgar;Chamberí
2017;Anual;2137;73;7;Trafalgar;Chamberí
2018;Anual;1670;73;7;Trafalgar;Chamberí
2019;Anual;2293;73;7;Trafalgar;Chamberí
2020;Anual;2367;73;7;Trafalgar;Chamberí
2021;Anual;2244;73;7;Trafalgar;Chamberí
2022;Anual;2238;73;7;Trafalgar;Chamberí
2010;Anual;2308;74;7;Almagro;Chamberí
2011;Anual;2321;74;7;Almagro;Chamberí
2012;Anual;1945;74;7;Almagro;Chamberí
2013;Anual;2048;74;7;Almagro;Chamberí
2014;Anual;2306;74;7;Almagro;Chamberí
2015;Anual;2356;74;7;Almagro;Chamberí
2016;Anual;2236;74;7;Almagro;Chamberí
2017;Anual;2418;74;7;Almagro;Chamberí
2018;Anual;1849;74;7;Almagro;Chamberí
2019;Anual;2646;74;7;Almagro;Chamberí
2020;Anual;2658;74;7;Almagro;Chamberí
2021;Anual;2587;74;7;Almagro;Chamberí
2022;Anual;2583;74;7;Almagro;Chamberí
2010;Anual;1942;46;4;Castellana;Salamanca
2011;Anual;1974;46;4;Castellana;Salamanca
2012;Anual;1722;46;4;Castellana;Salamanca
2013;Anual;1750;46;4;Castellana;Salamanca
2014;Anual;1967;46;4;Castellana;Salamanca
2015;Anual;2020;46;4;Castellana;Salamanca
2016;Anual;1945;46;4;Castellana;Salamanca
2017;Anual;2150;46;4;Castellana;Salamanca
2018;Anual;1712;46;4;Castellana;Salamanca
2019;Anual;2300;46;4;Castellana;Salamanca
2020;Anual;2414;46;4;Castellana;Salamanca
2021;Anual;2347;46;4;Castellana;Salamanca
2022;Anual;2353;46;4;Castellana;Salamanca
2010;Anual;2290;152;15;Pueblo Nuevo;Ciudad Lineal
2011;Anual;2291;152;15;Pueblo Nuevo;Ciudad Lineal
2012;Anual;2020;152;15;Pueblo Nuevo;Ciudad Lineal
2013;Anual;2054;152;15;Pueblo Nuevo;Ciudad Lineal
2014;Anual;2285;152;15;Pueblo Nuevo;Ciudad Lineal
2015;Anual;2395;152;15;Pueblo Nuevo;Ciudad Lineal
2016;Anual;2413;152;15;Pueblo Nuevo;Ciudad Lineal
2017;Anual;2533;152;15;Pueblo Nuevo;Ciudad Lineal
2018;Anual;2243;152;15;Pueblo Nuevo;Ciudad Lineal
2019;Anual;2768;152;15;Pueblo Nuevo;Ciudad Lineal
2020;Anual;2929;152;15;Pueblo Nuevo;Ciudad Lineal
2021;Anual;2799;152;15;Pueblo Nuevo;Ciudad Lineal
2022;Anual;2708;152;15;Pueblo Nuevo;Ciudad Lineal
2010;Anual;1421;45;4;Lista;Salamanca
2011;Anual;1497;45;4;Lista;Salamanca
2012;Anual;1295;45;4;Lista;Salamanca
2013;Anual;1337;45;4;Lista;Salamanca
2014;Anual;1481;45;4;Lista;Salamanca
2015;Anual;1492;45;4;Lista;Salamanca
2016;Anual;1475;45;4;Lista;Salamanca
2017;Anual;1602;45;4;Lista;Salamanca
2018;Anual;1320;45;4;Lista;Salamanca
2019;Anual;1816;45;4;Lista;Salamanca
2020;Anual;1889;45;4;Lista;Salamanca
2021;Anual;1786;45;4;Lista;Salamanca
2022;Anual;1808;45;4;Lista;Salamanca
2010;Anual;1607;92;9;Argüelles;Moncloa - Aravaca
2011;Anual;1690;92;9;Argüelles;Moncloa - Aravaca
2012;Anual;1452;92;9;Argüelles;Moncloa - Aravaca
2013;Anual;1527;92;9;Argüelles;Moncloa - Aravaca
2014;Anual;1709;92;9;Argüelles;Moncloa - Aravaca
2015;Anual;1792;92;9;Argüelles;Moncloa - Aravaca
2016;Anual;1787;92;9;Argüelles;Moncloa - Aravaca
2017;Anual;1948;92;9;Argüelles;Moncloa - Aravaca
2018;Anual;1530;92;9;Argüelles;Moncloa - Aravaca
2019;Anual;2095;92;9;Argüelles;Moncloa - Aravaca
2020;Anual;2196;92;9;Argüelles;Moncloa - Aravaca
2021;Anual;2112;92;9;Argüelles;Moncloa - Aravaca
2022;Anual;2081;92;9;Argüelles;Moncloa - Aravaca
2010;Anual;152;202;20;Hellín;San Blas - Canillejas
2011;Anual;140;202;20;Hellín;San Blas - Canillejas
2012;Anual;121;202;20;Hellín;San Blas - Canillejas
2013;Anual;125;202;20;Hellín;San Blas - Canillejas
2014;Anual;145;202;20;Hellín;San Blas - Canillejas
2015;Anual;150;202;20;Hellín;San Blas - Canillejas
2016;Anual;151;202;20;Hellín;San Blas - Canillejas
2017;Anual;157;202;20;Hellín;San Blas - Canillejas
2018;Anual;116;202;20;Hellín;San Blas - Canillejas
2019;Anual;184;202;20;Hellín;San Blas - Canillejas
2020;Anual;203;202;20;Hellín;San Blas - Canillejas
2021;Anual;205;202;20;Hellín;San Blas - Canillejas
2022;Anual;201;202;20;Hellín;San Blas - Canillejas
2010;Anual;1661;151;15;Ventas;Ciudad Lineal
2011;Anual;1683;151;15;Ventas;Ciudad Lineal
2012;Anual;1498;151;15;Ventas;Ciudad Lineal
2013;Anual;1537;151;15;Ventas;Ciudad Lineal
2014;Anual;1643;151;15;Ventas;Ciudad Lineal
2015;Anual;1645;151;15;Ventas;Ciudad Lineal
2016;Anual;1721;151;15;Ventas;Ciudad Lineal
2017;Anual;1834;151;15;Ventas;Ciudad Lineal
2018;Anual;1636;151;15;Ventas;Ciudad Lineal
2019;Anual;2068;151;15;Ventas;Ciudad Lineal
2020;Anual;2136;151;15;Ventas;Ciudad Lineal
2021;Anual;2095;151;15;Ventas;Ciudad Lineal
2022;Anual;2010;151;15;Ventas;Ciudad Lineal
2010;Anual;939;43;4;Fuente del Berro;Salamanca
2011;Anual;963;43;4;Fuente del Berro;Salamanca
2012;Anual;832;43;4;Fuente del Berro;Salamanca
2013;Anual;881;43;4;Fuente del Berro;Salamanca
2014;Anual;991;43;4;Fuente del Berro;Salamanca
2015;Anual;1020;43;4;Fuente del Berro;Salamanca
2016;Anual;1004;43;4;Fuente del Berro;Salamanca
2017;Anual;1083;43;4;Fuente del Berro;Salamanca
2018;Anual;945;43;4;Fuente del Berro;Salamanca
2019;Anual;1214;43;4;Fuente del Berro;Salamanca
2020;Anual;1261;43;4;Fuente del Berro;Salamanca
2021;Anual;1211;43;4;Fuente del Berro;Salamanca
2022;Anual;1214;43;4;Fuente del Berro;Salamanca
2010;Anual;2629;15;1;Universidad;Centro
2011;Anual;2732;15;1;Universidad;Centro
2012;Anual;2272;15;1;Universidad;Centro
2013;Anual;2409;15;1;Universidad;Centro
2014;Anual;2775;15;1;Universidad;Centro
2015;Anual;2914;15;1;Universidad;Centro
2016;Anual;2888;15;1;Universidad;Centro
2017;Anual;3171;15;1;Universidad;Centro
2018;Anual;2417;15;1;Universidad;Centro
2019;Anual;3502;15;1;Universidad;Centro
2020;Anual;3631;15;1;Universidad;Centro
2021;Anual;3550;15;1;Universidad;Centro
2022;Anual;3552;15;1;Universidad;Centro
2010;Anual;2496;41;4;Recoletos;Salamanca
2011;Anual;2514;41;4;Recoletos;Salamanca
2012;Anual;2155;41;4;Recoletos;Salamanca
2013;Anual;2231;41;4;Recoletos;Salamanca
2014;Anual;2553;41;4;Recoletos;Salamanca
2015;Anual;2613;41;4;Recoletos;Salamanca
2016;Anual;2524;41;4;Recoletos;Salamanca
2017;Anual;2736;41;4;Recoletos;Salamanca
2018;Anual;2063;41;4;Recoletos;Salamanca
2019;Anual;2983;41;4;Recoletos;Salamanca
2020;Anual;3121;41;4;Recoletos;Salamanca
2021;Anual;3053;41;4;Recoletos;Salamanca
2022;Anual;3091;41;4;Recoletos;Salamanca
2010;Anual;2342;14;1;Justicia;Centro
2011;Anual;2376;14;1;Justicia;Centro
2012;Anual;1985;14;1;Justicia;Centro
2013;Anual;2052;14;1;Justicia;Centro
2014;Anual;2368;14;1;Justicia;Centro
2015;Anual;2448;14;1;Justicia;Centro
2016;Anual;2417;14;1;Justicia;Centro
2017;Anual;2622;14;1;Justicia;Centro
2018;Anual;1801;14;1;Justicia;Centro
2019;Anual;2766;14;1;Justicia;Centro
2020;Anual;2895;14;1;Justicia;Centro
2021;Anual;2759;14;1;Justicia;Centro
2022;Anual;2829;14;1;Justicia;Centro
2010;Anual;253;203;20;Amposta;San Blas - Canillejas
2011;Anual;219;203;20;Amposta;San Blas - Canillejas
2012;Anual;194;203;20;Amposta;San Blas - Canillejas
2013;Anual;193;203;20;Amposta;San Blas - Canillejas
2014;Anual;213;203;20;Amposta;San Blas - Canillejas
2015;Anual;210;203;20;Amposta;San Blas - Canillejas
2016;Anual;210;203;20;Amposta;San Blas - Canillejas
2017;Anual;217;203;20;Amposta;San Blas - Canillejas
2018;Anual;147;203;20;Amposta;San Blas - Canillejas
2019;Anual;230;203;20;Amposta;San Blas - Canillejas
2020;Anual;250;203;20;Amposta;San Blas - Canillejas
2021;Anual;244;203;20;Amposta;San Blas - Canillejas
2022;Anual;235;203;20;Amposta;San Blas - Canillejas
2010;Anual;2068;42;4;Goya;Salamanca
2011;Anual;2146;42;4;Goya;Salamanca
2012;Anual;1922;42;4;Goya;Salamanca
2013;Anual;2001;42;4;Goya;Salamanca
2014;Anual;2252;42;4;Goya;Salamanca
2015;Anual;2345;42;4;Goya;Salamanca
2016;Anual;2356;42;4;Goya;Salamanca
2017;Anual;2523;42;4;Goya;Salamanca
2018;Anual;1768;42;4;Goya;Salamanca
2019;Anual;2735;42;4;Goya;Salamanca
2020;Anual;2841;42;4;Goya;Salamanca
2021;Anual;2776;42;4;Goya;Salamanca
2022;Anual;2791;42;4;Goya;Salamanca
2010;Anual;444;204;20;Arcos;San Blas - Canillejas
2011;Anual;462;204;20;Arcos;San Blas - Canillejas
2012;Anual;409;204;20;Arcos;San Blas - Canillejas
2013;Anual;428;204;20;Arcos;San Blas - Canillejas
2014;Anual;488;204;20;Arcos;San Blas - Canillejas
2015;Anual;531;204;20;Arcos;San Blas - Canillejas
2016;Anual;550;204;20;Arcos;San Blas - Canillejas
2017;Anual;588;204;20;Arcos;San Blas - Canillejas
2018;Anual;489;204;20;Arcos;San Blas - Canillejas
2019;Anual;676;204;20;Arcos;San Blas - Canillejas
2020;Anual;715;204;20;Arcos;San Blas - Canillejas
2021;Anual;699;204;20;Arcos;San Blas - Canillejas
2022;Anual;653;204;20;Arcos;San Blas - Canillejas
2010;Anual;2018;11;1;Palacio;Centro
2011;Anual;1990;11;1;Palacio;Centro
2012;Anual;1664;11;1;Palacio;Centro
2013;Anual;1736;11;1;Palacio;Centro
2014;Anual;1937;11;1;Palacio;Centro
2015;Anual;2050;11;1;Palacio;Centro
2016;Anual;1991;11;1;Palacio;Centro
2017;Anual;2206;11;1;Palacio;Centro
2018;Anual;1599;11;1;Palacio;Centro
2019;Anual;2396;11;1;Palacio;Centro
2020;Anual;2487;11;1;Palacio;Centro
2021;Anual;2402;11;1;Palacio;Centro
2022;Anual;2367;11;1;Palacio;Centro
2010;Anual;1207;34;3;Ibiza;Retiro
2011;Anual;1339;34;3;Ibiza;Retiro
2012;Anual;1165;34;3;Ibiza;Retiro
2013;Anual;1248;34;3;Ibiza;Retiro
2014;Anual;1413;34;3;Ibiza;Retiro
2015;Anual;1446;34;3;Ibiza;Retiro
2016;Anual;1439;34;3;Ibiza;Retiro
2017;Anual;1525;34;3;Ibiza;Retiro
2018;Anual;1268;34;3;Ibiza;Retiro
2019;Anual;1688;34;3;Ibiza;Retiro
2020;Anual;1754;34;3;Ibiza;Retiro
2021;Anual;1685;34;3;Ibiza;Retiro
2022;Anual;1681;34;3;Ibiza;Retiro
2010;Anual;515;35;3;Los Jerónimos;Retiro
2011;Anual;498;35;3;Los Jerónimos;Retiro
2012;Anual;430;35;3;Los Jerónimos;Retiro
2013;Anual;446;35;3;Los Jerónimos;Retiro
2014;Anual;499;35;3;Los Jerónimos;Retiro
2015;Anual;531;35;3;Los Jerónimos;Retiro
2016;Anual;554;35;3;Los Jerónimos;Retiro
2017;Anual;618;35;3;Los Jerónimos;Retiro
2018;Anual;438;35;3;Los Jerónimos;Retiro
2019;Anual;699;35;3;Los Jerónimos;Retiro
2020;Anual;704;35;3;Los Jerónimos;Retiro
2021;Anual;682;35;3;Los Jerónimos;Retiro
2022;Anual;661;35;3;Los Jerónimos;Retiro
2010;Anual;777;33;3;Estrella;Retiro
2011;Anual;824;33;3;Estrella;Retiro
2012;Anual;731;33;3;Estrella;Retiro
2013;Anual;755;33;3;Estrella;Retiro
2014;Anual;787;33;3;Estrella;Retiro
2015;Anual;820;33;3;Estrella;Retiro
2016;Anual;803;33;3;Estrella;Retiro
2017;Anual;842;33;3;Estrella;Retiro
2018;Anual;786;33;3;Estrella;Retiro
2019;Anual;958;33;3;Estrella;Retiro
2020;Anual;993;33;3;Estrella;Retiro
2021;Anual;942;33;3;Estrella;Retiro
2022;Anual;950;33;3;Estrella;Retiro
2010;Anual;1718;16;1;Sol;Centro
2011;Anual;1681;16;1;Sol;Centro
2012;Anual;1449;16;1;Sol;Centro
2013;Anual;1509;16;1;Sol;Centro
2014;Anual;1677;16;1;Sol;Centro
2015;Anual;1715;16;1;Sol;Centro
2016;Anual;1682;16;1;Sol;Centro
2017;Anual;1787;16;1;Sol;Centro
2018;Anual;1285;16;1;Sol;Centro
2019;Anual;1838;16;1;Sol;Centro
2020;Anual;1842;16;1;Sol;Centro
2021;Anual;1797;16;1;Sol;Centro
2022;Anual;1775;16;1;Sol;Centro
2010;Anual;1317;13;1;Cortes;Centro
2011;Anual;1340;13;1;Cortes;Centro
2012;Anual;1154;13;1;Cortes;Centro
2013;Anual;1193;13;1;Cortes;Centro
2014;Anual;1378;13;1;Cortes;Centro
2015;Anual;1428;13;1;Cortes;Centro
2016;Anual;1439;13;1;Cortes;Centro
2017;Anual;1532;13;1;Cortes;Centro
2018;Anual;1105;13;1;Cortes;Centro
2019;Anual;1678;13;1;Cortes;Centro
2020;Anual;1731;13;1;Cortes;Centro
2021;Anual;1693;13;1;Cortes;Centro
2022;Anual;1650;13;1;Cortes;Centro
2010;Anual;433;144;14;Media Legua;Moratalaz
2011;Anual;454;144;14;Media Legua;Moratalaz
2012;Anual;403;144;14;Media Legua;Moratalaz
2013;Anual;406;144;14;Media Legua;Moratalaz
2014;Anual;439;144;14;Media Legua;Moratalaz
2015;Anual;462;144;14;Media Legua;Moratalaz
2016;Anual;481;144;14;Media Legua;Moratalaz
2017;Anual;493;144;14;Media Legua;Moratalaz
2018;Anual;683;144;14;Media Legua;Moratalaz
2019;Anual;563;144;14;Media Legua;Moratalaz
2020;Anual;599;144;14;Media Legua;Moratalaz
2021;Anual;555;144;14;Media Legua;Moratalaz
2022;Anual;559;144;14;Media Legua;Moratalaz
2010;Anual;1614;102;10;Puerta del Ángel;Latina
2011;Anual;1602;102;10;Puerta del Ángel;Latina
2012;Anual;1341;102;10;Puerta del Ángel;Latina
2013;Anual;1408;102;10;Puerta del Ángel;Latina
2014;Anual;1563;102;10;Puerta del Ángel;Latina
2015;Anual;1595;102;10;Puerta del Ángel;Latina
2016;Anual;1628;102;10;Puerta del Ángel;Latina
2017;Anual;1757;102;10;Puerta del Ángel;Latina
2018;Anual;1409;102;10;Puerta del Ángel;Latina
2019;Anual;1992;102;10;Puerta del Ángel;Latina
2020;Anual;2116;102;10;Puerta del Ángel;Latina
2021;Anual;2032;102;10;Puerta del Ángel;Latina
2022;Anual;1977;102;10;Puerta del Ángel;Latina
2010;Anual;746;36;3;Niño Jesús;Retiro
2011;Anual;797;36;3;Niño Jesús;Retiro
2012;Anual;696;36;3;Niño Jesús;Retiro
2013;Anual;721;36;3;Niño Jesús;Retiro
2014;Anual;791;36;3;Niño Jesús;Retiro
2015;Anual;811;36;3;Niño Jesús;Retiro
2016;Anual;789;36;3;Niño Jesús;Retiro
2017;Anual;844;36;3;Niño Jesús;Retiro
2018;Anual;616;36;3;Niño Jesús;Retiro
2019;Anual;910;36;3;Niño Jesús;Retiro
2020;Anual;929;36;3;Niño Jesús;Retiro
2021;Anual;930;36;3;Niño Jesús;Retiro
2022;Anual;932;36;3;Niño Jesús;Retiro
2010;Anual;869;143;14;Marroquina;Moratalaz
2011;Anual;874;143;14;Marroquina;Moratalaz
2012;Anual;769;143;14;Marroquina;Moratalaz
2013;Anual;798;143;14;Marroquina;Moratalaz
2014;Anual;872;143;14;Marroquina;Moratalaz
2015;Anual;956;143;14;Marroquina;Moratalaz
2016;Anual;980;143;14;Marroquina;Moratalaz
2017;Anual;1071;143;14;Marroquina;Moratalaz
2018;Anual;844;143;14;Marroquina;Moratalaz
2019;Anual;1166;143;14;Marroquina;Moratalaz
2020;Anual;1195;143;14;Marroquina;Moratalaz
2021;Anual;1133;143;14;Marroquina;Moratalaz
2022;Anual;1100;143;14;Marroquina;Moratalaz
2010;Anual;2900;12;1;Embajadores;Centro
2011;Anual;2902;12;1;Embajadores;Centro
2012;Anual;2387;12;1;Embajadores;Centro
2013;Anual;2634;12;1;Embajadores;Centro
2014;Anual;3047;12;1;Embajadores;Centro
2015;Anual;3243;12;1;Embajadores;Centro
2016;Anual;3239;12;1;Embajadores;Centro
2017;Anual;3593;12;1;Embajadores;Centro
2018;Anual;2507;12;1;Embajadores;Centro
2019;Anual;4037;12;1;Embajadores;Centro
2020;Anual;4185;12;1;Embajadores;Centro
2021;Anual;3971;12;1;Embajadores;Centro
2022;Anual;3903;12;1;Embajadores;Centro
2010;Anual;822;21;2;Imperial;Arganzuela
2011;Anual;845;21;2;Imperial;Arganzuela
2012;Anual;730;21;2;Imperial;Arganzuela
2013;Anual;753;21;2;Imperial;Arganzuela
2014;Anual;858;21;2;Imperial;Arganzuela
2015;Anual;888;21;2;Imperial;Arganzuela
2016;Anual;890;21;2;Imperial;Arganzuela
2017;Anual;949;21;2;Imperial;Arganzuela
2018;Anual;807;21;2;Imperial;Arganzuela
2019;Anual;1091;21;2;Imperial;Arganzuela
2020;Anual;1152;21;2;Imperial;Arganzuela
2021;Anual;938;21;2;Imperial;Arganzuela
2022;Anual;921;21;2;Imperial;Arganzuela
2010;Anual;135;142;14;Horcajo;Moratalaz
2011;Anual;144;142;14;Horcajo;Moratalaz
2012;Anual;125;142;14;Horcajo;Moratalaz
2013;Anual;131;142;14;Horcajo;Moratalaz
2014;Anual;147;142;14;Horcajo;Moratalaz
2015;Anual;163;142;14;Horcajo;Moratalaz
2016;Anual;177;142;14;Horcajo;Moratalaz
2017;Anual;187;142;14;Horcajo;Moratalaz
2018;Anual;119;142;14;Horcajo;Moratalaz
2019;Anual;214;142;14;Horcajo;Moratalaz
2020;Anual;241;142;14;Horcajo;Moratalaz
2021;Anual;241;142;14;Horcajo;Moratalaz
2022;Anual;231;142;14;Horcajo;Moratalaz
2010;Anual;1051;103;10;Lucero;Latina
2011;Anual;1048;103;10;Lucero;Latina
2012;Anual;918;103;10;Lucero;Latina
2013;Anual;928;103;10;Lucero;Latina
2014;Anual;1050;103;10;Lucero;Latina
2015;Anual;1060;103;10;Lucero;Latina
2016;Anual;1107;103;10;Lucero;Latina
2017;Anual;1136;103;10;Lucero;Latina
2018;Anual;944;103;10;Lucero;Latina
2019;Anual;1272;103;10;Lucero;Latina
2020;Anual;1341;103;10;Lucero;Latina
2021;Anual;1266;103;10;Lucero;Latina
2022;Anual;1245;103;10;Lucero;Latina
2010;Anual;378;146;14;Vinateros;Moratalaz
2011;Anual;391;146;14;Vinateros;Moratalaz
2012;Anual;345;146;14;Vinateros;Moratalaz
2013;Anual;365;146;14;Vinateros;Moratalaz
2014;Anual;395;146;14;Vinateros;Moratalaz
2015;Anual;399;146;14;Vinateros;Moratalaz
2016;Anual;406;146;14;Vinateros;Moratalaz
2017;Anual;437;146;14;Vinateros;Moratalaz
2018;Anual;410;146;14;Vinateros;Moratalaz
2019;Anual;471;146;14;Vinateros;Moratalaz
2020;Anual;508;146;14;Vinateros;Moratalaz
2021;Anual;477;146;14;Vinateros;Moratalaz
2022;Anual;471;146;14;Vinateros;Moratalaz
2010;Anual;428;101;10;Los Cármenes;Latina
2011;Anual;434;101;10;Los Cármenes;Latina
2012;Anual;386;101;10;Los Cármenes;Latina
2013;Anual;414;101;10;Los Cármenes;Latina
2014;Anual;455;101;10;Los Cármenes;Latina
2015;Anual;464;101;10;Los Cármenes;Latina
2016;Anual;491;101;10;Los Cármenes;Latina
2017;Anual;542;101;10;Los Cármenes;Latina
2018;Anual;536;101;10;Los Cármenes;Latina
2019;Anual;616;101;10;Los Cármenes;Latina
2020;Anual;605;101;10;Los Cármenes;Latina
2021;Anual;607;101;10;Los Cármenes;Latina
2022;Anual;598;101;10;Los Cármenes;Latina
2010;Anual;72;27;2;Atocha;Arganzuela
2011;Anual;59;27;2;Atocha;Arganzuela
2012;Anual;54;27;2;Atocha;Arganzuela
2013;Anual;50;27;2;Atocha;Arganzuela
2014;Anual;56;27;2;Atocha;Arganzuela
2015;Anual;44;27;2;Atocha;Arganzuela
2016;Anual;40;27;2;Atocha;Arganzuela
2017;Anual;48;27;2;Atocha;Arganzuela
2018;Anual;41;27;2;Atocha;Arganzuela
2019;Anual;64;27;2;Atocha;Arganzuela
2020;Anual;65;27;2;Atocha;Arganzuela
2021;Anual;64;27;2;Atocha;Arganzuela
2022;Anual;73;27;2;Atocha;Arganzuela
2010;Anual;351;145;14;Fontarrón;Moratalaz
2011;Anual;364;145;14;Fontarrón;Moratalaz
2012;Anual;330;145;14;Fontarrón;Moratalaz
2013;Anual;332;145;14;Fontarrón;Moratalaz
2014;Anual;383;145;14;Fontarrón;Moratalaz
2015;Anual;390;145;14;Fontarrón;Moratalaz
2016;Anual;427;145;14;Fontarrón;Moratalaz
2017;Anual;460;145;14;Fontarrón;Moratalaz
2018;Anual;393;145;14;Fontarrón;Moratalaz
2019;Anual;516;145;14;Fontarrón;Moratalaz
2020;Anual;573;145;14;Fontarrón;Moratalaz
2021;Anual;562;145;14;Fontarrón;Moratalaz
2022;Anual;558;145;14;Fontarrón;Moratalaz
2010;Anual;1398;26;2;Palos de la Frontera;Arganzuela
2011;Anual;1373;26;2;Palos de la Frontera;Arganzuela
2012;Anual;1208;26;2;Palos de la Frontera;Arganzuela
2013;Anual;1261;26;2;Palos de la Frontera;Arganzuela
2014;Anual;1421;26;2;Palos de la Frontera;Arganzuela
2015;Anual;1441;26;2;Palos de la Frontera;Arganzuela
2016;Anual;1417;26;2;Palos de la Frontera;Arganzuela
2017;Anual;1506;26;2;Palos de la Frontera;Arganzuela
2018;Anual;1222;26;2;Palos de la Frontera;Arganzuela
2019;Anual;1777;26;2;Palos de la Frontera;Arganzuela
2020;Anual;1837;26;2;Palos de la Frontera;Arganzuela
2021;Anual;1790;26;2;Palos de la Frontera;Arganzuela
2022;Anual;1739;26;2;Palos de la Frontera;Arganzuela
2010;Anual;1154;31;3;Pacífico;Retiro
2011;Anual;1289;31;3;Pacífico;Retiro
2012;Anual;1120;31;3;Pacífico;Retiro
2013;Anual;1199;31;3;Pacífico;Retiro
2014;Anual;1335;31;3;Pacífico;Retiro
2015;Anual;1533;31;3;Pacífico;Retiro
2016;Anual;1551;31;3;Pacífico;Retiro
2017;Anual;1685;31;3;Pacífico;Retiro
2018;Anual;1174;31;3;Pacífico;Retiro
2019;Anual;1887;31;3;Pacífico;Retiro
2020;Anual;1965;31;3;Pacífico;Retiro
2021;Anual;1886;31;3;Pacífico;Retiro
2022;Anual;1837;31;3;Pacífico;Retiro
2010;Anual;1334;22;2;Acacias;Arganzuela
2011;Anual;1393;22;2;Acacias;Arganzuela
2012;Anual;1183;22;2;Acacias;Arganzuela
2013;Anual;1242;22;2;Acacias;Arganzuela
2014;Anual;1380;22;2;Acacias;Arganzuela
2015;Anual;1429;22;2;Acacias;Arganzuela
2016;Anual;1511;22;2;Acacias;Arganzuela
2017;Anual;1620;22;2;Acacias;Arganzuela
2018;Anual;1387;22;2;Acacias;Arganzuela
2019;Anual;1862;22;2;Acacias;Arganzuela
2020;Anual;1890;22;2;Acacias;Arganzuela
2021;Anual;1818;22;2;Acacias;Arganzuela
2022;Anual;1822;22;2;Acacias;Arganzuela
2010;Anual;607;32;3;Adelfas;Retiro
2011;Anual;484;32;3;Adelfas;Retiro
2012;Anual;425;32;3;Adelfas;Retiro
2013;Anual;459;32;3;Adelfas;Retiro
2014;Anual;508;32;3;Adelfas;Retiro
2015;Anual;564;32;3;Adelfas;Retiro
2016;Anual;577;32;3;Adelfas;Retiro
2017;Anual;621;32;3;Adelfas;Retiro
2018;Anual;501;32;3;Adelfas;Retiro
2019;Anual;678;32;3;Adelfas;Retiro
2020;Anual;744;32;3;Adelfas;Retiro
2021;Anual;718;32;3;Adelfas;Retiro
2022;Anual;703;32;3;Adelfas;Retiro
2010;Anual;1476;136;13;Numancia;Puente de Vallecas
2011;Anual;1432;136;13;Numancia;Puente de Vallecas
2012;Anual;1223;136;13;Numancia;Puente de Vallecas
2013;Anual;1251;136;13;Numancia;Puente de Vallecas
2014;Anual;1337;136;13;Numancia;Puente de Vallecas
2015;Anual;1339;136;13;Numancia;Puente de Vallecas
2016;Anual;1370;136;13;Numancia;Puente de Vallecas
2017;Anual;1442;136;13;Numancia;Puente de Vallecas
2018;Anual;1186;136;13;Numancia;Puente de Vallecas
2019;Anual;1617;136;13;Numancia;Puente de Vallecas
2020;Anual;1722;136;13;Numancia;Puente de Vallecas
2021;Anual;1663;136;13;Numancia;Puente de Vallecas
2022;Anual;1623;136;13;Numancia;Puente de Vallecas
2017;Anual;0;192;19;Valdebernardo;Vicálvaro
2018;Anual;338;192;19;Valdebernardo;Vicálvaro
2019;Anual;481;192;19;Valdebernardo;Vicálvaro
2020;Anual;501;192;19;Valdebernardo;Vicálvaro
2021;Anual;482;192;19;Valdebernardo;Vicálvaro
2022;Anual;473;192;19;Valdebernardo;Vicálvaro
2010;Anual;1322;113;11;San Isidro;Carabanchel
2011;Anual;1295;113;11;San Isidro;Carabanchel
2012;Anual;1110;113;11;San Isidro;Carabanchel
2013;Anual;1162;113;11;San Isidro;Carabanchel
2014;Anual;1282;113;11;San Isidro;Carabanchel
2015;Anual;1324;113;11;San Isidro;Carabanchel
2016;Anual;1371;113;11;San Isidro;Carabanchel
2017;Anual;1410;113;11;San Isidro;Carabanchel
2018;Anual;1086;113;11;San Isidro;Carabanchel
2019;Anual;1561;113;11;San Isidro;Carabanchel
2020;Anual;1672;113;11;San Isidro;Carabanchel
2021;Anual;1594;113;11;San Isidro;Carabanchel
2022;Anual;1557;113;11;San Isidro;Carabanchel
2017;Anual;0;193;19;Valderrivas;Vicálvaro
2018;Anual;246;193;19;Valderrivas;Vicálvaro
2019;Anual;349;193;19;Valderrivas;Vicálvaro
2020;Anual;347;193;19;Valderrivas;Vicálvaro
2021;Anual;329;193;19;Valderrivas;Vicálvaro
2022;Anual;334;193;19;Valderrivas;Vicálvaro
2010;Anual;177;141;14;Pavones;Moratalaz
2011;Anual;184;141;14;Pavones;Moratalaz
2012;Anual;170;141;14;Pavones;Moratalaz
2013;Anual;177;141;14;Pavones;Moratalaz
2014;Anual;189;141;14;Pavones;Moratalaz
2015;Anual;183;141;14;Pavones;Moratalaz
2016;Anual;194;141;14;Pavones;Moratalaz
2017;Anual;206;141;14;Pavones;Moratalaz
2018;Anual;155;141;14;Pavones;Moratalaz
2019;Anual;216;141;14;Pavones;Moratalaz
2020;Anual;223;141;14;Pavones;Moratalaz
2021;Anual;221;141;14;Pavones;Moratalaz
2022;Anual;228;141;14;Pavones;Moratalaz
2010;Anual;2213;104;10;Aluche;Latina
2011;Anual;2218;104;10;Aluche;Latina
2012;Anual;1931;104;10;Aluche;Latina
2013;Anual;2063;104;10;Aluche;Latina
2014;Anual;2224;104;10;Aluche;Latina
2015;Anual;2289;104;10;Aluche;Latina
2016;Anual;2323;104;10;Aluche;Latina
2017;Anual;2479;104;10;Aluche;Latina
2018;Anual;1861;104;10;Aluche;Latina
2019;Anual;2655;104;10;Aluche;Latina
2020;Anual;2665;104;10;Aluche;Latina
2021;Anual;2562;104;10;Aluche;Latina
2022;Anual;2463;104;10;Aluche;Latina
2010;Anual;845;25;2;Delicias;Arganzuela
2011;Anual;849;25;2;Delicias;Arganzuela
2012;Anual;742;25;2;Delicias;Arganzuela
2013;Anual;788;25;2;Delicias;Arganzuela
2014;Anual;897;25;2;Delicias;Arganzuela
2015;Anual;956;25;2;Delicias;Arganzuela
2016;Anual;1014;25;2;Delicias;Arganzuela
2017;Anual;1118;25;2;Delicias;Arganzuela
2018;Anual;852;25;2;Delicias;Arganzuela
2019;Anual;1321;25;2;Delicias;Arganzuela
2020;Anual;1375;25;2;Delicias;Arganzuela
2021;Anual;1342;25;2;Delicias;Arganzuela
2022;Anual;1344;25;2;Delicias;Arganzuela
2010;Anual;750;23;2;Chopera;Arganzuela
2011;Anual;726;23;2;Chopera;Arganzuela
2012;Anual;636;23;2;Chopera;Arganzuela
2013;Anual;691;23;2;Chopera;Arganzuela
2014;Anual;790;23;2;Chopera;Arganzuela
2015;Anual;821;23;2;Chopera;Arganzuela
2016;Anual;816;23;2;Chopera;Arganzuela
2017;Anual;879;23;2;Chopera;Arganzuela
2018;Anual;649;23;2;Chopera;Arganzuela
2019;Anual;947;23;2;Chopera;Arganzuela
2020;Anual;982;23;2;Chopera;Arganzuela
2021;Anual;950;23;2;Chopera;Arganzuela
2022;Anual;944;23;2;Chopera;Arganzuela
2010;Anual;541;105;10;Campamento;Latina
2011;Anual;511;105;10;Campamento;Latina
2012;Anual;432;105;10;Campamento;Latina
2013;Anual;449;105;10;Campamento;Latina
2014;Anual;519;105;10;Campamento;Latina
2015;Anual;517;105;10;Campamento;Latina
2016;Anual;518;105;10;Campamento;Latina
2017;Anual;575;105;10;Campamento;Latina
2018;Anual;500;105;10;Campamento;Latina
2019;Anual;654;105;10;Campamento;Latina
2020;Anual;679;105;10;Campamento;Latina
2021;Anual;634;105;10;Campamento;Latina
2022;Anual;621;105;10;Campamento;Latina
2010;Anual;917;111;11;Comillas;Carabanchel
2011;Anual;907;111;11;Comillas;Carabanchel
2012;Anual;830;111;11;Comillas;Carabanchel
2013;Anual;862;111;11;Comillas;Carabanchel
2014;Anual;933;111;11;Comillas;Carabanchel
2015;Anual;968;111;11;Comillas;Carabanchel
2016;Anual;978;111;11;Comillas;Carabanchel
2017;Anual;1073;111;11;Comillas;Carabanchel
2018;Anual;729;111;11;Comillas;Carabanchel
2019;Anual;1215;111;11;Comillas;Carabanchel
2020;Anual;1233;111;11;Comillas;Carabanchel
2021;Anual;1165;111;11;Comillas;Carabanchel
2022;Anual;1129;111;11;Comillas;Carabanchel
2010;Anual;776;135;13;Portazgo;Puente de Vallecas
2011;Anual;775;135;13;Portazgo;Puente de Vallecas
2012;Anual;648;135;13;Portazgo;Puente de Vallecas
2013;Anual;685;135;13;Portazgo;Puente de Vallecas
2014;Anual;753;135;13;Portazgo;Puente de Vallecas
2015;Anual;779;135;13;Portazgo;Puente de Vallecas
2016;Anual;798;135;13;Portazgo;Puente de Vallecas
2017;Anual;859;135;13;Portazgo;Puente de Vallecas
2018;Anual;842;135;13;Portazgo;Puente de Vallecas
2019;Anual;1008;135;13;Portazgo;Puente de Vallecas
2020;Anual;1057;135;13;Portazgo;Puente de Vallecas
2021;Anual;1024;135;13;Portazgo;Puente de Vallecas
2022;Anual;1007;135;13;Portazgo;Puente de Vallecas
2010;Anual;1318;132;13;San Diego;Puente de Vallecas
2011;Anual;1404;132;13;San Diego;Puente de Vallecas
2012;Anual;1333;132;13;San Diego;Puente de Vallecas
2013;Anual;1360;132;13;San Diego;Puente de Vallecas
2014;Anual;1517;132;13;San Diego;Puente de Vallecas
2015;Anual;1513;132;13;San Diego;Puente de Vallecas
2016;Anual;1455;132;13;San Diego;Puente de Vallecas
2017;Anual;1619;132;13;San Diego;Puente de Vallecas
2018;Anual;1296;132;13;San Diego;Puente de Vallecas
2019;Anual;1751;132;13;San Diego;Puente de Vallecas
2020;Anual;1864;132;13;San Diego;Puente de Vallecas
2021;Anual;1821;132;13;San Diego;Puente de Vallecas
2022;Anual;1759;132;13;San Diego;Puente de Vallecas
2010;Anual;1237;112;11;Opañel;Carabanchel
2011;Anual;1242;112;11;Opañel;Carabanchel
2012;Anual;1097;112;11;Opañel;Carabanchel
2013;Anual;1154;112;11;Opañel;Carabanchel
2014;Anual;1259;112;11;Opañel;Carabanchel
2015;Anual;1293;112;11;Opañel;Carabanchel
2016;Anual;1301;112;11;Opañel;Carabanchel
2017;Anual;1363;112;11;Opañel;Carabanchel
2018;Anual;944;112;11;Opañel;Carabanchel
2019;Anual;1546;112;11;Opañel;Carabanchel
2020;Anual;1549;112;11;Opañel;Carabanchel
2021;Anual;1531;112;11;Opañel;Carabanchel
2022;Anual;1485;112;11;Opañel;Carabanchel
2010;Anual;956;125;12;Moscardó;Usera
2011;Anual;970;125;12;Moscardó;Usera
2012;Anual;845;125;12;Moscardó;Usera
2013;Anual;869;125;12;Moscardó;Usera
2014;Anual;949;125;12;Moscardó;Usera
2015;Anual;963;125;12;Moscardó;Usera
2016;Anual;999;125;12;Moscardó;Usera
2017;Anual;1040;125;12;Moscardó;Usera
2018;Anual;794;125;12;Moscardó;Usera
2019;Anual;1189;125;12;Moscardó;Usera
2020;Anual;1263;125;12;Moscardó;Usera
2021;Anual;1216;125;12;Moscardó;Usera
2022;Anual;1205;125;12;Moscardó;Usera
2010;Anual;557;24;2;Legazpi;Arganzuela
2011;Anual;554;24;2;Legazpi;Arganzuela
2012;Anual;484;24;2;Legazpi;Arganzuela
2013;Anual;516;24;2;Legazpi;Arganzuela
2014;Anual;588;24;2;Legazpi;Arganzuela
2015;Anual;608;24;2;Legazpi;Arganzuela
2016;Anual;628;24;2;Legazpi;Arganzuela
2017;Anual;688;24;2;Legazpi;Arganzuela
2018;Anual;488;24;2;Legazpi;Arganzuela
2019;Anual;803;24;2;Legazpi;Arganzuela
2020;Anual;844;24;2;Legazpi;Arganzuela
2021;Anual;843;24;2;Legazpi;Arganzuela
2022;Anual;861;24;2;Legazpi;Arganzuela
2010;Anual;897;133;13;Palomeras Bajas;Puente de Vallecas
2011;Anual;922;133;13;Palomeras Bajas;Puente de Vallecas
2012;Anual;823;133;13;Palomeras Bajas;Puente de Vallecas
2013;Anual;841;133;13;Palomeras Bajas;Puente de Vallecas
2014;Anual;889;133;13;Palomeras Bajas;Puente de Vallecas
2015;Anual;934;133;13;Palomeras Bajas;Puente de Vallecas
2016;Anual;943;133;13;Palomeras Bajas;Puente de Vallecas
2017;Anual;992;133;13;Palomeras Bajas;Puente de Vallecas
2018;Anual;811;133;13;Palomeras Bajas;Puente de Vallecas
2019;Anual;1140;133;13;Palomeras Bajas;Puente de Vallecas
2020;Anual;1246;133;13;Palomeras Bajas;Puente de Vallecas
2021;Anual;1225;133;13;Palomeras Bajas;Puente de Vallecas
2022;Anual;1185;133;13;Palomeras Bajas;Puente de Vallecas
2010;Anual;1024;134;13;Palomeras Sureste;Puente de Vallecas
2011;Anual;1024;134;13;Palomeras Sureste;Puente de Vallecas
2012;Anual;912;134;13;Palomeras Sureste;Puente de Vallecas
2013;Anual;900;134;13;Palomeras Sureste;Puente de Vallecas
2014;Anual;937;134;13;Palomeras Sureste;Puente de Vallecas
2015;Anual;983;134;13;Palomeras Sureste;Puente de Vallecas
2016;Anual;1016;134;13;Palomeras Sureste;Puente de Vallecas
2017;Anual;1093;134;13;Palomeras Sureste;Puente de Vallecas
2018;Anual;894;134;13;Palomeras Sureste;Puente de Vallecas
2019;Anual;1223;134;13;Palomeras Sureste;Puente de Vallecas
2020;Anual;1303;134;13;Palomeras Sureste;Puente de Vallecas
2021;Anual;1246;134;13;Palomeras Sureste;Puente de Vallecas
2022;Anual;1245;134;13;Palomeras Sureste;Puente de Vallecas
2010;Anual;1242;107;10;Águilas;Latina
2011;Anual;1294;107;10;Águilas;Latina
2012;Anual;1125;107;10;Águilas;Latina
2013;Anual;1206;107;10;Águilas;Latina
2014;Anual;1311;107;10;Águilas;Latina
2015;Anual;1360;107;10;Águilas;Latina
2016;Anual;1368;107;10;Águilas;Latina
2017;Anual;1482;107;10;Águilas;Latina
2018;Anual;1369;107;10;Águilas;Latina
2019;Anual;1565;107;10;Águilas;Latina
2020;Anual;1593;107;10;Águilas;Latina
2021;Anual;1523;107;10;Águilas;Latina
2022;Anual;1487;107;10;Águilas;Latina
2010;Anual;781;131;13;Entrevías;Puente de Vallecas
2011;Anual;776;131;13;Entrevías;Puente de Vallecas
2012;Anual;774;131;13;Entrevías;Puente de Vallecas
2013;Anual;771;131;13;Entrevías;Puente de Vallecas
2014;Anual;816;131;13;Entrevías;Puente de Vallecas
2015;Anual;817;131;13;Entrevías;Puente de Vallecas
2016;Anual;822;131;13;Entrevías;Puente de Vallecas
2017;Anual;904;131;13;Entrevías;Puente de Vallecas
2018;Anual;694;131;13;Entrevías;Puente de Vallecas
2019;Anual;1003;131;13;Entrevías;Puente de Vallecas
2020;Anual;1078;131;13;Entrevías;Puente de Vallecas
2021;Anual;1057;131;13;Entrevías;Puente de Vallecas
2022;Anual;1016;131;13;Entrevías;Puente de Vallecas
2010;Anual;1855;114;11;Vista Alegre;Carabanchel
2011;Anual;1850;114;11;Vista Alegre;Carabanchel
2012;Anual;1610;114;11;Vista Alegre;Carabanchel
2013;Anual;1707;114;11;Vista Alegre;Carabanchel
2014;Anual;1814;114;11;Vista Alegre;Carabanchel
2015;Anual;1926;114;11;Vista Alegre;Carabanchel
2016;Anual;1921;114;11;Vista Alegre;Carabanchel
2017;Anual;2023;114;11;Vista Alegre;Carabanchel
2018;Anual;1562;114;11;Vista Alegre;Carabanchel
2019;Anual;2166;114;11;Vista Alegre;Carabanchel
2020;Anual;2232;114;11;Vista Alegre;Carabanchel
2021;Anual;2132;114;11;Vista Alegre;Carabanchel
2022;Anual;2071;114;11;Vista Alegre;Carabanchel
2010;Anual;583;182;18;Santa Eugenia;Villa de Vallecas
2011;Anual;613;182;18;Santa Eugenia;Villa de Vallecas
2012;Anual;518;182;18;Santa Eugenia;Villa de Vallecas
2013;Anual;540;182;18;Santa Eugenia;Villa de Vallecas
2014;Anual;587;182;18;Santa Eugenia;Villa de Vallecas
2015;Anual;615;182;18;Santa Eugenia;Villa de Vallecas
2016;Anual;621;182;18;Santa Eugenia;Villa de Vallecas
2017;Anual;659;182;18;Santa Eugenia;Villa de Vallecas
2018;Anual;484;182;18;Santa Eugenia;Villa de Vallecas
2019;Anual;765;182;18;Santa Eugenia;Villa de Vallecas
2020;Anual;810;182;18;Santa Eugenia;Villa de Vallecas
2021;Anual;787;182;18;Santa Eugenia;Villa de Vallecas
2022;Anual;762;182;18;Santa Eugenia;Villa de Vallecas
2010;Anual;722;124;12;Almendrales;Usera
2011;Anual;685;124;12;Almendrales;Usera
2012;Anual;586;124;12;Almendrales;Usera
2013;Anual;619;124;12;Almendrales;Usera
2014;Anual;682;124;12;Almendrales;Usera
2015;Anual;722;124;12;Almendrales;Usera
2016;Anual;747;124;12;Almendrales;Usera
2017;Anual;790;124;12;Almendrales;Usera
2018;Anual;545;124;12;Almendrales;Usera
2019;Anual;844;124;12;Almendrales;Usera
2020;Anual;883;124;12;Almendrales;Usera
2021;Anual;867;124;12;Almendrales;Usera
2022;Anual;870;124;12;Almendrales;Usera
2010;Anual;979;115;11;Puerta Bonita;Carabanchel
2011;Anual;951;115;11;Puerta Bonita;Carabanchel
2012;Anual;841;115;11;Puerta Bonita;Carabanchel
2013;Anual;872;115;11;Puerta Bonita;Carabanchel
2014;Anual;944;115;11;Puerta Bonita;Carabanchel
2015;Anual;968;115;11;Puerta Bonita;Carabanchel
2016;Anual;1009;115;11;Puerta Bonita;Carabanchel
2017;Anual;1075;115;11;Puerta Bonita;Carabanchel
2018;Anual;861;115;11;Puerta Bonita;Carabanchel
2019;Anual;1161;115;11;Puerta Bonita;Carabanchel
2020;Anual;1206;115;11;Puerta Bonita;Carabanchel
2021;Anual;1166;115;11;Puerta Bonita;Carabanchel
2022;Anual;1148;115;11;Puerta Bonita;Carabanchel
2010;Anual;785;117;11;Abrantes;Carabanchel
2011;Anual;831;117;11;Abrantes;Carabanchel
2012;Anual;717;117;11;Abrantes;Carabanchel
2013;Anual;764;117;11;Abrantes;Carabanchel
2014;Anual;846;117;11;Abrantes;Carabanchel
2015;Anual;866;117;11;Abrantes;Carabanchel
2016;Anual;920;117;11;Abrantes;Carabanchel
2017;Anual;1014;117;11;Abrantes;Carabanchel
2018;Anual;632;117;11;Abrantes;Carabanchel
2019;Anual;1189;117;11;Abrantes;Carabanchel
2020;Anual;1244;117;11;Abrantes;Carabanchel
2021;Anual;1185;117;11;Abrantes;Carabanchel
2022;Anual;1135;117;11;Abrantes;Carabanchel
2010;Anual;846;127;12;Pradolongo;Usera
2011;Anual;722;127;12;Pradolongo;Usera
2012;Anual;604;127;12;Pradolongo;Usera
2013;Anual;649;127;12;Pradolongo;Usera
2014;Anual;698;127;12;Pradolongo;Usera
2015;Anual;731;127;12;Pradolongo;Usera
2016;Anual;738;127;12;Pradolongo;Usera
2017;Anual;774;127;12;Pradolongo;Usera
2018;Anual;719;127;12;Pradolongo;Usera
2019;Anual;846;127;12;Pradolongo;Usera
2020;Anual;887;127;12;Pradolongo;Usera
2021;Anual;833;127;12;Pradolongo;Usera
2022;Anual;842;127;12;Pradolongo;Usera
2010;Anual;374;126;12;Zofío;Usera
2011;Anual;374;126;12;Zofío;Usera
2012;Anual;327;126;12;Zofío;Usera
2013;Anual;333;126;12;Zofío;Usera
2014;Anual;344;126;12;Zofío;Usera
2015;Anual;394;126;12;Zofío;Usera
2016;Anual;404;126;12;Zofío;Usera
2017;Anual;430;126;12;Zofío;Usera
2018;Anual;362;126;12;Zofío;Usera
2019;Anual;484;126;12;Zofío;Usera
2020;Anual;522;126;12;Zofío;Usera
2021;Anual;479;126;12;Zofío;Usera
2022;Anual;454;126;12;Zofío;Usera
2010;Anual;231;122;12;Orcasur;Usera
2011;Anual;236;122;12;Orcasur;Usera
2012;Anual;211;122;12;Orcasur;Usera
2013;Anual;205;122;12;Orcasur;Usera
2014;Anual;201;122;12;Orcasur;Usera
2015;Anual;223;122;12;Orcasur;Usera
2016;Anual;245;122;12;Orcasur;Usera
2017;Anual;267;122;12;Orcasur;Usera
2018;Anual;219;122;12;Orcasur;Usera
2019;Anual;308;122;12;Orcasur;Usera
2020;Anual;337;122;12;Orcasur;Usera
2021;Anual;326;122;12;Orcasur;Usera
2022;Anual;324;122;12;Orcasur;Usera
2010;Anual;1434;181;18;Casco Histórico de Vallecas;Villa de Vallecas
2011;Anual;1497;181;18;Casco Histórico de Vallecas;Villa de Vallecas
2012;Anual;1407;181;18;Casco Histórico de Vallecas;Villa de Vallecas
2013;Anual;1534;181;18;Casco Histórico de Vallecas;Villa de Vallecas
2014;Anual;1785;181;18;Casco Histórico de Vallecas;Villa de Vallecas
2015;Anual;1883;181;18;Casco Histórico de Vallecas;Villa de Vallecas
2016;Anual;1981;181;18;Casco Histórico de Vallecas;Villa de Vallecas
2017;Anual;2224;181;18;Casco Histórico de Vallecas;Villa de Vallecas
2018;Anual;1316;181;18;Casco Histórico de Vallecas;Villa de Vallecas
2019;Anual;1632;181;18;Casco Histórico de Vallecas;Villa de Vallecas
2020;Anual;1672;181;18;Casco Histórico de Vallecas;Villa de Vallecas
2021;Anual;1644;181;18;Casco Histórico de Vallecas;Villa de Vallecas
2022;Anual;1592;181;18;Casco Histórico de Vallecas;Villa de Vallecas
2010;Anual;423;123;12;San Fermín;Usera
2011;Anual;438;123;12;San Fermín;Usera
2012;Anual;398;123;12;San Fermín;Usera
2013;Anual;396;123;12;San Fermín;Usera
2014;Anual;420;123;12;San Fermín;Usera
2015;Anual;449;123;12;San Fermín;Usera
2016;Anual;499;123;12;San Fermín;Usera
2017;Anual;535;123;12;San Fermín;Usera
2018;Anual;396;123;12;San Fermín;Usera
2019;Anual;675;123;12;San Fermín;Usera
2020;Anual;727;123;12;San Fermín;Usera
2021;Anual;698;123;12;San Fermín;Usera
2022;Anual;711;123;12;San Fermín;Usera
2010;Anual;40;106;10;Cuatro Vientos;Latina
2011;Anual;46;106;10;Cuatro Vientos;Latina
2012;Anual;48;106;10;Cuatro Vientos;Latina
2013;Anual;62;106;10;Cuatro Vientos;Latina
2014;Anual;79;106;10;Cuatro Vientos;Latina
2015;Anual;99;106;10;Cuatro Vientos;Latina
2016;Anual;122;106;10;Cuatro Vientos;Latina
2017;Anual;127;106;10;Cuatro Vientos;Latina
2018;Anual;100;106;10;Cuatro Vientos;Latina
2019;Anual;159;106;10;Cuatro Vientos;Latina
2020;Anual;172;106;10;Cuatro Vientos;Latina
2021;Anual;155;106;10;Cuatro Vientos;Latina
2022;Anual;152;106;10;Cuatro Vientos;Latina
2010;Anual;1152;116;11;Buenavista;Carabanchel
2011;Anual;1206;116;11;Buenavista;Carabanchel
2012;Anual;1092;116;11;Buenavista;Carabanchel
2013;Anual;1140;116;11;Buenavista;Carabanchel
2014;Anual;1323;116;11;Buenavista;Carabanchel
2015;Anual;1396;116;11;Buenavista;Carabanchel
2016;Anual;1457;116;11;Buenavista;Carabanchel
2017;Anual;1572;116;11;Buenavista;Carabanchel
2018;Anual;1128;116;11;Buenavista;Carabanchel
2019;Anual;1713;116;11;Buenavista;Carabanchel
2020;Anual;1807;116;11;Buenavista;Carabanchel
2021;Anual;1751;116;11;Buenavista;Carabanchel
2022;Anual;1703;116;11;Buenavista;Carabanchel
2017;Anual;0;183;18;Ensanche de Vallecas;Villa de Vallecas
2018;Anual;423;183;18;Ensanche de Vallecas;Villa de Vallecas
2019;Anual;1078;183;18;Ensanche de Vallecas;Villa de Vallecas
2020;Anual;1282;183;18;Ensanche de Vallecas;Villa de Vallecas
2021;Anual;1282;183;18;Ensanche de Vallecas;Villa de Vallecas
2022;Anual;1252;183;18;Ensanche de Vallecas;Villa de Vallecas
2010;Anual;340;121;12;Orcasitas;Usera
2011;Anual;362;121;12;Orcasitas;Usera
2012;Anual;327;121;12;Orcasitas;Usera
2013;Anual;344;121;12;Orcasitas;Usera
2014;Anual;375;121;12;Orcasitas;Usera
2015;Anual;406;121;12;Orcasitas;Usera
2016;Anual;415;121;12;Orcasitas;Usera
2017;Anual;437;121;12;Orcasitas;Usera
2018;Anual;412;121;12;Orcasitas;Usera
2019;Anual;527;121;12;Orcasitas;Usera
2020;Anual;579;121;12;Orcasitas;Usera
2021;Anual;563;121;12;Orcasitas;Usera
2022;Anual;549;121;12;Orcasitas;Usera
2010;Anual;1714;171;17;Villaverde Alto - Casco Histórico de Villaverde;Villaverde
2011;Anual;1729;171;17;Villaverde Alto - Casco Histórico de Villaverde;Villaverde
2012;Anual;1540;171;17;Villaverde Alto - Casco Histórico de Villaverde;Villaverde
2013;Anual;1611;171;17;Villaverde Alto - Casco Histórico de Villaverde;Villaverde
2014;Anual;1737;171;17;Villaverde Alto - Casco Histórico de Villaverde;Villaverde
2015;Anual;1648;171;17;Villaverde Alto - Casco Histórico de Villaverde;Villaverde
2016;Anual;1663;171;17;Villaverde Alto - Casco Histórico de Villaverde;Villaverde
2017;Anual;1813;171;17;Villaverde Alto - Casco Histórico de Villaverde;Villaverde
2018;Anual;1537;171;17;Villaverde Alto - Casco Histórico de Villaverde;Villaverde
2019;Anual;2010;171;17;Villaverde Alto - Casco Histórico de Villaverde;Villaverde
2020;Anual;2097;171;17;Villaverde Alto - Casco Histórico de Villaverde;Villaverde
2021;Anual;2045;171;17;Villaverde Alto - Casco Histórico de Villaverde;Villaverde
2022;Anual;2071;171;17;Villaverde Alto - Casco Histórico de Villaverde;Villaverde
2010;Anual;822;174;17;Los Rosales;Villaverde
2011;Anual;851;174;17;Los Rosales;Villaverde
2012;Anual;705;174;17;Los Rosales;Villaverde
2013;Anual;727;174;17;Los Rosales;Villaverde
2014;Anual;819;174;17;Los Rosales;Villaverde
2015;Anual;879;174;17;Los Rosales;Villaverde
2016;Anual;891;174;17;Los Rosales;Villaverde
2017;Anual;928;174;17;Los Rosales;Villaverde
2018;Anual;797;174;17;Los Rosales;Villaverde
2019;Anual;1114;174;17;Los Rosales;Villaverde
2020;Anual;1195;174;17;Los Rosales;Villaverde
2021;Anual;1137;174;17;Los Rosales;Villaverde
2022;Anual;1130;174;17;Los Rosales;Villaverde
2010;Anual;705;175;17;Ángeles;Villaverde
2011;Anual;697;175;17;Ángeles;Villaverde
2012;Anual;595;175;17;Ángeles;Villaverde
2013;Anual;622;175;17;Ángeles;Villaverde
2014;Anual;672;175;17;Ángeles;Villaverde
2015;Anual;800;175;17;Ángeles;Villaverde
2016;Anual;841;175;17;Ángeles;Villaverde
2017;Anual;1024;175;17;Ángeles;Villaverde
2018;Anual;837;175;17;Ángeles;Villaverde
2019;Anual;1164;175;17;Ángeles;Villaverde
2020;Anual;1220;175;17;Ángeles;Villaverde
2021;Anual;1235;175;17;Ángeles;Villaverde
2022;Anual;1228;175;17;Ángeles;Villaverde
2010;Anual;255;173;17;Butarque;Villaverde
2011;Anual;263;173;17;Butarque;Villaverde
2012;Anual;241;173;17;Butarque;Villaverde
2013;Anual;253;173;17;Butarque;Villaverde
2014;Anual;282;173;17;Butarque;Villaverde
2015;Anual;285;173;17;Butarque;Villaverde
2016;Anual;328;173;17;Butarque;Villaverde
2017;Anual;365;173;17;Butarque;Villaverde
2018;Anual;227;173;17;Butarque;Villaverde
2019;Anual;464;173;17;Butarque;Villaverde
2020;Anual;514;173;17;Butarque;Villaverde
2021;Anual;495;173;17;Butarque;Villaverde
2022;Anual;514;173;17;Butarque;Villaverde
2010;Anual;156;172;17;San Cristóbal;Villaverde
2011;Anual;165;172;17;San Cristóbal;Villaverde
2012;Anual;144;172;17;San Cristóbal;Villaverde
2013;Anual;146;172;17;San Cristóbal;Villaverde
2014;Anual;158;172;17;San Cristóbal;Villaverde
2015;Anual;161;172;17;San Cristóbal;Villaverde
2016;Anual;177;172;17;San Cristóbal;Villaverde
2017;Anual;230;172;17;San Cristóbal;Villaverde
2018;Anual;337;172;17;San Cristóbal;Villaverde
2019;Anual;285;172;17;San Cristóbal;Villaverde
2020;Anual;320;172;17;San Cristóbal;Villaverde
2021;Anual;302;172;17;San Cristóbal;Villaverde
2022;Anual;283;172;17;San Cristóbal;Villaverde
