Anio;Periodo;DatoAfiliacionesResidenciaHombres;DatoAfiliacionesResidenciaMujer;CodigoBarrio;CodigoDistrito;NombreBarrio;NombreDistrito
2017;Anual;0;0;194;19;El Cañaveral;Vicálvaro
2018;Anual;64;67;194;19;El Cañaveral;Vicálvaro
2019;Anual;206;179;194;19;El Cañaveral;Vicálvaro
2020;Anual;449;389;194;19;El Cañaveral;Vicálvaro
2021;Anual;475;399;194;19;El Cañaveral;Vicálvaro
2022;Anual;1.382;1.245;194;19;El Cañaveral;Vicálvaro
2013;Anual;9.812;9.321;191;19;Casco histórico de Vicálvaro;Vicálvaro
2014;Anual;8.659;8.446;191;19;Casco histórico de Vicálvaro;Vicálvaro
2015;Anual;8.748;8.519;191;19;Casco histórico de Vicálvaro;Vicálvaro
2016;Anual;10.330;10.123;191;19;Casco histórico de Vicálvaro;Vicálvaro
2017;Anual;10.775;10.486;191;19;Casco histórico de Vicálvaro;Vicálvaro
2018;Anual;6.195;6.096;191;19;Casco histórico de Vicálvaro;Vicálvaro
2019;Anual;6.535;6.374;191;19;Casco histórico de Vicálvaro;Vicálvaro
2020;Anual;6.693;6.584;191;19;Casco histórico de Vicálvaro;Vicálvaro
2021;Anual;6.894;6.758;191;19;Casco histórico de Vicálvaro;Vicálvaro
2022;Anual;6.846;6.864;191;19;Casco histórico de Vicálvaro;Vicálvaro
2013;Anual;551;542;81;8;El Pardo;Fuencarral - El Pardo
2014;Anual;494;494;81;8;El Pardo;Fuencarral - El Pardo
2015;Anual;486;494;81;8;El Pardo;Fuencarral - El Pardo
2016;Anual;562;523;81;8;El Pardo;Fuencarral - El Pardo
2017;Anual;569;548;81;8;El Pardo;Fuencarral - El Pardo
2018;Anual;579;569;81;8;El Pardo;Fuencarral - El Pardo
2019;Anual;600;594;81;8;El Pardo;Fuencarral - El Pardo
2020;Anual;653;600;81;8;El Pardo;Fuencarral - El Pardo
2021;Anual;671;582;81;8;El Pardo;Fuencarral - El Pardo
2022;Anual;711;613;81;8;El Pardo;Fuencarral - El Pardo
2013;Anual;2.973;2.960;88;8;El Goloso;Fuencarral - El Pardo
2014;Anual;2.392;2.390;88;8;El Goloso;Fuencarral - El Pardo
2015;Anual;2.423;2.430;88;8;El Goloso;Fuencarral - El Pardo
2016;Anual;3.351;3.312;88;8;El Goloso;Fuencarral - El Pardo
2017;Anual;3.637;3.573;88;8;El Goloso;Fuencarral - El Pardo
2018;Anual;3.635;3.601;88;8;El Goloso;Fuencarral - El Pardo
2019;Anual;3.802;3.800;88;8;El Goloso;Fuencarral - El Pardo
2020;Anual;3.896;3.952;88;8;El Goloso;Fuencarral - El Pardo
2021;Anual;4.011;4.085;88;8;El Goloso;Fuencarral - El Pardo
2022;Anual;4.113;4.159;88;8;El Goloso;Fuencarral - El Pardo
2013;Anual;11.108;11.608;86;8;Valverde;Fuencarral - El Pardo
2014;Anual;10.096;10.476;86;8;Valverde;Fuencarral - El Pardo
2015;Anual;10.119;10.518;86;8;Valverde;Fuencarral - El Pardo
2016;Anual;11.228;11.803;86;8;Valverde;Fuencarral - El Pardo
2017;Anual;12.418;12.982;86;8;Valverde;Fuencarral - El Pardo
2018;Anual;12.410;13.064;86;8;Valverde;Fuencarral - El Pardo
2019;Anual;12.934;13.764;86;8;Valverde;Fuencarral - El Pardo
2020;Anual;13.275;13.914;86;8;Valverde;Fuencarral - El Pardo
2021;Anual;13.308;13.939;86;8;Valverde;Fuencarral - El Pardo
2022;Anual;13.563;14.245;86;8;Valverde;Fuencarral - El Pardo
2013;Anual;4.937;5.070;87;8;Mirasierra;Fuencarral - El Pardo
2014;Anual;4.632;4.766;87;8;Mirasierra;Fuencarral - El Pardo
2015;Anual;4.680;4.838;87;8;Mirasierra;Fuencarral - El Pardo
2016;Anual;5.165;5.315;87;8;Mirasierra;Fuencarral - El Pardo
2017;Anual;5.847;6.010;87;8;Mirasierra;Fuencarral - El Pardo
2018;Anual;5.931;6.116;87;8;Mirasierra;Fuencarral - El Pardo
2019;Anual;6.383;6.448;87;8;Mirasierra;Fuencarral - El Pardo
2020;Anual;6.585;6.651;87;8;Mirasierra;Fuencarral - El Pardo
2021;Anual;6.656;6.847;87;8;Mirasierra;Fuencarral - El Pardo
2022;Anual;6.928;7.092;87;8;Mirasierra;Fuencarral - El Pardo
2013;Anual;8.275;8.081;166;16;Valdefuentes;Hortaleza
2014;Anual;7.915;7.729;166;16;Valdefuentes;Hortaleza
2015;Anual;7.925;7.734;166;16;Valdefuentes;Hortaleza
2016;Anual;8.607;8.358;166;16;Valdefuentes;Hortaleza
2017;Anual;11.756;11.338;166;16;Valdefuentes;Hortaleza
2018;Anual;11.784;11.432;166;16;Valdefuentes;Hortaleza
2019;Anual;12.463;12.162;166;16;Valdefuentes;Hortaleza
2020;Anual;13.402;12.892;166;16;Valdefuentes;Hortaleza
2021;Anual;14.005;13.670;166;16;Valdefuentes;Hortaleza
2022;Anual;14.615;14.241;166;16;Valdefuentes;Hortaleza
2013;Anual;271;341;212;21;Aeropuerto;Barajas
2014;Anual;235;303;212;21;Aeropuerto;Barajas
2015;Anual;228;314;212;21;Aeropuerto;Barajas
2016;Anual;278;338;212;21;Aeropuerto;Barajas
2017;Anual;304;328;212;21;Aeropuerto;Barajas
2018;Anual;316;339;212;21;Aeropuerto;Barajas
2019;Anual;333;339;212;21;Aeropuerto;Barajas
2020;Anual;345;336;212;21;Aeropuerto;Barajas
2021;Anual;343;338;212;21;Aeropuerto;Barajas
2022;Anual;354;364;212;21;Aeropuerto;Barajas
2013;Anual;1.566;1.518;214;21;Timón;Barajas
2014;Anual;1.860;1.862;214;21;Timón;Barajas
2015;Anual;1.901;1.891;214;21;Timón;Barajas
2016;Anual;2.266;2.278;214;21;Timón;Barajas
2017;Anual;2.559;2.578;214;21;Timón;Barajas
2018;Anual;2.579;2.626;214;21;Timón;Barajas
2019;Anual;2.725;2.822;214;21;Timón;Barajas
2020;Anual;2.891;2.973;214;21;Timón;Barajas
2021;Anual;2.888;3.010;214;21;Timón;Barajas
2022;Anual;3.076;3.177;214;21;Timón;Barajas
2013;Anual;466;527;82;8;Fuentelarreina;Fuencarral - El Pardo
2014;Anual;415;488;82;8;Fuentelarreina;Fuencarral - El Pardo
2015;Anual;413;487;82;8;Fuentelarreina;Fuencarral - El Pardo
2016;Anual;498;545;82;8;Fuentelarreina;Fuencarral - El Pardo
2017;Anual;493;555;82;8;Fuentelarreina;Fuencarral - El Pardo
2018;Anual;483;564;82;8;Fuentelarreina;Fuencarral - El Pardo
2019;Anual;499;577;82;8;Fuentelarreina;Fuencarral - El Pardo
2020;Anual;536;571;82;8;Fuentelarreina;Fuencarral - El Pardo
2021;Anual;564;610;82;8;Fuentelarreina;Fuencarral - El Pardo
2022;Anual;574;638;82;8;Fuentelarreina;Fuencarral - El Pardo
2013;Anual;6.269;6.442;85;8;La Paz;Fuencarral - El Pardo
2014;Anual;5.514;5.712;85;8;La Paz;Fuencarral - El Pardo
2015;Anual;5.455;5.714;85;8;La Paz;Fuencarral - El Pardo
2016;Anual;6.046;6.316;85;8;La Paz;Fuencarral - El Pardo
2017;Anual;5.907;6.262;85;8;La Paz;Fuencarral - El Pardo
2018;Anual;5.900;6.250;85;8;La Paz;Fuencarral - El Pardo
2019;Anual;5.952;6.278;85;8;La Paz;Fuencarral - El Pardo
2020;Anual;5.900;6.202;85;8;La Paz;Fuencarral - El Pardo
2021;Anual;5.717;5.994;85;8;La Paz;Fuencarral - El Pardo
2022;Anual;5.676;5.954;85;8;La Paz;Fuencarral - El Pardo
2013;Anual;8.044;8.472;83;8;Peñagrande;Fuencarral - El Pardo
2014;Anual;7.149;7.584;83;8;Peñagrande;Fuencarral - El Pardo
2015;Anual;7.221;7.650;83;8;Peñagrande;Fuencarral - El Pardo
2016;Anual;8.016;8.542;83;8;Peñagrande;Fuencarral - El Pardo
2017;Anual;8.163;8.603;83;8;Peñagrande;Fuencarral - El Pardo
2018;Anual;8.174;8.697;83;8;Peñagrande;Fuencarral - El Pardo
2019;Anual;8.235;8.811;83;8;Peñagrande;Fuencarral - El Pardo
2020;Anual;8.260;8.852;83;8;Peñagrande;Fuencarral - El Pardo
2021;Anual;8.186;8.740;83;8;Peñagrande;Fuencarral - El Pardo
2022;Anual;8.274;8.866;83;8;Peñagrande;Fuencarral - El Pardo
2013;Anual;7.877;9.022;84;8;Pilar;Fuencarral - El Pardo
2014;Anual;6.969;7.964;84;8;Pilar;Fuencarral - El Pardo
2015;Anual;6.901;7.856;84;8;Pilar;Fuencarral - El Pardo
2016;Anual;7.806;8.688;84;8;Pilar;Fuencarral - El Pardo
2017;Anual;8.244;9.030;84;8;Pilar;Fuencarral - El Pardo
2018;Anual;8.368;9.035;84;8;Pilar;Fuencarral - El Pardo
2019;Anual;8.558;9.362;84;8;Pilar;Fuencarral - El Pardo
2020;Anual;8.729;9.427;84;8;Pilar;Fuencarral - El Pardo
2021;Anual;8.689;9.321;84;8;Pilar;Fuencarral - El Pardo
2022;Anual;8.835;9.406;84;8;Pilar;Fuencarral - El Pardo
2013;Anual;3.762;4.115;159;15;Costillares;Ciudad Lineal
2014;Anual;3.344;3.674;159;15;Costillares;Ciudad Lineal
2015;Anual;3.379;3.619;159;15;Costillares;Ciudad Lineal
2016;Anual;3.775;3.999;159;15;Costillares;Ciudad Lineal
2017;Anual;3.827;4.095;159;15;Costillares;Ciudad Lineal
2018;Anual;3.872;4.116;159;15;Costillares;Ciudad Lineal
2019;Anual;3.914;4.220;159;15;Costillares;Ciudad Lineal
2020;Anual;3.997;4.298;159;15;Costillares;Ciudad Lineal
2021;Anual;3.993;4.270;159;15;Costillares;Ciudad Lineal
2022;Anual;4.056;4.316;159;15;Costillares;Ciudad Lineal
2013;Anual;2.945;3.025;56;5;Castilla;Chamartín
2014;Anual;2.623;2.713;56;5;Castilla;Chamartín
2015;Anual;2.682;2.704;56;5;Castilla;Chamartín
2016;Anual;2.965;3.102;56;5;Castilla;Chamartín
2017;Anual;3.190;3.265;56;5;Castilla;Chamartín
2018;Anual;3.151;3.257;56;5;Castilla;Chamartín
2019;Anual;3.306;3.431;56;5;Castilla;Chamartín
2020;Anual;3.350;3.437;56;5;Castilla;Chamartín
2021;Anual;3.324;3.380;56;5;Castilla;Chamartín
2013;Anual;2.537;2.814;165;16;Apóstol Santiago;Hortaleza
2014;Anual;2.199;2.557;165;16;Apóstol Santiago;Hortaleza
2015;Anual;2.236;2.571;165;16;Apóstol Santiago;Hortaleza
2016;Anual;2.546;2.829;165;16;Apóstol Santiago;Hortaleza
2017;Anual;2.628;2.918;165;16;Apóstol Santiago;Hortaleza
2018;Anual;2.706;2.940;165;16;Apóstol Santiago;Hortaleza
2019;Anual;2.831;3.054;165;16;Apóstol Santiago;Hortaleza
2020;Anual;2.904;3.042;165;16;Apóstol Santiago;Hortaleza
2021;Anual;2.926;2.997;165;16;Apóstol Santiago;Hortaleza
2022;Anual;3.027;3.080;165;16;Apóstol Santiago;Hortaleza
2013;Anual;9.343;9.991;164;16;Pinar del Rey;Hortaleza
2014;Anual;8.113;8.830;164;16;Pinar del Rey;Hortaleza
2015;Anual;8.167;8.872;164;16;Pinar del Rey;Hortaleza
2016;Anual;9.126;9.788;164;16;Pinar del Rey;Hortaleza
2017;Anual;9.395;10.159;164;16;Pinar del Rey;Hortaleza
2018;Anual;9.605;10.197;164;16;Pinar del Rey;Hortaleza
2019;Anual;9.823;10.504;164;16;Pinar del Rey;Hortaleza
2020;Anual;9.969;10.608;164;16;Pinar del Rey;Hortaleza
2021;Anual;9.752;10.413;164;16;Pinar del Rey;Hortaleza
2022;Anual;9.988;10.722;164;16;Pinar del Rey;Hortaleza
2013;Anual;439;477;96;9;El Plantío;Moncloa - Aravaca
2014;Anual;385;401;96;9;El Plantío;Moncloa - Aravaca
2015;Anual;375;419;96;9;El Plantío;Moncloa - Aravaca
2016;Anual;442;482;96;9;El Plantío;Moncloa - Aravaca
2017;Anual;496;537;96;9;El Plantío;Moncloa - Aravaca
2018;Anual;506;534;96;9;El Plantío;Moncloa - Aravaca
2019;Anual;522;534;96;9;El Plantío;Moncloa - Aravaca
2020;Anual;529;568;96;9;El Plantío;Moncloa - Aravaca
2021;Anual;533;563;96;9;El Plantío;Moncloa - Aravaca
2022;Anual;574;610;96;9;El Plantío;Moncloa - Aravaca
2013;Anual;2.385;2.678;93;9;Ciudad Universitaria;Moncloa - Aravaca
2014;Anual;2.143;2.365;93;9;Ciudad Universitaria;Moncloa - Aravaca
2015;Anual;2.151;2.345;93;9;Ciudad Universitaria;Moncloa - Aravaca
2016;Anual;2.506;2.706;93;9;Ciudad Universitaria;Moncloa - Aravaca
2017;Anual;2.689;2.866;93;9;Ciudad Universitaria;Moncloa - Aravaca
2018;Anual;2.654;2.816;93;9;Ciudad Universitaria;Moncloa - Aravaca
2019;Anual;2.779;2.925;93;9;Ciudad Universitaria;Moncloa - Aravaca
2020;Anual;2.827;3.007;93;9;Ciudad Universitaria;Moncloa - Aravaca
2021;Anual;2.877;3.002;93;9;Ciudad Universitaria;Moncloa - Aravaca
2022;Anual;2.939;3.078;93;9;Ciudad Universitaria;Moncloa - Aravaca
2013;Anual;1.558;1.458;213;21;Casco Histórico de Barajas;Barajas
2014;Anual;1.320;1.228;213;21;Casco Histórico de Barajas;Barajas
2015;Anual;1.306;1.241;213;21;Casco Histórico de Barajas;Barajas
2016;Anual;1.470;1.427;213;21;Casco Histórico de Barajas;Barajas
2017;Anual;1.548;1.481;213;21;Casco Histórico de Barajas;Barajas
2018;Anual;1.538;1.507;213;21;Casco Histórico de Barajas;Barajas
2019;Anual;1.613;1.538;213;21;Casco Histórico de Barajas;Barajas
2020;Anual;1.697;1.594;213;21;Casco Histórico de Barajas;Barajas
2021;Anual;1.645;1.562;213;21;Casco Histórico de Barajas;Barajas
2022;Anual;1.643;1.600;213;21;Casco Histórico de Barajas;Barajas
2013;Anual;1.092;1.130;95;9;Valdemarín;Moncloa - Aravaca
2014;Anual;994;1.050;95;9;Valdemarín;Moncloa - Aravaca
2015;Anual;986;1.072;95;9;Valdemarín;Moncloa - Aravaca
2016;Anual;817;908;95;9;Valdemarín;Moncloa - Aravaca
2017;Anual;1.198;1.276;95;9;Valdemarín;Moncloa - Aravaca
2018;Anual;1.173;1.288;95;9;Valdemarín;Moncloa - Aravaca
2019;Anual;1.221;1.327;95;9;Valdemarín;Moncloa - Aravaca
2020;Anual;1.258;1.350;95;9;Valdemarín;Moncloa - Aravaca
2021;Anual;1.307;1.401;95;9;Valdemarín;Moncloa - Aravaca
2022;Anual;1.332;1.405;95;9;Valdemarín;Moncloa - Aravaca
2013;Anual;3.567;4.023;64;6;Almenara;Tetuán
2014;Anual;3.129;3.630;64;6;Almenara;Tetuán
2015;Anual;3.182;3.598;64;6;Almenara;Tetuán
2016;Anual;3.607;4.123;64;6;Almenara;Tetuán
2017;Anual;3.951;4.470;64;6;Almenara;Tetuán
2018;Anual;4.003;4.502;64;6;Almenara;Tetuán
2019;Anual;4.234;4.759;64;6;Almenara;Tetuán
2020;Anual;4.371;4.720;64;6;Almenara;Tetuán
2021;Anual;4.368;4.686;64;6;Almenara;Tetuán
2022;Anual;4.614;4.820;64;6;Almenara;Tetuán
2013;Anual;4.596;5.346;65;6;Valdeacederas;Tetuán
2014;Anual;4.038;4.694;65;6;Valdeacederas;Tetuán
2015;Anual;4.032;4.664;65;6;Valdeacederas;Tetuán
2016;Anual;4.636;5.340;65;6;Valdeacederas;Tetuán
2017;Anual;5.110;5.779;65;6;Valdeacederas;Tetuán
2018;Anual;5.168;5.813;65;6;Valdeacederas;Tetuán
2019;Anual;5.458;6.016;65;6;Valdeacederas;Tetuán
2020;Anual;5.586;5.983;65;6;Valdeacederas;Tetuán
2021;Anual;5.596;6.007;65;6;Valdeacederas;Tetuán
2022;Anual;5.849;6.211;65;6;Valdeacederas;Tetuán
2013;Anual;5.157;5.484;94;9;Valdezarza;Moncloa - Aravaca
2014;Anual;4.583;4.855;94;9;Valdezarza;Moncloa - Aravaca
2015;Anual;4.590;4.867;94;9;Valdezarza;Moncloa - Aravaca
2016;Anual;4.748;5.100;94;9;Valdezarza;Moncloa - Aravaca
2017;Anual;5.237;5.679;94;9;Valdezarza;Moncloa - Aravaca
2018;Anual;5.291;5.694;94;9;Valdezarza;Moncloa - Aravaca
2019;Anual;5.508;5.752;94;9;Valdezarza;Moncloa - Aravaca
2020;Anual;5.667;5.867;94;9;Valdezarza;Moncloa - Aravaca
2021;Anual;5.515;5.887;94;9;Valdezarza;Moncloa - Aravaca
2022;Anual;5.704;6.128;94;9;Valdezarza;Moncloa - Aravaca
2013;Anual;1.458;1.436;215;21;Corralejos;Barajas
2014;Anual;980;982;215;21;Corralejos;Barajas
2015;Anual;984;978;215;21;Corralejos;Barajas
2016;Anual;1.484;1.466;215;21;Corralejos;Barajas
2017;Anual;1.568;1.538;215;21;Corralejos;Barajas
2018;Anual;1.573;1.570;215;21;Corralejos;Barajas
2019;Anual;1.646;1.653;215;21;Corralejos;Barajas
2020;Anual;1.669;1.676;215;21;Corralejos;Barajas
2021;Anual;1.657;1.681;215;21;Corralejos;Barajas
2022;Anual;1.698;1.724;215;21;Corralejos;Barajas
2013;Anual;7.406;7.668;163;16;Canillas;Hortaleza
2014;Anual;6.556;6.882;163;16;Canillas;Hortaleza
2015;Anual;6.578;6.848;163;16;Canillas;Hortaleza
2016;Anual;7.276;7.607;163;16;Canillas;Hortaleza
2017;Anual;7.426;7.777;163;16;Canillas;Hortaleza
2018;Anual;7.431;7.811;163;16;Canillas;Hortaleza
2019;Anual;7.537;7.979;163;16;Canillas;Hortaleza
2020;Anual;7.635;7.896;163;16;Canillas;Hortaleza
2021;Anual;7.471;7.777;163;16;Canillas;Hortaleza
2022;Anual;7.517;7.950;163;16;Canillas;Hortaleza
2013;Anual;3.987;4.394;55;5;Nueva España;Chamartín
2014;Anual;3.498;3.928;55;5;Nueva España;Chamartín
2015;Anual;3.534;3.902;55;5;Nueva España;Chamartín
2016;Anual;4.092;4.452;55;5;Nueva España;Chamartín
2017;Anual;4.407;4.765;55;5;Nueva España;Chamartín
2018;Anual;4.438;4.748;55;5;Nueva España;Chamartín
2019;Anual;4.639;4.945;55;5;Nueva España;Chamartín
2020;Anual;4.772;5.028;55;5;Nueva España;Chamartín
2021;Anual;4.840;5.081;55;5;Nueva España;Chamartín
2013;Anual;243;308;158;15;Atalaya;Ciudad Lineal
2014;Anual;213;262;158;15;Atalaya;Ciudad Lineal
2015;Anual;217;253;158;15;Atalaya;Ciudad Lineal
2016;Anual;253;312;158;15;Atalaya;Ciudad Lineal
2017;Anual;245;307;158;15;Atalaya;Ciudad Lineal
2018;Anual;240;304;158;15;Atalaya;Ciudad Lineal
2019;Anual;247;304;158;15;Atalaya;Ciudad Lineal
2020;Anual;245;311;158;15;Atalaya;Ciudad Lineal
2021;Anual;258;299;158;15;Atalaya;Ciudad Lineal
2022;Anual;276;318;158;15;Atalaya;Ciudad Lineal
2013;Anual;4.399;4.902;97;9;Aravaca;Moncloa - Aravaca
2014;Anual;3.703;4.110;97;9;Aravaca;Moncloa - Aravaca
2015;Anual;3.755;4.107;97;9;Aravaca;Moncloa - Aravaca
2016;Anual;4.489;4.954;97;9;Aravaca;Moncloa - Aravaca
2017;Anual;4.624;5.131;97;9;Aravaca;Moncloa - Aravaca
2018;Anual;4.695;5.167;97;9;Aravaca;Moncloa - Aravaca
2019;Anual;4.898;5.385;97;9;Aravaca;Moncloa - Aravaca
2020;Anual;5.047;5.425;97;9;Aravaca;Moncloa - Aravaca
2021;Anual;5.178;5.446;97;9;Aravaca;Moncloa - Aravaca
2022;Anual;5.254;5.566;97;9;Aravaca;Moncloa - Aravaca
2013;Anual;3.472;3.876;63;6;Castillejos;Tetuán
2014;Anual;2.997;3.484;63;6;Castillejos;Tetuán
2015;Anual;3.008;3.417;63;6;Castillejos;Tetuán
2016;Anual;3.416;3.811;63;6;Castillejos;Tetuán
2017;Anual;3.763;4.128;63;6;Castillejos;Tetuán
2018;Anual;3.758;4.065;63;6;Castillejos;Tetuán
2019;Anual;3.924;4.263;63;6;Castillejos;Tetuán
2020;Anual;4.020;4.306;63;6;Castillejos;Tetuán
2021;Anual;4.063;4.337;63;6;Castillejos;Tetuán
2022;Anual;4.152;4.483;63;6;Castillejos;Tetuán
2013;Anual;3.686;3.681;211;21;Alameda de Osuna;Barajas
2014;Anual;3.128;3.169;211;21;Alameda de Osuna;Barajas
2015;Anual;3.121;3.182;211;21;Alameda de Osuna;Barajas
2016;Anual;3.448;3.604;211;21;Alameda de Osuna;Barajas
2017;Anual;3.521;3.592;211;21;Alameda de Osuna;Barajas
2018;Anual;3.548;3.558;211;21;Alameda de Osuna;Barajas
2019;Anual;3.580;3.601;211;21;Alameda de Osuna;Barajas
2020;Anual;3.625;3.684;211;21;Alameda de Osuna;Barajas
2021;Anual;3.597;3.674;211;21;Alameda de Osuna;Barajas
2022;Anual;3.646;3.738;211;21;Alameda de Osuna;Barajas
2013;Anual;4.178;5.218;66;6;Berruguete;Tetuán
2014;Anual;3.604;4.640;66;6;Berruguete;Tetuán
2015;Anual;3.603;4.568;66;6;Berruguete;Tetuán
2016;Anual;4.152;5.214;66;6;Berruguete;Tetuán
2017;Anual;4.489;5.644;66;6;Berruguete;Tetuán
2018;Anual;4.582;5.611;66;6;Berruguete;Tetuán
2019;Anual;4.842;5.879;66;6;Berruguete;Tetuán
2020;Anual;5.023;5.842;66;6;Berruguete;Tetuán
2021;Anual;5.041;5.857;66;6;Berruguete;Tetuán
2022;Anual;5.158;5.952;66;6;Berruguete;Tetuán
2013;Anual;1.085;1.188;157;15;Colina;Ciudad Lineal
2014;Anual;922;1.041;157;15;Colina;Ciudad Lineal
2015;Anual;937;1.043;157;15;Colina;Ciudad Lineal
2016;Anual;1.046;1.151;157;15;Colina;Ciudad Lineal
2017;Anual;1.075;1.197;157;15;Colina;Ciudad Lineal
2018;Anual;1.100;1.179;157;15;Colina;Ciudad Lineal
2019;Anual;1.135;1.287;157;15;Colina;Ciudad Lineal
2020;Anual;1.215;1.320;157;15;Colina;Ciudad Lineal
2021;Anual;1.233;1.313;157;15;Colina;Ciudad Lineal
2022;Anual;1.265;1.313;157;15;Colina;Ciudad Lineal
2013;Anual;2.705;2.712;162;16;Piovera;Hortaleza
2014;Anual;2.402;2.444;162;16;Piovera;Hortaleza
2015;Anual;2.374;2.460;162;16;Piovera;Hortaleza
2016;Anual;2.746;2.791;162;16;Piovera;Hortaleza
2017;Anual;2.887;2.852;162;16;Piovera;Hortaleza
2018;Anual;2.879;2.875;162;16;Piovera;Hortaleza
2019;Anual;2.959;3.011;162;16;Piovera;Hortaleza
2020;Anual;2.998;2.998;162;16;Piovera;Hortaleza
2021;Anual;2.950;2.985;162;16;Piovera;Hortaleza
2022;Anual;2.978;3.000;162;16;Piovera;Hortaleza
2013;Anual;5.219;5.675;54;5;Hispanoamérica;Chamartín
2014;Anual;4.630;5.041;54;5;Hispanoamérica;Chamartín
2015;Anual;4.575;5.033;54;5;Hispanoamérica;Chamartín
2016;Anual;5.251;5.716;54;5;Hispanoamérica;Chamartín
2017;Anual;5.527;6.014;54;5;Hispanoamérica;Chamartín
2018;Anual;5.588;6.001;54;5;Hispanoamérica;Chamartín
2019;Anual;5.762;6.129;54;5;Hispanoamérica;Chamartín
2020;Anual;5.835;6.305;54;5;Hispanoamérica;Chamartín
2021;Anual;5.840;6.399;54;5;Hispanoamérica;Chamartín
2013;Anual;4.690;5.861;61;6;Bellas Vistas;Tetuán
2014;Anual;4.102;5.180;61;6;Bellas Vistas;Tetuán
2015;Anual;4.126;5.046;61;6;Bellas Vistas;Tetuán
2016;Anual;4.742;5.834;61;6;Bellas Vistas;Tetuán
2017;Anual;5.140;6.160;61;6;Bellas Vistas;Tetuán
2018;Anual;5.276;6.179;61;6;Bellas Vistas;Tetuán
2019;Anual;5.592;6.397;61;6;Bellas Vistas;Tetuán
2020;Anual;5.762;6.454;61;6;Bellas Vistas;Tetuán
2021;Anual;5.694;6.415;61;6;Bellas Vistas;Tetuán
2022;Anual;5.883;6.499;61;6;Bellas Vistas;Tetuán
2013;Anual;924;836;161;16;Palomas;Hortaleza
2014;Anual;1.129;1.027;161;16;Palomas;Hortaleza
2015;Anual;1.129;1.046;161;16;Palomas;Hortaleza
2016;Anual;1.269;1.181;161;16;Palomas;Hortaleza
2017;Anual;1.284;1.219;161;16;Palomas;Hortaleza
2018;Anual;1.292;1.241;161;16;Palomas;Hortaleza
2019;Anual;1.329;1.270;161;16;Palomas;Hortaleza
2020;Anual;1.349;1.282;161;16;Palomas;Hortaleza
2021;Anual;1.307;1.279;161;16;Palomas;Hortaleza
2022;Anual;1.330;1.317;161;16;Palomas;Hortaleza
2013;Anual;5.687;6.738;62;6;Cuatro Caminos;Tetuán
2014;Anual;5.031;6.054;62;6;Cuatro Caminos;Tetuán
2015;Anual;4.975;5.889;62;6;Cuatro Caminos;Tetuán
2016;Anual;5.737;6.640;62;6;Cuatro Caminos;Tetuán
2017;Anual;6.274;7.197;62;6;Cuatro Caminos;Tetuán
2018;Anual;6.272;7.090;62;6;Cuatro Caminos;Tetuán
2019;Anual;6.529;7.270;62;6;Cuatro Caminos;Tetuán
2020;Anual;6.754;7.475;62;6;Cuatro Caminos;Tetuán
2021;Anual;6.765;7.500;62;6;Cuatro Caminos;Tetuán
2022;Anual;6.986;7.732;62;6;Cuatro Caminos;Tetuán
2013;Anual;2.209;2.298;156;15;San Juan Bautista;Ciudad Lineal
2014;Anual;1.924;2.018;156;15;San Juan Bautista;Ciudad Lineal
2015;Anual;1.898;2.087;156;15;San Juan Bautista;Ciudad Lineal
2016;Anual;2.172;2.343;156;15;San Juan Bautista;Ciudad Lineal
2017;Anual;2.295;2.420;156;15;San Juan Bautista;Ciudad Lineal
2018;Anual;2.293;2.438;156;15;San Juan Bautista;Ciudad Lineal
2019;Anual;2.335;2.555;156;15;San Juan Bautista;Ciudad Lineal
2020;Anual;2.372;2.496;156;15;San Juan Bautista;Ciudad Lineal
2021;Anual;2.380;2.535;156;15;San Juan Bautista;Ciudad Lineal
2022;Anual;2.464;2.536;156;15;San Juan Bautista;Ciudad Lineal
2013;Anual;6.490;7.335;52;5;Prosperidad;Chamartín
2014;Anual;5.755;6.505;52;5;Prosperidad;Chamartín
2015;Anual;5.706;6.472;52;5;Prosperidad;Chamartín
2016;Anual;6.460;7.177;52;5;Prosperidad;Chamartín
2017;Anual;6.831;7.511;52;5;Prosperidad;Chamartín
2018;Anual;6.836;7.491;52;5;Prosperidad;Chamartín
2019;Anual;7.041;7.849;52;5;Prosperidad;Chamartín
2020;Anual;7.209;7.863;52;5;Prosperidad;Chamartín
2021;Anual;7.150;7.757;52;5;Prosperidad;Chamartín
2013;Anual;3.150;3.793;53;5;Ciudad Jardín;Chamartín
2014;Anual;2.792;3.328;53;5;Ciudad Jardín;Chamartín
2015;Anual;2.784;3.315;53;5;Ciudad Jardín;Chamartín
2016;Anual;3.194;3.804;53;5;Ciudad Jardín;Chamartín
2017;Anual;3.324;3.970;53;5;Ciudad Jardín;Chamartín
2018;Anual;3.375;3.941;53;5;Ciudad Jardín;Chamartín
2019;Anual;3.504;4.119;53;5;Ciudad Jardín;Chamartín
2020;Anual;3.599;4.089;53;5;Ciudad Jardín;Chamartín
2021;Anual;3.557;4.085;53;5;Ciudad Jardín;Chamartín
2013;Anual;2.892;3.151;51;5;El Viso;Chamartín
2014;Anual;2.567;2.834;51;5;El Viso;Chamartín
2015;Anual;2.574;2.817;51;5;El Viso;Chamartín
2016;Anual;3.034;3.186;51;5;El Viso;Chamartín
2017;Anual;3.197;3.305;51;5;El Viso;Chamartín
2018;Anual;3.186;3.316;51;5;El Viso;Chamartín
2019;Anual;3.334;3.419;51;5;El Viso;Chamartín
2020;Anual;3.306;3.498;51;5;El Viso;Chamartín
2021;Anual;3.298;3.559;51;5;El Viso;Chamartín
2013;Anual;1.951;2.060;91;9;Casa de Campo;Moncloa - Aravaca
2014;Anual;1.716;1.837;91;9;Casa de Campo;Moncloa - Aravaca
2015;Anual;1.712;1.849;91;9;Casa de Campo;Moncloa - Aravaca
2016;Anual;2.169;2.229;91;9;Casa de Campo;Moncloa - Aravaca
2017;Anual;2.325;2.396;91;9;Casa de Campo;Moncloa - Aravaca
2018;Anual;2.345;2.419;91;9;Casa de Campo;Moncloa - Aravaca
2019;Anual;2.445;2.501;91;9;Casa de Campo;Moncloa - Aravaca
2020;Anual;2.489;2.538;91;9;Casa de Campo;Moncloa - Aravaca
2021;Anual;2.541;2.585;91;9;Casa de Campo;Moncloa - Aravaca
2022;Anual;2.556;2.627;91;9;Casa de Campo;Moncloa - Aravaca
2013;Anual;3.163;2.976;206;20;Rejas;San Blas - Canillejas
2014;Anual;2.836;2.747;206;20;Rejas;San Blas - Canillejas
2015;Anual;2.872;2.728;206;20;Rejas;San Blas - Canillejas
2016;Anual;3.258;3.121;206;20;Rejas;San Blas - Canillejas
2017;Anual;3.525;3.445;206;20;Rejas;San Blas - Canillejas
2018;Anual;3.543;3.436;206;20;Rejas;San Blas - Canillejas
2019;Anual;3.730;3.579;206;20;Rejas;San Blas - Canillejas
2020;Anual;3.916;3.666;206;20;Rejas;San Blas - Canillejas
2021;Anual;3.929;3.717;206;20;Rejas;San Blas - Canillejas
2022;Anual;3.952;3.846;206;20;Rejas;San Blas - Canillejas
2013;Anual;2.167;2.286;208;20;El Salvador;San Blas - Canillejas
2014;Anual;1.925;1.985;208;20;El Salvador;San Blas - Canillejas
2015;Anual;1.915;2.023;208;20;El Salvador;San Blas - Canillejas
2016;Anual;2.165;2.244;208;20;El Salvador;San Blas - Canillejas
2017;Anual;2.195;2.284;208;20;El Salvador;San Blas - Canillejas
2018;Anual;2.208;2.295;208;20;El Salvador;San Blas - Canillejas
2019;Anual;2.278;2.274;208;20;El Salvador;San Blas - Canillejas
2020;Anual;2.286;2.338;208;20;El Salvador;San Blas - Canillejas
2021;Anual;2.249;2.295;208;20;El Salvador;San Blas - Canillejas
2022;Anual;2.287;2.365;208;20;El Salvador;San Blas - Canillejas
2013;Anual;6.785;6.496;205;20;Rosas;San Blas - Canillejas
2014;Anual;5.982;5.799;205;20;Rosas;San Blas - Canillejas
2015;Anual;6.018;5.903;205;20;Rosas;San Blas - Canillejas
2016;Anual;6.723;6.595;205;20;Rosas;San Blas - Canillejas
2017;Anual;6.814;6.732;205;20;Rosas;San Blas - Canillejas
2018;Anual;6.854;6.820;205;20;Rosas;San Blas - Canillejas
2019;Anual;6.948;7.017;205;20;Rosas;San Blas - Canillejas
2020;Anual;7.050;7.096;205;20;Rosas;San Blas - Canillejas
2021;Anual;6.879;7.027;205;20;Rosas;San Blas - Canillejas
2022;Anual;6.950;7.227;205;20;Rosas;San Blas - Canillejas
2013;Anual;4.970;5.337;207;20;Canillejas;San Blas - Canillejas
2014;Anual;4.329;4.790;207;20;Canillejas;San Blas - Canillejas
2015;Anual;4.367;4.803;207;20;Canillejas;San Blas - Canillejas
2016;Anual;4.957;5.396;207;20;Canillejas;San Blas - Canillejas
2017;Anual;5.106;5.514;207;20;Canillejas;San Blas - Canillejas
2018;Anual;5.259;5.599;207;20;Canillejas;San Blas - Canillejas
2019;Anual;5.418;5.714;207;20;Canillejas;San Blas - Canillejas
2020;Anual;5.566;5.742;207;20;Canillejas;San Blas - Canillejas
2021;Anual;5.424;5.668;207;20;Canillejas;San Blas - Canillejas
2022;Anual;5.576;5.876;207;20;Canillejas;San Blas - Canillejas
2013;Anual;3.092;3.543;155;15;San Pascual;Ciudad Lineal
2014;Anual;2.615;3.078;155;15;San Pascual;Ciudad Lineal
2015;Anual;2.652;3.116;155;15;San Pascual;Ciudad Lineal
2016;Anual;3.054;3.490;155;15;San Pascual;Ciudad Lineal
2017;Anual;3.192;3.669;155;15;San Pascual;Ciudad Lineal
2018;Anual;3.210;3.665;155;15;San Pascual;Ciudad Lineal
2019;Anual;3.294;3.675;155;15;San Pascual;Ciudad Lineal
2020;Anual;3.310;3.676;155;15;San Pascual;Ciudad Lineal
2021;Anual;3.256;3.564;155;15;San Pascual;Ciudad Lineal
2022;Anual;3.288;3.564;155;15;San Pascual;Ciudad Lineal
2013;Anual;2.993;3.711;76;7;Vallehermoso;Chamberí
2014;Anual;2.708;3.318;76;7;Vallehermoso;Chamberí
2015;Anual;2.692;3.258;76;7;Vallehermoso;Chamberí
2016;Anual;3.062;3.688;76;7;Vallehermoso;Chamberí
2017;Anual;3.222;3.873;76;7;Vallehermoso;Chamberí
2018;Anual;3.253;3.832;76;7;Vallehermoso;Chamberí
2019;Anual;3.348;3.928;76;7;Vallehermoso;Chamberí
2020;Anual;3.429;4.033;76;7;Vallehermoso;Chamberí
2021;Anual;3.475;4.028;76;7;Vallehermoso;Chamberí
2022;Anual;3.599;4.063;76;7;Vallehermoso;Chamberí
2013;Anual;4.473;5.532;75;7;Ríos Rosas;Chamberí
2014;Anual;3.940;4.866;75;7;Ríos Rosas;Chamberí
2015;Anual;3.955;4.806;75;7;Ríos Rosas;Chamberí
2016;Anual;4.527;5.431;75;7;Ríos Rosas;Chamberí
2017;Anual;4.891;5.810;75;7;Ríos Rosas;Chamberí
2018;Anual;4.901;5.736;75;7;Ríos Rosas;Chamberí
2019;Anual;5.093;5.918;75;7;Ríos Rosas;Chamberí
2020;Anual;5.273;6.000;75;7;Ríos Rosas;Chamberí
2021;Anual;5.245;6.008;75;7;Ríos Rosas;Chamberí
2022;Anual;5.287;6.029;75;7;Ríos Rosas;Chamberí
2013;Anual;3.391;3.938;154;15;La Concepción;Ciudad Lineal
2014;Anual;2.972;3.485;154;15;La Concepción;Ciudad Lineal
2015;Anual;2.967;3.403;154;15;La Concepción;Ciudad Lineal
2016;Anual;3.400;3.901;154;15;La Concepción;Ciudad Lineal
2017;Anual;3.629;4.185;154;15;La Concepción;Ciudad Lineal
2018;Anual;3.666;4.134;154;15;La Concepción;Ciudad Lineal
2019;Anual;3.843;4.305;154;15;La Concepción;Ciudad Lineal
2020;Anual;3.908;4.336;154;15;La Concepción;Ciudad Lineal
2021;Anual;3.868;4.325;154;15;La Concepción;Ciudad Lineal
2022;Anual;3.990;4.427;154;15;La Concepción;Ciudad Lineal
2013;Anual;7.049;7.961;44;4;Guindalera;Salamanca
2014;Anual;6.251;7.041;44;4;Guindalera;Salamanca
2015;Anual;6.249;6.932;44;4;Guindalera;Salamanca
2016;Anual;7.201;7.830;44;4;Guindalera;Salamanca
2017;Anual;7.694;8.363;44;4;Guindalera;Salamanca
2018;Anual;7.716;8.346;44;4;Guindalera;Salamanca
2019;Anual;8.142;8.589;44;4;Guindalera;Salamanca
2020;Anual;8.238;8.643;44;4;Guindalera;Salamanca
2021;Anual;8.317;8.722;44;4;Guindalera;Salamanca
2022;Anual;8.508;8.973;44;4;Guindalera;Salamanca
2013;Anual;4.356;4.742;201;20;Simancas;San Blas - Canillejas
2014;Anual;4.126;4.532;201;20;Simancas;San Blas - Canillejas
2015;Anual;4.144;4.500;201;20;Simancas;San Blas - Canillejas
2016;Anual;4.811;5.161;201;20;Simancas;San Blas - Canillejas
2017;Anual;5.147;5.595;201;20;Simancas;San Blas - Canillejas
2018;Anual;5.268;5.623;201;20;Simancas;San Blas - Canillejas
2019;Anual;5.524;5.947;201;20;Simancas;San Blas - Canillejas
2020;Anual;5.748;6.106;201;20;Simancas;San Blas - Canillejas
2021;Anual;5.779;6.034;201;20;Simancas;San Blas - Canillejas
2022;Anual;5.924;6.236;201;20;Simancas;San Blas - Canillejas
2013;Anual;3.928;4.955;153;15;Quintana;Ciudad Lineal
2014;Anual;3.335;4.360;153;15;Quintana;Ciudad Lineal
2015;Anual;3.324;4.288;153;15;Quintana;Ciudad Lineal
2016;Anual;3.998;4.891;153;15;Quintana;Ciudad Lineal
2017;Anual;4.244;5.088;153;15;Quintana;Ciudad Lineal
2018;Anual;4.315;5.188;153;15;Quintana;Ciudad Lineal
2019;Anual;4.603;5.381;153;15;Quintana;Ciudad Lineal
2020;Anual;4.724;5.437;153;15;Quintana;Ciudad Lineal
2021;Anual;4.690;5.427;153;15;Quintana;Ciudad Lineal
2022;Anual;4.842;5.524;153;15;Quintana;Ciudad Lineal
2013;Anual;3.679;4.489;71;7;Gaztambide;Chamberí
2014;Anual;3.262;3.896;71;7;Gaztambide;Chamberí
2015;Anual;3.261;3.820;71;7;Gaztambide;Chamberí
2016;Anual;3.668;4.406;71;7;Gaztambide;Chamberí
2017;Anual;3.845;4.609;71;7;Gaztambide;Chamberí
2018;Anual;3.931;4.491;71;7;Gaztambide;Chamberí
2019;Anual;4.082;4.598;71;7;Gaztambide;Chamberí
2020;Anual;4.234;4.720;71;7;Gaztambide;Chamberí
2021;Anual;4.255;4.848;71;7;Gaztambide;Chamberí
2022;Anual;4.295;4.836;71;7;Gaztambide;Chamberí
2013;Anual;4.156;4.964;72;7;Arapiles;Chamberí
2014;Anual;3.613;4.307;72;7;Arapiles;Chamberí
2015;Anual;3.609;4.204;72;7;Arapiles;Chamberí
2016;Anual;4.127;4.756;72;7;Arapiles;Chamberí
2017;Anual;4.400;5.070;72;7;Arapiles;Chamberí
2018;Anual;4.415;5.018;72;7;Arapiles;Chamberí
2019;Anual;4.626;5.125;72;7;Arapiles;Chamberí
2020;Anual;4.774;5.161;72;7;Arapiles;Chamberí
2021;Anual;4.834;5.192;72;7;Arapiles;Chamberí
2022;Anual;4.852;5.235;72;7;Arapiles;Chamberí
2013;Anual;4.291;5.177;73;7;Trafalgar;Chamberí
2014;Anual;3.726;4.568;73;7;Trafalgar;Chamberí
2015;Anual;3.673;4.474;73;7;Trafalgar;Chamberí
2016;Anual;4.338;5.138;73;7;Trafalgar;Chamberí
2017;Anual;4.713;5.546;73;7;Trafalgar;Chamberí
2018;Anual;4.741;5.464;73;7;Trafalgar;Chamberí
2019;Anual;4.920;5.534;73;7;Trafalgar;Chamberí
2020;Anual;5.036;5.616;73;7;Trafalgar;Chamberí
2021;Anual;4.992;5.589;73;7;Trafalgar;Chamberí
2022;Anual;5.058;5.670;73;7;Trafalgar;Chamberí
2013;Anual;3.181;3.711;74;7;Almagro;Chamberí
2014;Anual;2.868;3.281;74;7;Almagro;Chamberí
2015;Anual;2.835;3.254;74;7;Almagro;Chamberí
2016;Anual;3.380;3.745;74;7;Almagro;Chamberí
2017;Anual;3.556;3.936;74;7;Almagro;Chamberí
2018;Anual;3.557;3.935;74;7;Almagro;Chamberí
2019;Anual;3.675;3.990;74;7;Almagro;Chamberí
2020;Anual;3.698;4.074;74;7;Almagro;Chamberí
2021;Anual;3.658;4.015;74;7;Almagro;Chamberí
2022;Anual;3.725;4.018;74;7;Almagro;Chamberí
2013;Anual;2.601;3.133;46;4;Castellana;Salamanca
2014;Anual;2.338;2.769;46;4;Castellana;Salamanca
2015;Anual;2.329;2.716;46;4;Castellana;Salamanca
2016;Anual;2.725;3.086;46;4;Castellana;Salamanca
2017;Anual;2.757;3.229;46;4;Castellana;Salamanca
2018;Anual;2.779;3.270;46;4;Castellana;Salamanca
2019;Anual;2.862;3.296;46;4;Castellana;Salamanca
2020;Anual;2.920;3.259;46;4;Castellana;Salamanca
2021;Anual;2.866;3.247;46;4;Castellana;Salamanca
2022;Anual;2.895;3.248;46;4;Castellana;Salamanca
2013;Anual;10.548;11.908;152;15;Pueblo Nuevo;Ciudad Lineal
2014;Anual;9.129;10.526;152;15;Pueblo Nuevo;Ciudad Lineal
2015;Anual;9.135;10.490;152;15;Pueblo Nuevo;Ciudad Lineal
2016;Anual;10.579;11.966;152;15;Pueblo Nuevo;Ciudad Lineal
2017;Anual;11.080;12.541;152;15;Pueblo Nuevo;Ciudad Lineal
2018;Anual;11.327;12.651;152;15;Pueblo Nuevo;Ciudad Lineal
2019;Anual;11.906;13.202;152;15;Pueblo Nuevo;Ciudad Lineal
2020;Anual;12.224;13.232;152;15;Pueblo Nuevo;Ciudad Lineal
2021;Anual;12.101;13.110;152;15;Pueblo Nuevo;Ciudad Lineal
2022;Anual;12.419;13.553;152;15;Pueblo Nuevo;Ciudad Lineal
2013;Anual;3.342;3.866;45;4;Lista;Salamanca
2014;Anual;2.930;3.479;45;4;Lista;Salamanca
2015;Anual;2.893;3.405;45;4;Lista;Salamanca
2016;Anual;3.279;3.902;45;4;Lista;Salamanca
2017;Anual;3.458;4.160;45;4;Lista;Salamanca
2018;Anual;3.507;4.158;45;4;Lista;Salamanca
2019;Anual;3.704;4.340;45;4;Lista;Salamanca
2020;Anual;3.751;4.310;45;4;Lista;Salamanca
2021;Anual;3.655;4.298;45;4;Lista;Salamanca
2022;Anual;3.763;4.368;45;4;Lista;Salamanca
2013;Anual;4.021;4.496;92;9;Argüelles;Moncloa - Aravaca
2014;Anual;3.504;3.921;92;9;Argüelles;Moncloa - Aravaca
2015;Anual;3.480;3.877;92;9;Argüelles;Moncloa - Aravaca
2016;Anual;3.974;4.462;92;9;Argüelles;Moncloa - Aravaca
2017;Anual;4.264;4.664;92;9;Argüelles;Moncloa - Aravaca
2018;Anual;4.309;4.596;92;9;Argüelles;Moncloa - Aravaca
2019;Anual;4.437;4.627;92;9;Argüelles;Moncloa - Aravaca
2020;Anual;4.519;4.725;92;9;Argüelles;Moncloa - Aravaca
2021;Anual;4.541;4.736;92;9;Argüelles;Moncloa - Aravaca
2022;Anual;4.563;4.820;92;9;Argüelles;Moncloa - Aravaca
2013;Anual;1.371;1.429;202;20;Hellín;San Blas - Canillejas
2014;Anual;1.191;1.227;202;20;Hellín;San Blas - Canillejas
2015;Anual;1.212;1.252;202;20;Hellín;San Blas - Canillejas
2016;Anual;1.371;1.478;202;20;Hellín;San Blas - Canillejas
2017;Anual;1.540;1.589;202;20;Hellín;San Blas - Canillejas
2018;Anual;1.601;1.650;202;20;Hellín;San Blas - Canillejas
2019;Anual;1.668;1.721;202;20;Hellín;San Blas - Canillejas
2020;Anual;1.739;1.798;202;20;Hellín;San Blas - Canillejas
2021;Anual;1.679;1.799;202;20;Hellín;San Blas - Canillejas
2022;Anual;1.826;1.906;202;20;Hellín;San Blas - Canillejas
2013;Anual;7.792;9.301;151;15;Ventas;Ciudad Lineal
2014;Anual;6.736;8.205;151;15;Ventas;Ciudad Lineal
2015;Anual;6.800;8.124;151;15;Ventas;Ciudad Lineal
2016;Anual;7.700;9.191;151;15;Ventas;Ciudad Lineal
2017;Anual;8.254;9.636;151;15;Ventas;Ciudad Lineal
2018;Anual;8.436;9.647;151;15;Ventas;Ciudad Lineal
2019;Anual;8.857;10.082;151;15;Ventas;Ciudad Lineal
2020;Anual;9.130;10.220;151;15;Ventas;Ciudad Lineal
2021;Anual;9.165;10.208;151;15;Ventas;Ciudad Lineal
2022;Anual;9.402;10.582;151;15;Ventas;Ciudad Lineal
2013;Anual;3.595;4.345;43;4;Fuente del Berro;Salamanca
2014;Anual;3.152;3.786;43;4;Fuente del Berro;Salamanca
2015;Anual;3.155;3.755;43;4;Fuente del Berro;Salamanca
2016;Anual;3.597;4.204;43;4;Fuente del Berro;Salamanca
2017;Anual;3.749;4.455;43;4;Fuente del Berro;Salamanca
2018;Anual;3.798;4.460;43;4;Fuente del Berro;Salamanca
2019;Anual;3.920;4.583;43;4;Fuente del Berro;Salamanca
2020;Anual;4.049;4.661;43;4;Fuente del Berro;Salamanca
2021;Anual;4.036;4.592;43;4;Fuente del Berro;Salamanca
2022;Anual;4.102;4.667;43;4;Fuente del Berro;Salamanca
2013;Anual;6.339;6.480;15;1;Universidad;Centro
2014;Anual;5.451;5.631;15;1;Universidad;Centro
2015;Anual;5.357;5.489;15;1;Universidad;Centro
2016;Anual;6.315;6.187;15;1;Universidad;Centro
2017;Anual;6.938;6.679;15;1;Universidad;Centro
2018;Anual;6.843;6.535;15;1;Universidad;Centro
2019;Anual;7.104;6.720;15;1;Universidad;Centro
2020;Anual;7.492;6.720;15;1;Universidad;Centro
2021;Anual;7.888;6.720;15;1;Universidad;Centro
2022;Anual;8.244;7.229;15;1;Universidad;Centro
2013;Anual;2.527;2.765;41;4;Recoletos;Salamanca
2014;Anual;2.149;2.417;41;4;Recoletos;Salamanca
2015;Anual;2.162;2.406;41;4;Recoletos;Salamanca
2016;Anual;2.545;2.786;41;4;Recoletos;Salamanca
2017;Anual;2.637;2.917;41;4;Recoletos;Salamanca
2018;Anual;2.614;2.902;41;4;Recoletos;Salamanca
2019;Anual;2.688;2.904;41;4;Recoletos;Salamanca
2020;Anual;2.722;2.851;41;4;Recoletos;Salamanca
2021;Anual;2.691;2.853;41;4;Recoletos;Salamanca
2022;Anual;2.743;2.861;41;4;Recoletos;Salamanca
2013;Anual;3.455;3.235;14;1;Justicia;Centro
2014;Anual;2.989;2.798;14;1;Justicia;Centro
2015;Anual;2.932;2.686;14;1;Justicia;Centro
2016;Anual;3.385;3.092;14;1;Justicia;Centro
2017;Anual;3.709;3.319;14;1;Justicia;Centro
2018;Anual;3.654;3.272;14;1;Justicia;Centro
2019;Anual;3.831;3.335;14;1;Justicia;Centro
2020;Anual;4.053;3.335;14;1;Justicia;Centro
2021;Anual;4.288;3.335;14;1;Justicia;Centro
2022;Anual;4.505;3.658;14;1;Justicia;Centro
2013;Anual;1.228;1.344;203;20;Amposta;San Blas - Canillejas
2014;Anual;1.074;1.161;203;20;Amposta;San Blas - Canillejas
2015;Anual;1.071;1.193;203;20;Amposta;San Blas - Canillejas
2016;Anual;1.225;1.387;203;20;Amposta;San Blas - Canillejas
2017;Anual;1.299;1.518;203;20;Amposta;San Blas - Canillejas
2018;Anual;1.387;1.522;203;20;Amposta;San Blas - Canillejas
2019;Anual;1.471;1.600;203;20;Amposta;San Blas - Canillejas
2020;Anual;1.533;1.650;203;20;Amposta;San Blas - Canillejas
2021;Anual;1.575;1.627;203;20;Amposta;San Blas - Canillejas
2022;Anual;1.639;1.730;203;20;Amposta;San Blas - Canillejas
2013;Anual;4.759;5.773;42;4;Goya;Salamanca
2014;Anual;4.220;5.074;42;4;Goya;Salamanca
2015;Anual;4.253;4.977;42;4;Goya;Salamanca
2016;Anual;4.808;5.796;42;4;Goya;Salamanca
2017;Anual;5.131;6.140;42;4;Goya;Salamanca
2018;Anual;5.126;6.065;42;4;Goya;Salamanca
2019;Anual;5.306;6.277;42;4;Goya;Salamanca
2020;Anual;5.365;6.210;42;4;Goya;Salamanca
2021;Anual;5.304;6.209;42;4;Goya;Salamanca
2022;Anual;5.504;6.228;42;4;Goya;Salamanca
2013;Anual;4.054;4.222;204;20;Arcos;San Blas - Canillejas
2014;Anual;3.571;3.764;204;20;Arcos;San Blas - Canillejas
2015;Anual;3.685;3.835;204;20;Arcos;San Blas - Canillejas
2016;Anual;4.232;4.391;204;20;Arcos;San Blas - Canillejas
2017;Anual;4.500;4.654;204;20;Arcos;San Blas - Canillejas
2018;Anual;4.663;4.775;204;20;Arcos;San Blas - Canillejas
2019;Anual;4.836;4.967;204;20;Arcos;San Blas - Canillejas
2020;Anual;4.922;5.036;204;20;Arcos;San Blas - Canillejas
2021;Anual;4.865;4.994;204;20;Arcos;San Blas - Canillejas
2022;Anual;5.167;5.260;204;20;Arcos;San Blas - Canillejas
2013;Anual;4.379;4.214;11;1;Palacio;Centro
2014;Anual;3.834;3.753;11;1;Palacio;Centro
2015;Anual;3.806;3.683;11;1;Palacio;Centro
2016;Anual;4.401;4.308;11;1;Palacio;Centro
2017;Anual;4.754;4.556;11;1;Palacio;Centro
2018;Anual;4.802;4.534;11;1;Palacio;Centro
2019;Anual;4.929;4.613;11;1;Palacio;Centro
2020;Anual;5.165;4.613;11;1;Palacio;Centro
2021;Anual;5.191;4.613;11;1;Palacio;Centro
2022;Anual;5.380;4.788;11;1;Palacio;Centro
2013;Anual;3.625;4.259;34;3;Ibiza;Retiro
2014;Anual;3.259;3.687;34;3;Ibiza;Retiro
2015;Anual;3.234;3.632;34;3;Ibiza;Retiro
2016;Anual;3.651;4.106;34;3;Ibiza;Retiro
2017;Anual;3.914;4.299;34;3;Ibiza;Retiro
2018;Anual;3.852;4.274;34;3;Ibiza;Retiro
2019;Anual;3.907;4.410;34;3;Ibiza;Retiro
2020;Anual;3.960;4.452;34;3;Ibiza;Retiro
2021;Anual;3.970;4.447;34;3;Ibiza;Retiro
2022;Anual;4.025;4.458;34;3;Ibiza;Retiro
2013;Anual;1.125;1.174;35;3;Los Jerónimos;Retiro
2014;Anual;992;1.007;35;3;Los Jerónimos;Retiro
2015;Anual;989;997;35;3;Los Jerónimos;Retiro
2016;Anual;1.161;1.146;35;3;Los Jerónimos;Retiro
2017;Anual;1.225;1.203;35;3;Los Jerónimos;Retiro
2018;Anual;1.212;1.193;35;3;Los Jerónimos;Retiro
2019;Anual;1.251;1.214;35;3;Los Jerónimos;Retiro
2020;Anual;1.223;1.218;35;3;Los Jerónimos;Retiro
2021;Anual;1.217;1.214;35;3;Los Jerónimos;Retiro
2022;Anual;1.234;1.252;35;3;Los Jerónimos;Retiro
2013;Anual;4.023;4.240;33;3;Estrella;Retiro
2014;Anual;3.513;3.775;33;3;Estrella;Retiro
2015;Anual;3.529;3.723;33;3;Estrella;Retiro
2016;Anual;4.002;4.223;33;3;Estrella;Retiro
2017;Anual;3.999;4.319;33;3;Estrella;Retiro
2018;Anual;3.997;4.351;33;3;Estrella;Retiro
2019;Anual;4.050;4.375;33;3;Estrella;Retiro
2020;Anual;4.104;4.340;33;3;Estrella;Retiro
2021;Anual;4.067;4.394;33;3;Estrella;Retiro
2022;Anual;4.194;4.399;33;3;Estrella;Retiro
2013;Anual;1.526;1.407;16;1;Sol;Centro
2014;Anual;1.328;1.168;16;1;Sol;Centro
2015;Anual;1.336;1.141;16;1;Sol;Centro
2016;Anual;1.480;1.295;16;1;Sol;Centro
2017;Anual;1.603;1.386;16;1;Sol;Centro
2018;Anual;1.596;1.369;16;1;Sol;Centro
2019;Anual;1.623;1.373;16;1;Sol;Centro
2020;Anual;1.699;1.373;16;1;Sol;Centro
2021;Anual;1.678;1.373;16;1;Sol;Centro
2022;Anual;1.825;1.470;16;1;Sol;Centro
2013;Anual;2.138;1.994;13;1;Cortes;Centro
2014;Anual;1.842;1.785;13;1;Cortes;Centro
2015;Anual;1.793;1.744;13;1;Cortes;Centro
2016;Anual;2.086;1.996;13;1;Cortes;Centro
2017;Anual;2.350;2.128;13;1;Cortes;Centro
2018;Anual;2.341;2.108;13;1;Cortes;Centro
2019;Anual;2.388;2.135;13;1;Cortes;Centro
2020;Anual;2.439;2.135;13;1;Cortes;Centro
2021;Anual;2.443;2.135;13;1;Cortes;Centro
2022;Anual;2.522;2.137;13;1;Cortes;Centro
2013;Anual;2.935;3.192;144;14;Media Legua;Moratalaz
2014;Anual;2.539;2.798;144;14;Media Legua;Moratalaz
2015;Anual;2.561;2.801;144;14;Media Legua;Moratalaz
2016;Anual;2.919;3.183;144;14;Media Legua;Moratalaz
2017;Anual;2.961;3.210;144;14;Media Legua;Moratalaz
2018;Anual;2.985;3.188;144;14;Media Legua;Moratalaz
2019;Anual;3.027;3.284;144;14;Media Legua;Moratalaz
2020;Anual;3.062;3.307;144;14;Media Legua;Moratalaz
2021;Anual;2.999;3.260;144;14;Media Legua;Moratalaz
2022;Anual;3.048;3.306;144;14;Media Legua;Moratalaz
2013;Anual;6.776;7.925;102;10;Puerta del Ángel;Latina
2014;Anual;5.925;7.024;102;10;Puerta del Ángel;Latina
2015;Anual;5.910;6.940;102;10;Puerta del Ángel;Latina
2016;Anual;6.797;7.981;102;10;Puerta del Ángel;Latina
2017;Anual;7.316;8.341;102;10;Puerta del Ángel;Latina
2018;Anual;7.444;8.408;102;10;Puerta del Ángel;Latina
2019;Anual;7.798;8.666;102;10;Puerta del Ángel;Latina
2020;Anual;7.903;8.725;102;10;Puerta del Ángel;Latina
2021;Anual;7.741;8.579;102;10;Puerta del Ángel;Latina
2022;Anual;8.091;8.869;102;10;Puerta del Ángel;Latina
2013;Anual;2.618;2.789;36;3;Niño Jesús;Retiro
2014;Anual;2.315;2.484;36;3;Niño Jesús;Retiro
2015;Anual;2.300;2.476;36;3;Niño Jesús;Retiro
2016;Anual;2.642;2.793;36;3;Niño Jesús;Retiro
2017;Anual;2.730;2.869;36;3;Niño Jesús;Retiro
2018;Anual;2.732;2.899;36;3;Niño Jesús;Retiro
2019;Anual;2.768;2.940;36;3;Niño Jesús;Retiro
2020;Anual;2.825;2.991;36;3;Niño Jesús;Retiro
2021;Anual;2.793;2.977;36;3;Niño Jesús;Retiro
2022;Anual;2.843;3.006;36;3;Niño Jesús;Retiro
2013;Anual;4.784;5.046;143;14;Marroquina;Moratalaz
2014;Anual;4.255;4.492;143;14;Marroquina;Moratalaz
2015;Anual;4.303;4.518;143;14;Marroquina;Moratalaz
2016;Anual;4.757;5.047;143;14;Marroquina;Moratalaz
2017;Anual;4.897;5.166;143;14;Marroquina;Moratalaz
2018;Anual;5.041;5.228;143;14;Marroquina;Moratalaz
2019;Anual;5.111;5.387;143;14;Marroquina;Moratalaz
2020;Anual;5.162;5.348;143;14;Marroquina;Moratalaz
2021;Anual;4.968;5.314;143;14;Marroquina;Moratalaz
2022;Anual;5.025;5.295;143;14;Marroquina;Moratalaz
2013;Anual;9.059;8.399;12;1;Embajadores;Centro
2014;Anual;7.584;7.243;12;1;Embajadores;Centro
2015;Anual;7.512;7.092;12;1;Embajadores;Centro
2016;Anual;9.051;8.212;12;1;Embajadores;Centro
2017;Anual;10.097;8.960;12;1;Embajadores;Centro
2018;Anual;10.210;8.761;12;1;Embajadores;Centro
2019;Anual;10.524;9.007;12;1;Embajadores;Centro
2020;Anual;10.857;9.007;12;1;Embajadores;Centro
2021;Anual;11.105;9.007;12;1;Embajadores;Centro
2022;Anual;11.689;9.480;12;1;Embajadores;Centro
2013;Anual;4.230;4.466;21;2;Imperial;Arganzuela
2014;Anual;3.521;3.747;21;2;Imperial;Arganzuela
2015;Anual;3.514;3.709;21;2;Imperial;Arganzuela
2016;Anual;4.278;4.513;21;2;Imperial;Arganzuela
2017;Anual;4.465;4.767;21;2;Imperial;Arganzuela
2018;Anual;4.482;4.717;21;2;Imperial;Arganzuela
2019;Anual;4.612;4.813;21;2;Imperial;Arganzuela
2020;Anual;4.666;4.826;21;2;Imperial;Arganzuela
2021;Anual;4.544;4.794;21;2;Imperial;Arganzuela
2022;Anual;4.611;4.851;21;2;Imperial;Arganzuela
2013;Anual;996;1.013;142;14;Horcajo;Moratalaz
2014;Anual;1.167;1.188;142;14;Horcajo;Moratalaz
2015;Anual;1.202;1.186;142;14;Horcajo;Moratalaz
2016;Anual;1.334;1.363;142;14;Horcajo;Moratalaz
2017;Anual;1.339;1.386;142;14;Horcajo;Moratalaz
2018;Anual;1.365;1.418;142;14;Horcajo;Moratalaz
2019;Anual;1.380;1.435;142;14;Horcajo;Moratalaz
2020;Anual;1.393;1.449;142;14;Horcajo;Moratalaz
2021;Anual;1.380;1.433;142;14;Horcajo;Moratalaz
2022;Anual;1.406;1.478;142;14;Horcajo;Moratalaz
2013;Anual;5.898;6.406;103;10;Lucero;Latina
2014;Anual;5.142;5.655;103;10;Lucero;Latina
2015;Anual;5.181;5.672;103;10;Lucero;Latina
2016;Anual;5.874;6.456;103;10;Lucero;Latina
2017;Anual;6.128;6.781;103;10;Lucero;Latina
2018;Anual;6.271;6.946;103;10;Lucero;Latina
2019;Anual;6.559;7.191;103;10;Lucero;Latina
2020;Anual;6.764;7.282;103;10;Lucero;Latina
2021;Anual;6.666;7.286;103;10;Lucero;Latina
2022;Anual;6.914;7.501;103;10;Lucero;Latina
2013;Anual;2.714;3.039;146;14;Vinateros;Moratalaz
2014;Anual;2.360;2.668;146;14;Vinateros;Moratalaz
2015;Anual;2.406;2.714;146;14;Vinateros;Moratalaz
2016;Anual;2.657;3.036;146;14;Vinateros;Moratalaz
2017;Anual;2.743;3.177;146;14;Vinateros;Moratalaz
2018;Anual;2.806;3.181;146;14;Vinateros;Moratalaz
2019;Anual;2.906;3.269;146;14;Vinateros;Moratalaz
2020;Anual;2.920;3.348;146;14;Vinateros;Moratalaz
2021;Anual;2.931;3.352;146;14;Vinateros;Moratalaz
2022;Anual;3.028;3.431;146;14;Vinateros;Moratalaz
2013;Anual;2.795;3.024;101;10;Los Cármenes;Latina
2014;Anual;2.408;2.641;101;10;Los Cármenes;Latina
2015;Anual;2.434;2.624;101;10;Los Cármenes;Latina
2016;Anual;2.792;3.053;101;10;Los Cármenes;Latina
2017;Anual;2.957;3.244;101;10;Los Cármenes;Latina
2018;Anual;3.039;3.256;101;10;Los Cármenes;Latina
2019;Anual;3.214;3.409;101;10;Los Cármenes;Latina
2020;Anual;3.338;3.441;101;10;Los Cármenes;Latina
2021;Anual;3.312;3.357;101;10;Los Cármenes;Latina
2022;Anual;3.407;3.505;101;10;Los Cármenes;Latina
2013;Anual;237;225;27;2;Atocha;Arganzuela
2014;Anual;208;197;27;2;Atocha;Arganzuela
2015;Anual;212;197;27;2;Atocha;Arganzuela
2016;Anual;236;231;27;2;Atocha;Arganzuela
2017;Anual;245;234;27;2;Atocha;Arganzuela
2018;Anual;247;245;27;2;Atocha;Arganzuela
2019;Anual;259;240;27;2;Atocha;Arganzuela
2020;Anual;257;252;27;2;Atocha;Arganzuela
2021;Anual;274;258;27;2;Atocha;Arganzuela
2022;Anual;338;329;27;2;Atocha;Arganzuela
2013;Anual;2.659;2.845;145;14;Fontarrón;Moratalaz
2014;Anual;2.335;2.526;145;14;Fontarrón;Moratalaz
2015;Anual;2.335;2.506;145;14;Fontarrón;Moratalaz
2016;Anual;2.679;2.888;145;14;Fontarrón;Moratalaz
2017;Anual;2.829;3.080;145;14;Fontarrón;Moratalaz
2018;Anual;2.906;3.144;145;14;Fontarrón;Moratalaz
2019;Anual;3.065;3.242;145;14;Fontarrón;Moratalaz
2020;Anual;3.200;3.292;145;14;Fontarrón;Moratalaz
2021;Anual;3.167;3.349;145;14;Fontarrón;Moratalaz
2022;Anual;3.282;3.511;145;14;Fontarrón;Moratalaz
2013;Anual;4.750;5.353;26;2;Palos de la Frontera;Arganzuela
2014;Anual;4.180;4.729;26;2;Palos de la Frontera;Arganzuela
2015;Anual;4.169;4.695;26;2;Palos de la Frontera;Arganzuela
2016;Anual;4.788;5.217;26;2;Palos de la Frontera;Arganzuela
2017;Anual;5.169;5.520;26;2;Palos de la Frontera;Arganzuela
2018;Anual;5.208;5.475;26;2;Palos de la Frontera;Arganzuela
2019;Anual;5.398;5.608;26;2;Palos de la Frontera;Arganzuela
2020;Anual;5.462;5.527;26;2;Palos de la Frontera;Arganzuela
2021;Anual;5.580;5.609;26;2;Palos de la Frontera;Arganzuela
2022;Anual;5.626;5.626;26;2;Palos de la Frontera;Arganzuela
2013;Anual;5.928;6.790;31;3;Pacífico;Retiro
2014;Anual;5.230;5.950;31;3;Pacífico;Retiro
2015;Anual;5.202;5.953;31;3;Pacífico;Retiro
2016;Anual;5.799;6.577;31;3;Pacífico;Retiro
2017;Anual;6.143;6.935;31;3;Pacífico;Retiro
2018;Anual;6.152;6.979;31;3;Pacífico;Retiro
2019;Anual;6.297;7.031;31;3;Pacífico;Retiro
2020;Anual;6.405;6.996;31;3;Pacífico;Retiro
2021;Anual;6.322;6.903;31;3;Pacífico;Retiro
2022;Anual;6.420;6.995;31;3;Pacífico;Retiro
2013;Anual;6.954;7.349;22;2;Acacias;Arganzuela
2014;Anual;5.999;6.396;22;2;Acacias;Arganzuela
2015;Anual;5.966;6.458;22;2;Acacias;Arganzuela
2016;Anual;6.511;7.076;22;2;Acacias;Arganzuela
2017;Anual;7.143;7.611;22;2;Acacias;Arganzuela
2018;Anual;7.166;7.631;22;2;Acacias;Arganzuela
2019;Anual;7.329;7.813;22;2;Acacias;Arganzuela
2020;Anual;7.324;7.851;22;2;Acacias;Arganzuela
2021;Anual;7.328;7.730;22;2;Acacias;Arganzuela
2022;Anual;7.330;7.873;22;2;Acacias;Arganzuela
2013;Anual;3.323;3.624;32;3;Adelfas;Retiro
2014;Anual;2.955;3.272;32;3;Adelfas;Retiro
2015;Anual;2.936;3.263;32;3;Adelfas;Retiro
2016;Anual;3.413;3.722;32;3;Adelfas;Retiro
2017;Anual;3.606;3.944;32;3;Adelfas;Retiro
2018;Anual;3.599;3.901;32;3;Adelfas;Retiro
2019;Anual;3.692;4.030;32;3;Adelfas;Retiro
2020;Anual;3.767;3.986;32;3;Adelfas;Retiro
2021;Anual;3.766;4.014;32;3;Adelfas;Retiro
2022;Anual;3.854;4.059;32;3;Adelfas;Retiro
2013;Anual;7.678;8.554;136;13;Numancia;Puente de Vallecas
2014;Anual;6.665;7.472;136;13;Numancia;Puente de Vallecas
2015;Anual;6.666;7.455;136;13;Numancia;Puente de Vallecas
2016;Anual;7.714;8.646;136;13;Numancia;Puente de Vallecas
2017;Anual;8.178;8.900;136;13;Numancia;Puente de Vallecas
2018;Anual;8.378;9.035;136;13;Numancia;Puente de Vallecas
2019;Anual;8.749;9.466;136;13;Numancia;Puente de Vallecas
2020;Anual;9.135;9.585;136;13;Numancia;Puente de Vallecas
2021;Anual;8.938;9.518;136;13;Numancia;Puente de Vallecas
2022;Anual;9.257;9.859;136;13;Numancia;Puente de Vallecas
2017;Anual;0;0;192;19;Valdebernardo;Vicálvaro
2018;Anual;3.733;3.784;192;19;Valdebernardo;Vicálvaro
2019;Anual;3.796;3.853;192;19;Valdebernardo;Vicálvaro
2020;Anual;3.842;3.814;192;19;Valdebernardo;Vicálvaro
2021;Anual;3.735;3.807;192;19;Valdebernardo;Vicálvaro
2022;Anual;3.779;3.881;192;19;Valdebernardo;Vicálvaro
2013;Anual;6.104;7.014;113;11;San Isidro;Carabanchel
2014;Anual;5.304;6.114;113;11;San Isidro;Carabanchel
2015;Anual;5.349;6.094;113;11;San Isidro;Carabanchel
2016;Anual;6.165;7.050;113;11;San Isidro;Carabanchel
2017;Anual;6.519;7.410;113;11;San Isidro;Carabanchel
2018;Anual;6.707;7.521;113;11;San Isidro;Carabanchel
2019;Anual;7.126;7.781;113;11;San Isidro;Carabanchel
2020;Anual;7.429;7.750;113;11;San Isidro;Carabanchel
2021;Anual;7.313;7.767;113;11;San Isidro;Carabanchel
2022;Anual;7.559;8.133;113;11;San Isidro;Carabanchel
2017;Anual;0;0;193;19;Valderrivas;Vicálvaro
2018;Anual;4.409;4.133;193;19;Valderrivas;Vicálvaro
2019;Anual;4.478;4.221;193;19;Valderrivas;Vicálvaro
2020;Anual;4.465;4.218;193;19;Valderrivas;Vicálvaro
2021;Anual;4.347;4.261;193;19;Valderrivas;Vicálvaro
2022;Anual;4.361;4.317;193;19;Valderrivas;Vicálvaro
2013;Anual;1.559;1.586;141;14;Pavones;Moratalaz
2014;Anual;1.381;1.398;141;14;Pavones;Moratalaz
2015;Anual;1.401;1.383;141;14;Pavones;Moratalaz
2016;Anual;1.532;1.571;141;14;Pavones;Moratalaz
2017;Anual;1.552;1.610;141;14;Pavones;Moratalaz
2018;Anual;1.562;1.610;141;14;Pavones;Moratalaz
2019;Anual;1.596;1.669;141;14;Pavones;Moratalaz
2020;Anual;1.603;1.620;141;14;Pavones;Moratalaz
2021;Anual;1.584;1.616;141;14;Pavones;Moratalaz
2022;Anual;1.592;1.622;141;14;Pavones;Moratalaz
2013;Anual;10.504;11.781;104;10;Aluche;Latina
2014;Anual;9.094;10.206;104;10;Aluche;Latina
2015;Anual;9.128;10.271;104;10;Aluche;Latina
2016;Anual;10.371;11.691;104;10;Aluche;Latina
2017;Anual;10.591;12.016;104;10;Aluche;Latina
2018;Anual;10.835;12.046;104;10;Aluche;Latina
2019;Anual;11.335;12.453;104;10;Aluche;Latina
2020;Anual;11.530;12.495;104;10;Aluche;Latina
2021;Anual;11.373;12.419;104;10;Aluche;Latina
2022;Anual;11.744;12.995;104;10;Aluche;Latina
2013;Anual;5.161;5.648;25;2;Delicias;Arganzuela
2014;Anual;4.583;5.051;25;2;Delicias;Arganzuela
2015;Anual;4.565;5.039;25;2;Delicias;Arganzuela
2016;Anual;5.151;5.712;25;2;Delicias;Arganzuela
2017;Anual;5.613;6.020;25;2;Delicias;Arganzuela
2018;Anual;5.542;6.070;25;2;Delicias;Arganzuela
2019;Anual;5.775;6.167;25;2;Delicias;Arganzuela
2020;Anual;5.880;6.194;25;2;Delicias;Arganzuela
2021;Anual;5.943;6.253;25;2;Delicias;Arganzuela
2022;Anual;6.210;6.480;25;2;Delicias;Arganzuela
2013;Anual;3.382;4.016;23;2;Chopera;Arganzuela
2014;Anual;2.973;3.561;23;2;Chopera;Arganzuela
2015;Anual;2.967;3.551;23;2;Chopera;Arganzuela
2016;Anual;3.431;3.865;23;2;Chopera;Arganzuela
2017;Anual;3.689;4.180;23;2;Chopera;Arganzuela
2018;Anual;3.742;4.190;23;2;Chopera;Arganzuela
2019;Anual;3.942;4.299;23;2;Chopera;Arganzuela
2020;Anual;4.065;4.293;23;2;Chopera;Arganzuela
2021;Anual;3.994;4.222;23;2;Chopera;Arganzuela
2022;Anual;4.158;4.412;23;2;Chopera;Arganzuela
2013;Anual;2.830;3.406;105;10;Campamento;Latina
2014;Anual;2.449;3.051;105;10;Campamento;Latina
2015;Anual;2.518;3.071;105;10;Campamento;Latina
2016;Anual;2.842;3.498;105;10;Campamento;Latina
2017;Anual;2.961;3.626;105;10;Campamento;Latina
2018;Anual;2.993;3.699;105;10;Campamento;Latina
2019;Anual;3.148;3.796;105;10;Campamento;Latina
2020;Anual;3.261;3.761;105;10;Campamento;Latina
2021;Anual;3.253;3.818;105;10;Campamento;Latina
2022;Anual;3.338;4.062;105;10;Campamento;Latina
2013;Anual;3.398;4.004;111;11;Comillas;Carabanchel
2014;Anual;3.024;3.553;111;11;Comillas;Carabanchel
2015;Anual;3.081;3.495;111;11;Comillas;Carabanchel
2016;Anual;3.546;4.077;111;11;Comillas;Carabanchel
2017;Anual;3.844;4.227;111;11;Comillas;Carabanchel
2018;Anual;3.907;4.254;111;11;Comillas;Carabanchel
2019;Anual;4.019;4.391;111;11;Comillas;Carabanchel
2020;Anual;4.115;4.414;111;11;Comillas;Carabanchel
2021;Anual;4.150;4.449;111;11;Comillas;Carabanchel
2022;Anual;4.295;4.553;111;11;Comillas;Carabanchel
2013;Anual;4.318;4.760;135;13;Portazgo;Puente de Vallecas
2014;Anual;3.747;4.244;135;13;Portazgo;Puente de Vallecas
2015;Anual;3.827;4.247;135;13;Portazgo;Puente de Vallecas
2016;Anual;4.345;4.771;135;13;Portazgo;Puente de Vallecas
2017;Anual;4.675;5.079;135;13;Portazgo;Puente de Vallecas
2018;Anual;4.853;5.050;135;13;Portazgo;Puente de Vallecas
2019;Anual;5.074;5.286;135;13;Portazgo;Puente de Vallecas
2020;Anual;5.239;5.425;135;13;Portazgo;Puente de Vallecas
2021;Anual;5.082;5.334;135;13;Portazgo;Puente de Vallecas
2022;Anual;5.360;5.503;135;13;Portazgo;Puente de Vallecas
2013;Anual;6.234;7.120;132;13;San Diego;Puente de Vallecas
2014;Anual;5.159;6.164;132;13;San Diego;Puente de Vallecas
2015;Anual;5.195;6.087;132;13;San Diego;Puente de Vallecas
2016;Anual;6.276;7.155;132;13;San Diego;Puente de Vallecas
2017;Anual;6.959;7.561;132;13;San Diego;Puente de Vallecas
2018;Anual;7.235;7.784;132;13;San Diego;Puente de Vallecas
2019;Anual;7.704;8.283;132;13;San Diego;Puente de Vallecas
2020;Anual;8.264;8.421;132;13;San Diego;Puente de Vallecas
2021;Anual;8.133;8.470;132;13;San Diego;Puente de Vallecas
2022;Anual;8.526;8.921;132;13;San Diego;Puente de Vallecas
2013;Anual;5.245;6.203;112;11;Opañel;Carabanchel
2014;Anual;4.474;5.437;112;11;Opañel;Carabanchel
2015;Anual;4.511;5.398;112;11;Opañel;Carabanchel
2016;Anual;5.216;6.176;112;11;Opañel;Carabanchel
2017;Anual;5.611;6.510;112;11;Opañel;Carabanchel
2018;Anual;5.722;6.594;112;11;Opañel;Carabanchel
2019;Anual;6.010;6.929;112;11;Opañel;Carabanchel
2020;Anual;6.209;6.915;112;11;Opañel;Carabanchel
2021;Anual;6.172;6.859;112;11;Opañel;Carabanchel
2022;Anual;6.429;7.206;112;11;Opañel;Carabanchel
2013;Anual;3.872;4.810;125;12;Moscardó;Usera
2014;Anual;3.302;4.139;125;12;Moscardó;Usera
2015;Anual;3.349;4.058;125;12;Moscardó;Usera
2016;Anual;3.959;4.711;125;12;Moscardó;Usera
2017;Anual;4.263;5.187;125;12;Moscardó;Usera
2018;Anual;4.417;5.163;125;12;Moscardó;Usera
2019;Anual;4.693;5.322;125;12;Moscardó;Usera
2020;Anual;4.825;5.394;125;12;Moscardó;Usera
2021;Anual;4.808;5.276;125;12;Moscardó;Usera
2022;Anual;4.960;5.500;125;12;Moscardó;Usera
2013;Anual;4.153;3.960;24;2;Legazpi;Arganzuela
2014;Anual;3.723;3.624;24;2;Legazpi;Arganzuela
2015;Anual;3.714;3.603;24;2;Legazpi;Arganzuela
2016;Anual;3.865;3.853;24;2;Legazpi;Arganzuela
2017;Anual;4.570;4.577;24;2;Legazpi;Arganzuela
2018;Anual;4.532;4.553;24;2;Legazpi;Arganzuela
2019;Anual;4.708;4.703;24;2;Legazpi;Arganzuela
2020;Anual;4.812;4.769;24;2;Legazpi;Arganzuela
2021;Anual;4.769;4.765;24;2;Legazpi;Arganzuela
2022;Anual;4.781;4.837;24;2;Legazpi;Arganzuela
2013;Anual;7.144;7.410;133;13;Palomeras Bajas;Puente de Vallecas
2014;Anual;6.256;6.509;133;13;Palomeras Bajas;Puente de Vallecas
2015;Anual;6.346;6.643;133;13;Palomeras Bajas;Puente de Vallecas
2016;Anual;7.214;7.685;133;13;Palomeras Bajas;Puente de Vallecas
2017;Anual;7.432;8.034;133;13;Palomeras Bajas;Puente de Vallecas
2018;Anual;7.705;8.208;133;13;Palomeras Bajas;Puente de Vallecas
2019;Anual;8.053;8.605;133;13;Palomeras Bajas;Puente de Vallecas
2020;Anual;8.239;8.781;133;13;Palomeras Bajas;Puente de Vallecas
2021;Anual;8.106;8.606;133;13;Palomeras Bajas;Puente de Vallecas
2022;Anual;8.219;8.741;133;13;Palomeras Bajas;Puente de Vallecas
2013;Anual;7.577;7.634;134;13;Palomeras Sureste;Puente de Vallecas
2014;Anual;6.616;6.748;134;13;Palomeras Sureste;Puente de Vallecas
2015;Anual;6.815;6.798;134;13;Palomeras Sureste;Puente de Vallecas
2016;Anual;7.819;7.732;134;13;Palomeras Sureste;Puente de Vallecas
2017;Anual;8.306;8.268;134;13;Palomeras Sureste;Puente de Vallecas
2018;Anual;8.556;8.459;134;13;Palomeras Sureste;Puente de Vallecas
2019;Anual;8.697;8.653;134;13;Palomeras Sureste;Puente de Vallecas
2020;Anual;8.854;8.905;134;13;Palomeras Sureste;Puente de Vallecas
2021;Anual;8.707;8.623;134;13;Palomeras Sureste;Puente de Vallecas
2022;Anual;9.018;9.099;134;13;Palomeras Sureste;Puente de Vallecas
2013;Anual;8.694;9.185;107;10;Águilas;Latina
2014;Anual;7.514;8.105;107;10;Águilas;Latina
2015;Anual;7.614;8.167;107;10;Águilas;Latina
2016;Anual;8.585;9.202;107;10;Águilas;Latina
2017;Anual;8.835;9.414;107;10;Águilas;Latina
2018;Anual;8.963;9.590;107;10;Águilas;Latina
2019;Anual;9.231;9.907;107;10;Águilas;Latina
2020;Anual;9.353;10.051;107;10;Águilas;Latina
2021;Anual;9.201;9.918;107;10;Águilas;Latina
2022;Anual;9.488;10.312;107;10;Águilas;Latina
2013;Anual;5.137;5.211;131;13;Entrevías;Puente de Vallecas
2014;Anual;4.572;4.556;131;13;Entrevías;Puente de Vallecas
2015;Anual;4.629;4.632;131;13;Entrevías;Puente de Vallecas
2016;Anual;5.369;5.391;131;13;Entrevías;Puente de Vallecas
2017;Anual;5.658;5.760;131;13;Entrevías;Puente de Vallecas
2018;Anual;5.863;5.937;131;13;Entrevías;Puente de Vallecas
2019;Anual;6.217;6.181;131;13;Entrevías;Puente de Vallecas
2020;Anual;6.433;6.291;131;13;Entrevías;Puente de Vallecas
2021;Anual;6.193;6.293;131;13;Entrevías;Puente de Vallecas
2022;Anual;6.556;6.670;131;13;Entrevías;Puente de Vallecas
2013;Anual;6.874;8.398;114;11;Vista Alegre;Carabanchel
2014;Anual;5.907;7.271;114;11;Vista Alegre;Carabanchel
2015;Anual;5.909;7.211;114;11;Vista Alegre;Carabanchel
2016;Anual;6.899;8.383;114;11;Vista Alegre;Carabanchel
2017;Anual;7.339;8.793;114;11;Vista Alegre;Carabanchel
2018;Anual;7.508;8.852;114;11;Vista Alegre;Carabanchel
2019;Anual;7.849;9.301;114;11;Vista Alegre;Carabanchel
2020;Anual;8.077;9.361;114;11;Vista Alegre;Carabanchel
2021;Anual;8.010;9.360;114;11;Vista Alegre;Carabanchel
2022;Anual;8.255;9.853;114;11;Vista Alegre;Carabanchel
2013;Anual;4.685;4.750;182;18;Santa Eugenia;Villa de Vallecas
2014;Anual;4.074;4.239;182;18;Santa Eugenia;Villa de Vallecas
2015;Anual;4.105;4.309;182;18;Santa Eugenia;Villa de Vallecas
2016;Anual;4.722;4.808;182;18;Santa Eugenia;Villa de Vallecas
2017;Anual;4.744;4.922;182;18;Santa Eugenia;Villa de Vallecas
2018;Anual;4.837;4.991;182;18;Santa Eugenia;Villa de Vallecas
2019;Anual;5.006;5.036;182;18;Santa Eugenia;Villa de Vallecas
2020;Anual;5.044;5.030;182;18;Santa Eugenia;Villa de Vallecas
2021;Anual;4.901;5.035;182;18;Santa Eugenia;Villa de Vallecas
2022;Anual;4.943;5.160;182;18;Santa Eugenia;Villa de Vallecas
2013;Anual;3.283;3.868;124;12;Almendrales;Usera
2014;Anual;2.742;3.287;124;12;Almendrales;Usera
2015;Anual;2.760;3.312;124;12;Almendrales;Usera
2016;Anual;3.223;3.820;124;12;Almendrales;Usera
2017;Anual;3.593;4.123;124;12;Almendrales;Usera
2018;Anual;3.631;4.098;124;12;Almendrales;Usera
2019;Anual;3.841;4.247;124;12;Almendrales;Usera
2020;Anual;3.963;4.356;124;12;Almendrales;Usera
2021;Anual;3.942;4.402;124;12;Almendrales;Usera
2022;Anual;4.230;4.793;124;12;Almendrales;Usera
2013;Anual;5.202;5.798;115;11;Puerta Bonita;Carabanchel
2014;Anual;4.549;5.055;115;11;Puerta Bonita;Carabanchel
2015;Anual;4.625;5.055;115;11;Puerta Bonita;Carabanchel
2016;Anual;5.312;5.780;115;11;Puerta Bonita;Carabanchel
2017;Anual;5.649;6.214;115;11;Puerta Bonita;Carabanchel
2018;Anual;5.858;6.318;115;11;Puerta Bonita;Carabanchel
2019;Anual;6.258;6.659;115;11;Puerta Bonita;Carabanchel
2020;Anual;6.477;6.780;115;11;Puerta Bonita;Carabanchel
2021;Anual;6.444;6.747;115;11;Puerta Bonita;Carabanchel
2022;Anual;6.720;7.213;115;11;Puerta Bonita;Carabanchel
2013;Anual;4.803;5.295;117;11;Abrantes;Carabanchel
2014;Anual;4.134;4.658;117;11;Abrantes;Carabanchel
2015;Anual;4.212;4.667;117;11;Abrantes;Carabanchel
2016;Anual;4.846;5.471;117;11;Abrantes;Carabanchel
2017;Anual;5.066;5.712;117;11;Abrantes;Carabanchel
2018;Anual;5.268;5.819;117;11;Abrantes;Carabanchel
2019;Anual;5.581;5.989;117;11;Abrantes;Carabanchel
2020;Anual;5.825;6.146;117;11;Abrantes;Carabanchel
2021;Anual;5.746;6.155;117;11;Abrantes;Carabanchel
2022;Anual;5.892;6.435;117;11;Abrantes;Carabanchel
2013;Anual;2.570;3.007;127;12;Pradolongo;Usera
2014;Anual;2.143;2.563;127;12;Pradolongo;Usera
2015;Anual;2.145;2.585;127;12;Pradolongo;Usera
2016;Anual;2.596;3.014;127;12;Pradolongo;Usera
2017;Anual;2.811;3.290;127;12;Pradolongo;Usera
2018;Anual;2.826;3.191;127;12;Pradolongo;Usera
2019;Anual;2.999;3.390;127;12;Pradolongo;Usera
2020;Anual;3.024;3.367;127;12;Pradolongo;Usera
2021;Anual;2.916;3.222;127;12;Pradolongo;Usera
2022;Anual;3.134;3.442;127;12;Pradolongo;Usera
2013;Anual;2.139;2.380;126;12;Zofío;Usera
2014;Anual;1.772;2.099;126;12;Zofío;Usera
2015;Anual;1.770;2.125;126;12;Zofío;Usera
2016;Anual;2.112;2.407;126;12;Zofío;Usera
2017;Anual;2.318;2.585;126;12;Zofío;Usera
2018;Anual;2.350;2.652;126;12;Zofío;Usera
2019;Anual;2.530;2.805;126;12;Zofío;Usera
2020;Anual;2.647;2.800;126;12;Zofío;Usera
2021;Anual;2.585;2.774;126;12;Zofío;Usera
2022;Anual;2.696;2.935;126;12;Zofío;Usera
2013;Anual;2.087;2.105;122;12;Orcasur;Usera
2014;Anual;1.786;1.907;122;12;Orcasur;Usera
2015;Anual;1.825;1.953;122;12;Orcasur;Usera
2016;Anual;2.177;2.225;122;12;Orcasur;Usera
2017;Anual;2.362;2.377;122;12;Orcasur;Usera
2018;Anual;2.437;2.406;122;12;Orcasur;Usera
2019;Anual;2.527;2.492;122;12;Orcasur;Usera
2020;Anual;2.597;2.507;122;12;Orcasur;Usera
2021;Anual;2.578;2.501;122;12;Orcasur;Usera
2022;Anual;2.725;2.669;122;12;Orcasur;Usera
2013;Anual;11.937;11.913;181;18;Casco Histórico de Vallecas;Villa de Vallecas
2014;Anual;13.297;13.387;181;18;Casco Histórico de Vallecas;Villa de Vallecas
2015;Anual;13.487;13.378;181;18;Casco Histórico de Vallecas;Villa de Vallecas
2016;Anual;15.989;15.950;181;18;Casco Histórico de Vallecas;Villa de Vallecas
2017;Anual;17.532;17.468;181;18;Casco Histórico de Vallecas;Villa de Vallecas
2018;Anual;7.384;7.250;181;18;Casco Histórico de Vallecas;Villa de Vallecas
2019;Anual;7.672;7.503;181;18;Casco Histórico de Vallecas;Villa de Vallecas
2020;Anual;7.890;7.647;181;18;Casco Histórico de Vallecas;Villa de Vallecas
2021;Anual;7.764;7.619;181;18;Casco Histórico de Vallecas;Villa de Vallecas
2022;Anual;8.019;7.921;181;18;Casco Histórico de Vallecas;Villa de Vallecas
2013;Anual;3.397;3.500;123;12;San Fermín;Usera
2014;Anual;3.365;3.425;123;12;San Fermín;Usera
2015;Anual;3.447;3.447;123;12;San Fermín;Usera
2016;Anual;3.935;4.028;123;12;San Fermín;Usera
2017;Anual;4.155;4.223;123;12;San Fermín;Usera
2018;Anual;4.284;4.327;123;12;San Fermín;Usera
2019;Anual;4.481;4.517;123;12;San Fermín;Usera
2020;Anual;4.575;4.637;123;12;San Fermín;Usera
2021;Anual;4.510;4.533;123;12;San Fermín;Usera
2022;Anual;4.643;4.691;123;12;San Fermín;Usera
2013;Anual;971;950;106;10;Cuatro Vientos;Latina
2014;Anual;915;939;106;10;Cuatro Vientos;Latina
2015;Anual;933;928;106;10;Cuatro Vientos;Latina
2016;Anual;1.114;1.086;106;10;Cuatro Vientos;Latina
2017;Anual;1.234;1.237;106;10;Cuatro Vientos;Latina
2018;Anual;1.240;1.251;106;10;Cuatro Vientos;Latina
2019;Anual;1.353;1.317;106;10;Cuatro Vientos;Latina
2020;Anual;1.377;1.360;106;10;Cuatro Vientos;Latina
2021;Anual;1.368;1.354;106;10;Cuatro Vientos;Latina
2022;Anual;1.392;1.363;106;10;Cuatro Vientos;Latina
2013;Anual;8.531;8.425;116;11;Buenavista;Carabanchel
2014;Anual;7.600;7.736;116;11;Buenavista;Carabanchel
2015;Anual;7.702;7.777;116;11;Buenavista;Carabanchel
2016;Anual;8.777;8.807;116;11;Buenavista;Carabanchel
2017;Anual;9.307;9.432;116;11;Buenavista;Carabanchel
2018;Anual;9.576;9.609;116;11;Buenavista;Carabanchel
2019;Anual;9.895;10.092;116;11;Buenavista;Carabanchel
2020;Anual;10.238;10.309;116;11;Buenavista;Carabanchel
2021;Anual;10.260;10.202;116;11;Buenavista;Carabanchel
2022;Anual;10.546;10.624;116;11;Buenavista;Carabanchel
2017;Anual;0;0;183;18;Ensanche de Vallecas;Villa de Vallecas
2018;Anual;10.488;10.414;183;18;Ensanche de Vallecas;Villa de Vallecas
2019;Anual;11.293;11.179;183;18;Ensanche de Vallecas;Villa de Vallecas
2020;Anual;11.894;11.749;183;18;Ensanche de Vallecas;Villa de Vallecas
2021;Anual;12.416;12.195;183;18;Ensanche de Vallecas;Villa de Vallecas
2022;Anual;12.879;12.769;183;18;Ensanche de Vallecas;Villa de Vallecas
2013;Anual;3.834;3.682;121;12;Orcasitas;Usera
2014;Anual;3.431;3.307;121;12;Orcasitas;Usera
2015;Anual;3.433;3.420;121;12;Orcasitas;Usera
2016;Anual;3.929;3.863;121;12;Orcasitas;Usera
2017;Anual;4.093;4.065;121;12;Orcasitas;Usera
2018;Anual;4.205;4.110;121;12;Orcasitas;Usera
2019;Anual;4.338;4.249;121;12;Orcasitas;Usera
2020;Anual;4.517;4.409;121;12;Orcasitas;Usera
2021;Anual;4.416;4.389;121;12;Orcasitas;Usera
2022;Anual;4.530;4.627;121;12;Orcasitas;Usera
2018;Anual;7.933;8.161;171;17;Villaverde Alto - Casco Histórico de Villaverde;Villaverde
2019;Anual;8.282;8.591;171;17;Villaverde Alto - Casco Histórico de Villaverde;Villaverde
2020;Anual;8.698;8.805;171;17;Villaverde Alto - Casco Histórico de Villaverde;Villaverde
2021;Anual;8.625;8.693;171;17;Villaverde Alto - Casco Histórico de Villaverde;Villaverde
2022;Anual;8.953;9.168;171;17;Villaverde Alto - Casco Histórico de Villaverde;Villaverde
2013;Anual;6.517;6.731;174;17;Los Rosales;Villaverde
2014;Anual;5.709;5.929;174;17;Los Rosales;Villaverde
2015;Anual;5.765;5.994;174;17;Los Rosales;Villaverde
2016;Anual;6.565;6.807;174;17;Los Rosales;Villaverde
2017;Anual;6.826;7.190;174;17;Los Rosales;Villaverde
2018;Anual;7.054;7.370;174;17;Los Rosales;Villaverde
2019;Anual;7.446;7.756;174;17;Los Rosales;Villaverde
2020;Anual;7.560;7.795;174;17;Los Rosales;Villaverde
2021;Anual;7.427;7.720;174;17;Los Rosales;Villaverde
2022;Anual;7.595;8.008;174;17;Los Rosales;Villaverde
2013;Anual;4.892;5.072;175;17;Ángeles;Villaverde
2014;Anual;4.239;4.395;175;17;Ángeles;Villaverde
2015;Anual;4.314;4.385;175;17;Ángeles;Villaverde
2016;Anual;4.887;5.016;175;17;Ángeles;Villaverde
2017;Anual;5.103;5.319;175;17;Ángeles;Villaverde
2018;Anual;5.288;5.385;175;17;Ángeles;Villaverde
2019;Anual;5.390;5.556;175;17;Ángeles;Villaverde
2020;Anual;5.712;5.667;175;17;Ángeles;Villaverde
2021;Anual;5.697;5.825;175;17;Ángeles;Villaverde
2022;Anual;6.161;6.266;175;17;Ángeles;Villaverde
2013;Anual;3.325;3.130;173;17;Butarque;Villaverde
2014;Anual;2.661;2.543;173;17;Butarque;Villaverde
2015;Anual;2.666;2.595;173;17;Butarque;Villaverde
2016;Anual;3.551;3.419;173;17;Butarque;Villaverde
2017;Anual;3.828;3.783;173;17;Butarque;Villaverde
2018;Anual;3.902;3.855;173;17;Butarque;Villaverde
2019;Anual;4.108;4.152;173;17;Butarque;Villaverde
2020;Anual;4.232;4.293;173;17;Butarque;Villaverde
2021;Anual;4.329;4.483;173;17;Butarque;Villaverde
2022;Anual;4.739;4.834;173;17;Butarque;Villaverde
2013;Anual;1.895;2.256;172;17;San Cristóbal;Villaverde
2014;Anual;1.588;1.974;172;17;San Cristóbal;Villaverde
2015;Anual;1.600;1.940;172;17;San Cristóbal;Villaverde
2016;Anual;1.999;2.287;172;17;San Cristóbal;Villaverde
2017;Anual;2.232;2.420;172;17;San Cristóbal;Villaverde
2018;Anual;2.402;2.431;172;17;San Cristóbal;Villaverde
2019;Anual;2.565;2.580;172;17;San Cristóbal;Villaverde
2020;Anual;2.679;2.661;172;17;San Cristóbal;Villaverde
2021;Anual;2.687;2.646;172;17;San Cristóbal;Villaverde
2022;Anual;2.951;2.890;172;17;San Cristóbal;Villaverde
