Anio;Periodo;DatoAfiliacionesTrabajo;CodigoBarrio;CodigoDistrito;NombreBarrio;NombreDistrito
2017;Anual;0;194;19;El Cañaveral;Vicálvaro
2018;Anual;31;194;19;El Cañaveral;Vicálvaro
2019;Anual;133;194;19;El Cañaveral;Vicálvaro
2020;Anual;114;194;19;El Cañaveral;Vicálvaro
2021;Anual;152;194;19;El Cañaveral;Vicálvaro
2022;Anual;314;194;19;El Cañaveral;Vicálvaro
2010;Anual;3801;191;19;Casco histórico de Vicálvaro;Vicálvaro
2011;Anual;3833;191;19;Casco histórico de Vicálvaro;Vicálvaro
2012;Anual;3707;191;19;Casco histórico de Vicálvaro;Vicálvaro
2013;Anual;4121;191;19;Casco histórico de Vicálvaro;Vicálvaro
2014;Anual;4783;191;19;Casco histórico de Vicálvaro;Vicálvaro
2015;Anual;5275;191;19;Casco histórico de Vicálvaro;Vicálvaro
2016;Anual;5757;191;19;Casco histórico de Vicálvaro;Vicálvaro
2017;Anual;5801;191;19;Casco histórico de Vicálvaro;Vicálvaro
2018;Anual;4456;191;19;Casco histórico de Vicálvaro;Vicálvaro
2019;Anual;5330;191;19;Casco histórico de Vicálvaro;Vicálvaro
2020;Anual;6313;191;19;Casco histórico de Vicálvaro;Vicálvaro
2021;Anual;6544;191;19;Casco histórico de Vicálvaro;Vicálvaro
2022;Anual;7197;191;19;Casco histórico de Vicálvaro;Vicálvaro
2010;Anual;236;81;8;El Pardo;Fuencarral - El Pardo
2011;Anual;241;81;8;El Pardo;Fuencarral - El Pardo
2012;Anual;218;81;8;El Pardo;Fuencarral - El Pardo
2013;Anual;281;81;8;El Pardo;Fuencarral - El Pardo
2014;Anual;282;81;8;El Pardo;Fuencarral - El Pardo
2015;Anual;267;81;8;El Pardo;Fuencarral - El Pardo
2016;Anual;279;81;8;El Pardo;Fuencarral - El Pardo
2017;Anual;285;81;8;El Pardo;Fuencarral - El Pardo
2018;Anual;273;81;8;El Pardo;Fuencarral - El Pardo
2019;Anual;298;81;8;El Pardo;Fuencarral - El Pardo
2020;Anual;315;81;8;El Pardo;Fuencarral - El Pardo
2021;Anual;319;81;8;El Pardo;Fuencarral - El Pardo
2022;Anual;335;81;8;El Pardo;Fuencarral - El Pardo
2010;Anual;561;88;8;El Goloso;Fuencarral - El Pardo
2011;Anual;788;88;8;El Goloso;Fuencarral - El Pardo
2012;Anual;1522;88;8;El Goloso;Fuencarral - El Pardo
2013;Anual;2460;88;8;El Goloso;Fuencarral - El Pardo
2014;Anual;2674;88;8;El Goloso;Fuencarral - El Pardo
2015;Anual;2953;88;8;El Goloso;Fuencarral - El Pardo
2016;Anual;3548;88;8;El Goloso;Fuencarral - El Pardo
2017;Anual;3986;88;8;El Goloso;Fuencarral - El Pardo
2018;Anual;4146;88;8;El Goloso;Fuencarral - El Pardo
2019;Anual;4978;88;8;El Goloso;Fuencarral - El Pardo
2020;Anual;4862;88;8;El Goloso;Fuencarral - El Pardo
2021;Anual;4813;88;8;El Goloso;Fuencarral - El Pardo
2022;Anual;5854;88;8;El Goloso;Fuencarral - El Pardo
2010;Anual;29023;86;8;Valverde;Fuencarral - El Pardo
2011;Anual;30471;86;8;Valverde;Fuencarral - El Pardo
2012;Anual;30841;86;8;Valverde;Fuencarral - El Pardo
2013;Anual;31498;86;8;Valverde;Fuencarral - El Pardo
2014;Anual;32480;86;8;Valverde;Fuencarral - El Pardo
2015;Anual;34266;86;8;Valverde;Fuencarral - El Pardo
2016;Anual;37295;86;8;Valverde;Fuencarral - El Pardo
2017;Anual;38860;86;8;Valverde;Fuencarral - El Pardo
2018;Anual;39070;86;8;Valverde;Fuencarral - El Pardo
2019;Anual;45319;86;8;Valverde;Fuencarral - El Pardo
2020;Anual;48064;86;8;Valverde;Fuencarral - El Pardo
2021;Anual;46402;86;8;Valverde;Fuencarral - El Pardo
2022;Anual;63103;86;8;Valverde;Fuencarral - El Pardo
2010;Anual;5154;87;8;Mirasierra;Fuencarral - El Pardo
2011;Anual;5126;87;8;Mirasierra;Fuencarral - El Pardo
2012;Anual;4971;87;8;Mirasierra;Fuencarral - El Pardo
2013;Anual;7920;87;8;Mirasierra;Fuencarral - El Pardo
2014;Anual;8439;87;8;Mirasierra;Fuencarral - El Pardo
2015;Anual;8829;87;8;Mirasierra;Fuencarral - El Pardo
2016;Anual;9039;87;8;Mirasierra;Fuencarral - El Pardo
2017;Anual;10697;87;8;Mirasierra;Fuencarral - El Pardo
2018;Anual;10776;87;8;Mirasierra;Fuencarral - El Pardo
2019;Anual;13034;87;8;Mirasierra;Fuencarral - El Pardo
2020;Anual;12442;87;8;Mirasierra;Fuencarral - El Pardo
2021;Anual;12320;87;8;Mirasierra;Fuencarral - El Pardo
2022;Anual;17030;87;8;Mirasierra;Fuencarral - El Pardo
2010;Anual;25731;166;16;Valdefuentes;Hortaleza
2011;Anual;33360;166;16;Valdefuentes;Hortaleza
2012;Anual;37261;166;16;Valdefuentes;Hortaleza
2013;Anual;40614;166;16;Valdefuentes;Hortaleza
2014;Anual;41630;166;16;Valdefuentes;Hortaleza
2015;Anual;43581;166;16;Valdefuentes;Hortaleza
2016;Anual;44472;166;16;Valdefuentes;Hortaleza
2017;Anual;44835;166;16;Valdefuentes;Hortaleza
2018;Anual;49268;166;16;Valdefuentes;Hortaleza
2019;Anual;52733;166;16;Valdefuentes;Hortaleza
2020;Anual;57658;166;16;Valdefuentes;Hortaleza
2021;Anual;60208;166;16;Valdefuentes;Hortaleza
2022;Anual;65023;166;16;Valdefuentes;Hortaleza
2010;Anual;8110;212;21;Aeropuerto;Barajas
2011;Anual;8453;212;21;Aeropuerto;Barajas
2012;Anual;8313;212;21;Aeropuerto;Barajas
2013;Anual;4143;212;21;Aeropuerto;Barajas
2014;Anual;4879;212;21;Aeropuerto;Barajas
2015;Anual;4859;212;21;Aeropuerto;Barajas
2016;Anual;5097;212;21;Aeropuerto;Barajas
2017;Anual;5840;212;21;Aeropuerto;Barajas
2018;Anual;6500;212;21;Aeropuerto;Barajas
2019;Anual;6708;212;21;Aeropuerto;Barajas
2020;Anual;7298;212;21;Aeropuerto;Barajas
2021;Anual;7228;212;21;Aeropuerto;Barajas
2022;Anual;7987;212;21;Aeropuerto;Barajas
2010;Anual;1415;214;21;Timón;Barajas
2011;Anual;1525;214;21;Timón;Barajas
2012;Anual;1422;214;21;Timón;Barajas
2013;Anual;1485;214;21;Timón;Barajas
2014;Anual;2055;214;21;Timón;Barajas
2015;Anual;2179;214;21;Timón;Barajas
2016;Anual;2485;214;21;Timón;Barajas
2017;Anual;2751;214;21;Timón;Barajas
2018;Anual;3004;214;21;Timón;Barajas
2019;Anual;3039;214;21;Timón;Barajas
2020;Anual;3160;214;21;Timón;Barajas
2021;Anual;2717;214;21;Timón;Barajas
2022;Anual;3005;214;21;Timón;Barajas
2010;Anual;1218;82;8;Fuentelarreina;Fuencarral - El Pardo
2011;Anual;1169;82;8;Fuentelarreina;Fuencarral - El Pardo
2012;Anual;1399;82;8;Fuentelarreina;Fuencarral - El Pardo
2013;Anual;1702;82;8;Fuentelarreina;Fuencarral - El Pardo
2014;Anual;1677;82;8;Fuentelarreina;Fuencarral - El Pardo
2015;Anual;1836;82;8;Fuentelarreina;Fuencarral - El Pardo
2016;Anual;2002;82;8;Fuentelarreina;Fuencarral - El Pardo
2017;Anual;2269;82;8;Fuentelarreina;Fuencarral - El Pardo
2018;Anual;2174;82;8;Fuentelarreina;Fuencarral - El Pardo
2019;Anual;2260;82;8;Fuentelarreina;Fuencarral - El Pardo
2020;Anual;1216;82;8;Fuentelarreina;Fuencarral - El Pardo
2021;Anual;1274;82;8;Fuentelarreina;Fuencarral - El Pardo
2022;Anual;2025;82;8;Fuentelarreina;Fuencarral - El Pardo
2010;Anual;16675;85;8;La Paz;Fuencarral - El Pardo
2011;Anual;19278;85;8;La Paz;Fuencarral - El Pardo
2012;Anual;21436;85;8;La Paz;Fuencarral - El Pardo
2013;Anual;22667;85;8;La Paz;Fuencarral - El Pardo
2014;Anual;22198;85;8;La Paz;Fuencarral - El Pardo
2015;Anual;24239;85;8;La Paz;Fuencarral - El Pardo
2016;Anual;24498;85;8;La Paz;Fuencarral - El Pardo
2017;Anual;27122;85;8;La Paz;Fuencarral - El Pardo
2018;Anual;28336;85;8;La Paz;Fuencarral - El Pardo
2019;Anual;30099;85;8;La Paz;Fuencarral - El Pardo
2020;Anual;32670;85;8;La Paz;Fuencarral - El Pardo
2021;Anual;32200;85;8;La Paz;Fuencarral - El Pardo
2022;Anual;33061;85;8;La Paz;Fuencarral - El Pardo
2010;Anual;6354;83;8;Peñagrande;Fuencarral - El Pardo
2011;Anual;6856;83;8;Peñagrande;Fuencarral - El Pardo
2012;Anual;6895;83;8;Peñagrande;Fuencarral - El Pardo
2013;Anual;7973;83;8;Peñagrande;Fuencarral - El Pardo
2014;Anual;8084;83;8;Peñagrande;Fuencarral - El Pardo
2015;Anual;8229;83;8;Peñagrande;Fuencarral - El Pardo
2016;Anual;8397;83;8;Peñagrande;Fuencarral - El Pardo
2017;Anual;8716;83;8;Peñagrande;Fuencarral - El Pardo
2018;Anual;8766;83;8;Peñagrande;Fuencarral - El Pardo
2019;Anual;9288;83;8;Peñagrande;Fuencarral - El Pardo
2020;Anual;10599;83;8;Peñagrande;Fuencarral - El Pardo
2021;Anual;9874;83;8;Peñagrande;Fuencarral - El Pardo
2022;Anual;10563;83;8;Peñagrande;Fuencarral - El Pardo
2010;Anual;4743;84;8;Pilar;Fuencarral - El Pardo
2011;Anual;5060;84;8;Pilar;Fuencarral - El Pardo
2012;Anual;4778;84;8;Pilar;Fuencarral - El Pardo
2013;Anual;5637;84;8;Pilar;Fuencarral - El Pardo
2014;Anual;5957;84;8;Pilar;Fuencarral - El Pardo
2015;Anual;6277;84;8;Pilar;Fuencarral - El Pardo
2016;Anual;6449;84;8;Pilar;Fuencarral - El Pardo
2017;Anual;6630;84;8;Pilar;Fuencarral - El Pardo
2018;Anual;6317;84;8;Pilar;Fuencarral - El Pardo
2019;Anual;6992;84;8;Pilar;Fuencarral - El Pardo
2020;Anual;7191;84;8;Pilar;Fuencarral - El Pardo
2021;Anual;6417;84;8;Pilar;Fuencarral - El Pardo
2022;Anual;6986;84;8;Pilar;Fuencarral - El Pardo
2010;Anual;6381;159;15;Costillares;Ciudad Lineal
2011;Anual;11564;159;15;Costillares;Ciudad Lineal
2012;Anual;11215;159;15;Costillares;Ciudad Lineal
2013;Anual;12392;159;15;Costillares;Ciudad Lineal
2014;Anual;11741;159;15;Costillares;Ciudad Lineal
2015;Anual;12278;159;15;Costillares;Ciudad Lineal
2016;Anual;12736;159;15;Costillares;Ciudad Lineal
2017;Anual;12929;159;15;Costillares;Ciudad Lineal
2018;Anual;13466;159;15;Costillares;Ciudad Lineal
2019;Anual;14033;159;15;Costillares;Ciudad Lineal
2020;Anual;14168;159;15;Costillares;Ciudad Lineal
2021;Anual;14234;159;15;Costillares;Ciudad Lineal
2022;Anual;13085;159;15;Costillares;Ciudad Lineal
2010;Anual;44737;56;5;Castilla;Chamartín
2011;Anual;45360;56;5;Castilla;Chamartín
2012;Anual;45119;56;5;Castilla;Chamartín
2013;Anual;40283;56;5;Castilla;Chamartín
2014;Anual;39872;56;5;Castilla;Chamartín
2015;Anual;36810;56;5;Castilla;Chamartín
2016;Anual;44692;56;5;Castilla;Chamartín
2017;Anual;47225;56;5;Castilla;Chamartín
2018;Anual;49570;56;5;Castilla;Chamartín
2019;Anual;50766;56;5;Castilla;Chamartín
2020;Anual;46345;56;5;Castilla;Chamartín
2021;Anual;45417;56;5;Castilla;Chamartín
2022;Anual;46191;56;5;Castilla;Chamartín
2010;Anual;2508;165;16;Apóstol Santiago;Hortaleza
2011;Anual;2597;165;16;Apóstol Santiago;Hortaleza
2012;Anual;2439;165;16;Apóstol Santiago;Hortaleza
2013;Anual;2743;165;16;Apóstol Santiago;Hortaleza
2014;Anual;2784;165;16;Apóstol Santiago;Hortaleza
2015;Anual;2811;165;16;Apóstol Santiago;Hortaleza
2016;Anual;2865;165;16;Apóstol Santiago;Hortaleza
2017;Anual;1665;165;16;Apóstol Santiago;Hortaleza
2018;Anual;1642;165;16;Apóstol Santiago;Hortaleza
2019;Anual;1760;165;16;Apóstol Santiago;Hortaleza
2020;Anual;1763;165;16;Apóstol Santiago;Hortaleza
2021;Anual;1654;165;16;Apóstol Santiago;Hortaleza
2022;Anual;2336;165;16;Apóstol Santiago;Hortaleza
2010;Anual;12250;164;16;Pinar del Rey;Hortaleza
2011;Anual;12201;164;16;Pinar del Rey;Hortaleza
2012;Anual;10878;164;16;Pinar del Rey;Hortaleza
2013;Anual;11198;164;16;Pinar del Rey;Hortaleza
2014;Anual;8650;164;16;Pinar del Rey;Hortaleza
2015;Anual;8882;164;16;Pinar del Rey;Hortaleza
2016;Anual;9363;164;16;Pinar del Rey;Hortaleza
2017;Anual;9720;164;16;Pinar del Rey;Hortaleza
2018;Anual;10972;164;16;Pinar del Rey;Hortaleza
2019;Anual;11997;164;16;Pinar del Rey;Hortaleza
2020;Anual;11416;164;16;Pinar del Rey;Hortaleza
2021;Anual;11330;164;16;Pinar del Rey;Hortaleza
2022;Anual;11945;164;16;Pinar del Rey;Hortaleza
2010;Anual;7334;96;9;El Plantío;Moncloa - Aravaca
2011;Anual;8586;96;9;El Plantío;Moncloa - Aravaca
2012;Anual;9185;96;9;El Plantío;Moncloa - Aravaca
2013;Anual;9665;96;9;El Plantío;Moncloa - Aravaca
2014;Anual;9056;96;9;El Plantío;Moncloa - Aravaca
2015;Anual;9583;96;9;El Plantío;Moncloa - Aravaca
2016;Anual;8561;96;9;El Plantío;Moncloa - Aravaca
2017;Anual;8910;96;9;El Plantío;Moncloa - Aravaca
2018;Anual;9159;96;9;El Plantío;Moncloa - Aravaca
2019;Anual;10111;96;9;El Plantío;Moncloa - Aravaca
2020;Anual;9915;96;9;El Plantío;Moncloa - Aravaca
2021;Anual;9509;96;9;El Plantío;Moncloa - Aravaca
2022;Anual;10095;96;9;El Plantío;Moncloa - Aravaca
2010;Anual;24990;93;9;Ciudad Universitaria;Moncloa - Aravaca
2011;Anual;22515;93;9;Ciudad Universitaria;Moncloa - Aravaca
2012;Anual;23563;93;9;Ciudad Universitaria;Moncloa - Aravaca
2013;Anual;23474;93;9;Ciudad Universitaria;Moncloa - Aravaca
2014;Anual;41822;93;9;Ciudad Universitaria;Moncloa - Aravaca
2015;Anual;42390;93;9;Ciudad Universitaria;Moncloa - Aravaca
2016;Anual;44429;93;9;Ciudad Universitaria;Moncloa - Aravaca
2017;Anual;45927;93;9;Ciudad Universitaria;Moncloa - Aravaca
2018;Anual;46583;93;9;Ciudad Universitaria;Moncloa - Aravaca
2019;Anual;46766;93;9;Ciudad Universitaria;Moncloa - Aravaca
2020;Anual;47582;93;9;Ciudad Universitaria;Moncloa - Aravaca
2021;Anual;49678;93;9;Ciudad Universitaria;Moncloa - Aravaca
2022;Anual;50752;93;9;Ciudad Universitaria;Moncloa - Aravaca
2010;Anual;1176;213;21;Casco Histórico de Barajas;Barajas
2011;Anual;1240;213;21;Casco Histórico de Barajas;Barajas
2012;Anual;1159;213;21;Casco Histórico de Barajas;Barajas
2013;Anual;1193;213;21;Casco Histórico de Barajas;Barajas
2014;Anual;1231;213;21;Casco Histórico de Barajas;Barajas
2015;Anual;1342;213;21;Casco Histórico de Barajas;Barajas
2016;Anual;1440;213;21;Casco Histórico de Barajas;Barajas
2017;Anual;1437;213;21;Casco Histórico de Barajas;Barajas
2018;Anual;1437;213;21;Casco Histórico de Barajas;Barajas
2019;Anual;1593;213;21;Casco Histórico de Barajas;Barajas
2020;Anual;1595;213;21;Casco Histórico de Barajas;Barajas
2021;Anual;1423;213;21;Casco Histórico de Barajas;Barajas
2022;Anual;1432;213;21;Casco Histórico de Barajas;Barajas
2010;Anual;6955;95;9;Valdemarín;Moncloa - Aravaca
2011;Anual;4833;95;9;Valdemarín;Moncloa - Aravaca
2012;Anual;4915;95;9;Valdemarín;Moncloa - Aravaca
2013;Anual;5629;95;9;Valdemarín;Moncloa - Aravaca
2014;Anual;6224;95;9;Valdemarín;Moncloa - Aravaca
2015;Anual;7051;95;9;Valdemarín;Moncloa - Aravaca
2016;Anual;7623;95;9;Valdemarín;Moncloa - Aravaca
2017;Anual;7905;95;9;Valdemarín;Moncloa - Aravaca
2018;Anual;7865;95;9;Valdemarín;Moncloa - Aravaca
2019;Anual;8319;95;9;Valdemarín;Moncloa - Aravaca
2020;Anual;14334;95;9;Valdemarín;Moncloa - Aravaca
2021;Anual;12811;95;9;Valdemarín;Moncloa - Aravaca
2022;Anual;13553;95;9;Valdemarín;Moncloa - Aravaca
2010;Anual;6966;64;6;Almenara;Tetuán
2011;Anual;6881;64;6;Almenara;Tetuán
2012;Anual;15312;64;6;Almenara;Tetuán
2013;Anual;14958;64;6;Almenara;Tetuán
2014;Anual;13663;64;6;Almenara;Tetuán
2015;Anual;13749;64;6;Almenara;Tetuán
2016;Anual;13902;64;6;Almenara;Tetuán
2017;Anual;13473;64;6;Almenara;Tetuán
2018;Anual;14039;64;6;Almenara;Tetuán
2019;Anual;15273;64;6;Almenara;Tetuán
2020;Anual;16343;64;6;Almenara;Tetuán
2021;Anual;14571;64;6;Almenara;Tetuán
2022;Anual;8772;64;6;Almenara;Tetuán
2010;Anual;4110;65;6;Valdeacederas;Tetuán
2011;Anual;3960;65;6;Valdeacederas;Tetuán
2012;Anual;3598;65;6;Valdeacederas;Tetuán
2013;Anual;3596;65;6;Valdeacederas;Tetuán
2014;Anual;3653;65;6;Valdeacederas;Tetuán
2015;Anual;3284;65;6;Valdeacederas;Tetuán
2016;Anual;3267;65;6;Valdeacederas;Tetuán
2017;Anual;3164;65;6;Valdeacederas;Tetuán
2018;Anual;3064;65;6;Valdeacederas;Tetuán
2019;Anual;3456;65;6;Valdeacederas;Tetuán
2020;Anual;3348;65;6;Valdeacederas;Tetuán
2021;Anual;3079;65;6;Valdeacederas;Tetuán
2022;Anual;3240;65;6;Valdeacederas;Tetuán
2010;Anual;2259;94;9;Valdezarza;Moncloa - Aravaca
2011;Anual;3067;94;9;Valdezarza;Moncloa - Aravaca
2012;Anual;2836;94;9;Valdezarza;Moncloa - Aravaca
2013;Anual;3329;94;9;Valdezarza;Moncloa - Aravaca
2014;Anual;3413;94;9;Valdezarza;Moncloa - Aravaca
2015;Anual;3432;94;9;Valdezarza;Moncloa - Aravaca
2016;Anual;3633;94;9;Valdezarza;Moncloa - Aravaca
2017;Anual;3674;94;9;Valdezarza;Moncloa - Aravaca
2018;Anual;3577;94;9;Valdezarza;Moncloa - Aravaca
2019;Anual;3909;94;9;Valdezarza;Moncloa - Aravaca
2020;Anual;3669;94;9;Valdezarza;Moncloa - Aravaca
2021;Anual;3458;94;9;Valdezarza;Moncloa - Aravaca
2022;Anual;3463;94;9;Valdezarza;Moncloa - Aravaca
2010;Anual;23848;215;21;Corralejos;Barajas
2011;Anual;25312;215;21;Corralejos;Barajas
2012;Anual;26237;215;21;Corralejos;Barajas
2013;Anual;27891;215;21;Corralejos;Barajas
2014;Anual;26395;215;21;Corralejos;Barajas
2015;Anual;24041;215;21;Corralejos;Barajas
2016;Anual;23365;215;21;Corralejos;Barajas
2017;Anual;24258;215;21;Corralejos;Barajas
2018;Anual;26562;215;21;Corralejos;Barajas
2019;Anual;28452;215;21;Corralejos;Barajas
2020;Anual;29139;215;21;Corralejos;Barajas
2021;Anual;30816;215;21;Corralejos;Barajas
2022;Anual;20808;215;21;Corralejos;Barajas
2010;Anual;8349;163;16;Canillas;Hortaleza
2011;Anual;8836;163;16;Canillas;Hortaleza
2012;Anual;9224;163;16;Canillas;Hortaleza
2013;Anual;9425;163;16;Canillas;Hortaleza
2014;Anual;9462;163;16;Canillas;Hortaleza
2015;Anual;8877;163;16;Canillas;Hortaleza
2016;Anual;9360;163;16;Canillas;Hortaleza
2017;Anual;10182;163;16;Canillas;Hortaleza
2018;Anual;9171;163;16;Canillas;Hortaleza
2019;Anual;9698;163;16;Canillas;Hortaleza
2020;Anual;9818;163;16;Canillas;Hortaleza
2021;Anual;9241;163;16;Canillas;Hortaleza
2022;Anual;9108;163;16;Canillas;Hortaleza
2010;Anual;21426;55;5;Nueva España;Chamartín
2011;Anual;21100;55;5;Nueva España;Chamartín
2012;Anual;19202;55;5;Nueva España;Chamartín
2013;Anual;20675;55;5;Nueva España;Chamartín
2014;Anual;20900;55;5;Nueva España;Chamartín
2015;Anual;21147;55;5;Nueva España;Chamartín
2016;Anual;20343;55;5;Nueva España;Chamartín
2017;Anual;21885;55;5;Nueva España;Chamartín
2018;Anual;22066;55;5;Nueva España;Chamartín
2019;Anual;23073;55;5;Nueva España;Chamartín
2020;Anual;26687;55;5;Nueva España;Chamartín
2021;Anual;22722;55;5;Nueva España;Chamartín
2022;Anual;23548;55;5;Nueva España;Chamartín
2010;Anual;615;158;15;Atalaya;Ciudad Lineal
2011;Anual;655;158;15;Atalaya;Ciudad Lineal
2012;Anual;516;158;15;Atalaya;Ciudad Lineal
2013;Anual;697;158;15;Atalaya;Ciudad Lineal
2014;Anual;713;158;15;Atalaya;Ciudad Lineal
2015;Anual;670;158;15;Atalaya;Ciudad Lineal
2016;Anual;701;158;15;Atalaya;Ciudad Lineal
2017;Anual;718;158;15;Atalaya;Ciudad Lineal
2018;Anual;622;158;15;Atalaya;Ciudad Lineal
2019;Anual;695;158;15;Atalaya;Ciudad Lineal
2020;Anual;686;158;15;Atalaya;Ciudad Lineal
2021;Anual;653;158;15;Atalaya;Ciudad Lineal
2022;Anual;696;158;15;Atalaya;Ciudad Lineal
2010;Anual;7054;97;9;Aravaca;Moncloa - Aravaca
2011;Anual;6998;97;9;Aravaca;Moncloa - Aravaca
2012;Anual;7328;97;9;Aravaca;Moncloa - Aravaca
2013;Anual;9361;97;9;Aravaca;Moncloa - Aravaca
2014;Anual;10380;97;9;Aravaca;Moncloa - Aravaca
2015;Anual;11285;97;9;Aravaca;Moncloa - Aravaca
2016;Anual;11206;97;9;Aravaca;Moncloa - Aravaca
2017;Anual;11048;97;9;Aravaca;Moncloa - Aravaca
2018;Anual;10458;97;9;Aravaca;Moncloa - Aravaca
2019;Anual;11166;97;9;Aravaca;Moncloa - Aravaca
2020;Anual;11007;97;9;Aravaca;Moncloa - Aravaca
2021;Anual;11156;97;9;Aravaca;Moncloa - Aravaca
2022;Anual;11617;97;9;Aravaca;Moncloa - Aravaca
2010;Anual;27681;63;6;Castillejos;Tetuán
2011;Anual;25291;63;6;Castillejos;Tetuán
2012;Anual;25877;63;6;Castillejos;Tetuán
2013;Anual;26050;63;6;Castillejos;Tetuán
2014;Anual;25243;63;6;Castillejos;Tetuán
2015;Anual;27524;63;6;Castillejos;Tetuán
2016;Anual;26372;63;6;Castillejos;Tetuán
2017;Anual;26606;63;6;Castillejos;Tetuán
2018;Anual;27543;63;6;Castillejos;Tetuán
2019;Anual;28835;63;6;Castillejos;Tetuán
2020;Anual;33762;63;6;Castillejos;Tetuán
2021;Anual;32170;63;6;Castillejos;Tetuán
2022;Anual;35388;63;6;Castillejos;Tetuán
2010;Anual;4921;211;21;Alameda de Osuna;Barajas
2011;Anual;5133;211;21;Alameda de Osuna;Barajas
2012;Anual;5287;211;21;Alameda de Osuna;Barajas
2013;Anual;5400;211;21;Alameda de Osuna;Barajas
2014;Anual;5472;211;21;Alameda de Osuna;Barajas
2015;Anual;7972;211;21;Alameda de Osuna;Barajas
2016;Anual;15114;211;21;Alameda de Osuna;Barajas
2017;Anual;14570;211;21;Alameda de Osuna;Barajas
2018;Anual;11511;211;21;Alameda de Osuna;Barajas
2019;Anual;12095;211;21;Alameda de Osuna;Barajas
2020;Anual;11469;211;21;Alameda de Osuna;Barajas
2021;Anual;9696;211;21;Alameda de Osuna;Barajas
2022;Anual;9350;211;21;Alameda de Osuna;Barajas
2010;Anual;4084;66;6;Berruguete;Tetuán
2011;Anual;3920;66;6;Berruguete;Tetuán
2012;Anual;3627;66;6;Berruguete;Tetuán
2013;Anual;3662;66;6;Berruguete;Tetuán
2014;Anual;3648;66;6;Berruguete;Tetuán
2015;Anual;3874;66;6;Berruguete;Tetuán
2016;Anual;3893;66;6;Berruguete;Tetuán
2017;Anual;4171;66;6;Berruguete;Tetuán
2018;Anual;3935;66;6;Berruguete;Tetuán
2019;Anual;4436;66;6;Berruguete;Tetuán
2020;Anual;4553;66;6;Berruguete;Tetuán
2021;Anual;3936;66;6;Berruguete;Tetuán
2022;Anual;4706;66;6;Berruguete;Tetuán
2010;Anual;2840;157;15;Colina;Ciudad Lineal
2011;Anual;2880;157;15;Colina;Ciudad Lineal
2012;Anual;2611;157;15;Colina;Ciudad Lineal
2013;Anual;2895;157;15;Colina;Ciudad Lineal
2014;Anual;4763;157;15;Colina;Ciudad Lineal
2015;Anual;5038;157;15;Colina;Ciudad Lineal
2016;Anual;4954;157;15;Colina;Ciudad Lineal
2017;Anual;5262;157;15;Colina;Ciudad Lineal
2018;Anual;4786;157;15;Colina;Ciudad Lineal
2019;Anual;5103;157;15;Colina;Ciudad Lineal
2020;Anual;4783;157;15;Colina;Ciudad Lineal
2021;Anual;3991;157;15;Colina;Ciudad Lineal
2022;Anual;2769;157;15;Colina;Ciudad Lineal
2010;Anual;7118;162;16;Piovera;Hortaleza
2011;Anual;6300;162;16;Piovera;Hortaleza
2012;Anual;5604;162;16;Piovera;Hortaleza
2013;Anual;7388;162;16;Piovera;Hortaleza
2014;Anual;7848;162;16;Piovera;Hortaleza
2015;Anual;7899;162;16;Piovera;Hortaleza
2016;Anual;7957;162;16;Piovera;Hortaleza
2017;Anual;8379;162;16;Piovera;Hortaleza
2018;Anual;8409;162;16;Piovera;Hortaleza
2019;Anual;8815;162;16;Piovera;Hortaleza
2020;Anual;8728;162;16;Piovera;Hortaleza
2021;Anual;7812;162;16;Piovera;Hortaleza
2022;Anual;8437;162;16;Piovera;Hortaleza
2010;Anual;23235;54;5;Hispanoamérica;Chamartín
2011;Anual;24981;54;5;Hispanoamérica;Chamartín
2012;Anual;21968;54;5;Hispanoamérica;Chamartín
2013;Anual;23918;54;5;Hispanoamérica;Chamartín
2014;Anual;23783;54;5;Hispanoamérica;Chamartín
2015;Anual;24309;54;5;Hispanoamérica;Chamartín
2016;Anual;23478;54;5;Hispanoamérica;Chamartín
2017;Anual;23828;54;5;Hispanoamérica;Chamartín
2018;Anual;22839;54;5;Hispanoamérica;Chamartín
2019;Anual;24396;54;5;Hispanoamérica;Chamartín
2020;Anual;24937;54;5;Hispanoamérica;Chamartín
2021;Anual;23414;54;5;Hispanoamérica;Chamartín
2022;Anual;25271;54;5;Hispanoamérica;Chamartín
2010;Anual;5686;61;6;Bellas Vistas;Tetuán
2011;Anual;6349;61;6;Bellas Vistas;Tetuán
2012;Anual;6080;61;6;Bellas Vistas;Tetuán
2013;Anual;6418;61;6;Bellas Vistas;Tetuán
2014;Anual;6278;61;6;Bellas Vistas;Tetuán
2015;Anual;6430;61;6;Bellas Vistas;Tetuán
2016;Anual;6530;61;6;Bellas Vistas;Tetuán
2017;Anual;6436;61;6;Bellas Vistas;Tetuán
2018;Anual;5922;61;6;Bellas Vistas;Tetuán
2019;Anual;6612;61;6;Bellas Vistas;Tetuán
2020;Anual;6747;61;6;Bellas Vistas;Tetuán
2021;Anual;6864;61;6;Bellas Vistas;Tetuán
2022;Anual;7392;61;6;Bellas Vistas;Tetuán
2010;Anual;1741;161;16;Palomas;Hortaleza
2011;Anual;2064;161;16;Palomas;Hortaleza
2012;Anual;2116;161;16;Palomas;Hortaleza
2013;Anual;3513;161;16;Palomas;Hortaleza
2014;Anual;3432;161;16;Palomas;Hortaleza
2015;Anual;3153;161;16;Palomas;Hortaleza
2016;Anual;3150;161;16;Palomas;Hortaleza
2017;Anual;3039;161;16;Palomas;Hortaleza
2018;Anual;3078;161;16;Palomas;Hortaleza
2019;Anual;4185;161;16;Palomas;Hortaleza
2020;Anual;4305;161;16;Palomas;Hortaleza
2021;Anual;4083;161;16;Palomas;Hortaleza
2022;Anual;4269;161;16;Palomas;Hortaleza
2010;Anual;56409;62;6;Cuatro Caminos;Tetuán
2011;Anual;50446;62;6;Cuatro Caminos;Tetuán
2012;Anual;48335;62;6;Cuatro Caminos;Tetuán
2013;Anual;48195;62;6;Cuatro Caminos;Tetuán
2014;Anual;47796;62;6;Cuatro Caminos;Tetuán
2015;Anual;50313;62;6;Cuatro Caminos;Tetuán
2016;Anual;68169;62;6;Cuatro Caminos;Tetuán
2017;Anual;69615;62;6;Cuatro Caminos;Tetuán
2018;Anual;84297;62;6;Cuatro Caminos;Tetuán
2019;Anual;101233;62;6;Cuatro Caminos;Tetuán
2020;Anual;104404;62;6;Cuatro Caminos;Tetuán
2021;Anual;104808;62;6;Cuatro Caminos;Tetuán
2022;Anual;121127;62;6;Cuatro Caminos;Tetuán
2010;Anual;15204;156;15;San Juan Bautista;Ciudad Lineal
2011;Anual;14422;156;15;San Juan Bautista;Ciudad Lineal
2012;Anual;14742;156;15;San Juan Bautista;Ciudad Lineal
2013;Anual;12467;156;15;San Juan Bautista;Ciudad Lineal
2014;Anual;12561;156;15;San Juan Bautista;Ciudad Lineal
2015;Anual;12773;156;15;San Juan Bautista;Ciudad Lineal
2016;Anual;13347;156;15;San Juan Bautista;Ciudad Lineal
2017;Anual;17136;156;15;San Juan Bautista;Ciudad Lineal
2018;Anual;17046;156;15;San Juan Bautista;Ciudad Lineal
2019;Anual;17126;156;15;San Juan Bautista;Ciudad Lineal
2020;Anual;17793;156;15;San Juan Bautista;Ciudad Lineal
2021;Anual;16263;156;15;San Juan Bautista;Ciudad Lineal
2022;Anual;18360;156;15;San Juan Bautista;Ciudad Lineal
2010;Anual;13998;52;5;Prosperidad;Chamartín
2011;Anual;13673;52;5;Prosperidad;Chamartín
2012;Anual;13239;52;5;Prosperidad;Chamartín
2013;Anual;14163;52;5;Prosperidad;Chamartín
2014;Anual;13763;52;5;Prosperidad;Chamartín
2015;Anual;13617;52;5;Prosperidad;Chamartín
2016;Anual;13298;52;5;Prosperidad;Chamartín
2017;Anual;13735;52;5;Prosperidad;Chamartín
2018;Anual;13006;52;5;Prosperidad;Chamartín
2019;Anual;13633;52;5;Prosperidad;Chamartín
2020;Anual;37616;52;5;Prosperidad;Chamartín
2021;Anual;47282;52;5;Prosperidad;Chamartín
2022;Anual;43381;52;5;Prosperidad;Chamartín
2010;Anual;13263;53;5;Ciudad Jardín;Chamartín
2011;Anual;13782;53;5;Ciudad Jardín;Chamartín
2012;Anual;12830;53;5;Ciudad Jardín;Chamartín
2013;Anual;13727;53;5;Ciudad Jardín;Chamartín
2014;Anual;13253;53;5;Ciudad Jardín;Chamartín
2015;Anual;13445;53;5;Ciudad Jardín;Chamartín
2016;Anual;13911;53;5;Ciudad Jardín;Chamartín
2017;Anual;13718;53;5;Ciudad Jardín;Chamartín
2018;Anual;14083;53;5;Ciudad Jardín;Chamartín
2019;Anual;14771;53;5;Ciudad Jardín;Chamartín
2020;Anual;15214;53;5;Ciudad Jardín;Chamartín
2021;Anual;14783;53;5;Ciudad Jardín;Chamartín
2022;Anual;15474;53;5;Ciudad Jardín;Chamartín
2010;Anual;56905;51;5;El Viso;Chamartín
2011;Anual;63688;51;5;El Viso;Chamartín
2012;Anual;66492;51;5;El Viso;Chamartín
2013;Anual;65385;51;5;El Viso;Chamartín
2014;Anual;63172;51;5;El Viso;Chamartín
2015;Anual;47688;51;5;El Viso;Chamartín
2016;Anual;34759;51;5;El Viso;Chamartín
2017;Anual;34430;51;5;El Viso;Chamartín
2018;Anual;36894;51;5;El Viso;Chamartín
2019;Anual;37279;51;5;El Viso;Chamartín
2020;Anual;37265;51;5;El Viso;Chamartín
2021;Anual;36324;51;5;El Viso;Chamartín
2022;Anual;39454;51;5;El Viso;Chamartín
2010;Anual;2647;91;9;Casa de Campo;Moncloa - Aravaca
2011;Anual;2836;91;9;Casa de Campo;Moncloa - Aravaca
2012;Anual;4873;91;9;Casa de Campo;Moncloa - Aravaca
2013;Anual;5284;91;9;Casa de Campo;Moncloa - Aravaca
2014;Anual;4952;91;9;Casa de Campo;Moncloa - Aravaca
2015;Anual;4859;91;9;Casa de Campo;Moncloa - Aravaca
2016;Anual;3702;91;9;Casa de Campo;Moncloa - Aravaca
2017;Anual;3836;91;9;Casa de Campo;Moncloa - Aravaca
2018;Anual;3740;91;9;Casa de Campo;Moncloa - Aravaca
2019;Anual;4018;91;9;Casa de Campo;Moncloa - Aravaca
2020;Anual;4089;91;9;Casa de Campo;Moncloa - Aravaca
2021;Anual;3929;91;9;Casa de Campo;Moncloa - Aravaca
2022;Anual;4495;91;9;Casa de Campo;Moncloa - Aravaca
2010;Anual;6433;206;20;Rejas;San Blas - Canillejas
2011;Anual;11716;206;20;Rejas;San Blas - Canillejas
2012;Anual;12097;206;20;Rejas;San Blas - Canillejas
2013;Anual;14180;206;20;Rejas;San Blas - Canillejas
2014;Anual;15517;206;20;Rejas;San Blas - Canillejas
2015;Anual;16152;206;20;Rejas;San Blas - Canillejas
2016;Anual;16453;206;20;Rejas;San Blas - Canillejas
2017;Anual;17982;206;20;Rejas;San Blas - Canillejas
2018;Anual;19158;206;20;Rejas;San Blas - Canillejas
2019;Anual;19536;206;20;Rejas;San Blas - Canillejas
2020;Anual;19893;206;20;Rejas;San Blas - Canillejas
2021;Anual;19534;206;20;Rejas;San Blas - Canillejas
2022;Anual;19272;206;20;Rejas;San Blas - Canillejas
2010;Anual;16115;208;20;El Salvador;San Blas - Canillejas
2011;Anual;19055;208;20;El Salvador;San Blas - Canillejas
2012;Anual;18560;208;20;El Salvador;San Blas - Canillejas
2013;Anual;18354;208;20;El Salvador;San Blas - Canillejas
2014;Anual;17588;208;20;El Salvador;San Blas - Canillejas
2015;Anual;18886;208;20;El Salvador;San Blas - Canillejas
2016;Anual;18230;208;20;El Salvador;San Blas - Canillejas
2017;Anual;17382;208;20;El Salvador;San Blas - Canillejas
2018;Anual;16171;208;20;El Salvador;San Blas - Canillejas
2019;Anual;15624;208;20;El Salvador;San Blas - Canillejas
2020;Anual;17390;208;20;El Salvador;San Blas - Canillejas
2021;Anual;18323;208;20;El Salvador;San Blas - Canillejas
2022;Anual;17794;208;20;El Salvador;San Blas - Canillejas
2010;Anual;3361;205;20;Rosas;San Blas - Canillejas
2011;Anual;3523;205;20;Rosas;San Blas - Canillejas
2012;Anual;3391;205;20;Rosas;San Blas - Canillejas
2013;Anual;4066;205;20;Rosas;San Blas - Canillejas
2014;Anual;3709;205;20;Rosas;San Blas - Canillejas
2015;Anual;4376;205;20;Rosas;San Blas - Canillejas
2016;Anual;4473;205;20;Rosas;San Blas - Canillejas
2017;Anual;5025;205;20;Rosas;San Blas - Canillejas
2018;Anual;4991;205;20;Rosas;San Blas - Canillejas
2019;Anual;5563;205;20;Rosas;San Blas - Canillejas
2020;Anual;6584;205;20;Rosas;San Blas - Canillejas
2021;Anual;6191;205;20;Rosas;San Blas - Canillejas
2022;Anual;6469;205;20;Rosas;San Blas - Canillejas
2010;Anual;2928;207;20;Canillejas;San Blas - Canillejas
2011;Anual;2884;207;20;Canillejas;San Blas - Canillejas
2012;Anual;2805;207;20;Canillejas;San Blas - Canillejas
2013;Anual;3024;207;20;Canillejas;San Blas - Canillejas
2014;Anual;3174;207;20;Canillejas;San Blas - Canillejas
2015;Anual;3182;207;20;Canillejas;San Blas - Canillejas
2016;Anual;3286;207;20;Canillejas;San Blas - Canillejas
2017;Anual;3503;207;20;Canillejas;San Blas - Canillejas
2018;Anual;3114;207;20;Canillejas;San Blas - Canillejas
2019;Anual;3844;207;20;Canillejas;San Blas - Canillejas
2020;Anual;3993;207;20;Canillejas;San Blas - Canillejas
2021;Anual;3747;207;20;Canillejas;San Blas - Canillejas
2022;Anual;3847;207;20;Canillejas;San Blas - Canillejas
2010;Anual;20516;155;15;San Pascual;Ciudad Lineal
2011;Anual;25569;155;15;San Pascual;Ciudad Lineal
2012;Anual;25796;155;15;San Pascual;Ciudad Lineal
2013;Anual;24719;155;15;San Pascual;Ciudad Lineal
2014;Anual;23531;155;15;San Pascual;Ciudad Lineal
2015;Anual;33339;155;15;San Pascual;Ciudad Lineal
2016;Anual;33363;155;15;San Pascual;Ciudad Lineal
2017;Anual;35091;155;15;San Pascual;Ciudad Lineal
2018;Anual;38199;155;15;San Pascual;Ciudad Lineal
2019;Anual;42205;155;15;San Pascual;Ciudad Lineal
2020;Anual;48417;155;15;San Pascual;Ciudad Lineal
2021;Anual;46154;155;15;San Pascual;Ciudad Lineal
2022;Anual;48083;155;15;San Pascual;Ciudad Lineal
2010;Anual;12288;76;7;Vallehermoso;Chamberí
2011;Anual;12802;76;7;Vallehermoso;Chamberí
2012;Anual;12300;76;7;Vallehermoso;Chamberí
2013;Anual;13328;76;7;Vallehermoso;Chamberí
2014;Anual;13500;76;7;Vallehermoso;Chamberí
2015;Anual;11855;76;7;Vallehermoso;Chamberí
2016;Anual;11450;76;7;Vallehermoso;Chamberí
2017;Anual;11598;76;7;Vallehermoso;Chamberí
2018;Anual;11817;76;7;Vallehermoso;Chamberí
2019;Anual;12699;76;7;Vallehermoso;Chamberí
2020;Anual;13297;76;7;Vallehermoso;Chamberí
2021;Anual;13380;76;7;Vallehermoso;Chamberí
2022;Anual;14589;76;7;Vallehermoso;Chamberí
2010;Anual;20869;75;7;Ríos Rosas;Chamberí
2011;Anual;21559;75;7;Ríos Rosas;Chamberí
2012;Anual;21128;75;7;Ríos Rosas;Chamberí
2013;Anual;21676;75;7;Ríos Rosas;Chamberí
2014;Anual;20122;75;7;Ríos Rosas;Chamberí
2015;Anual;18420;75;7;Ríos Rosas;Chamberí
2016;Anual;18914;75;7;Ríos Rosas;Chamberí
2017;Anual;19287;75;7;Ríos Rosas;Chamberí
2018;Anual;20428;75;7;Ríos Rosas;Chamberí
2019;Anual;21664;75;7;Ríos Rosas;Chamberí
2020;Anual;24687;75;7;Ríos Rosas;Chamberí
2021;Anual;23904;75;7;Ríos Rosas;Chamberí
2022;Anual;25811;75;7;Ríos Rosas;Chamberí
2010;Anual;5304;154;15;La Concepción;Ciudad Lineal
2011;Anual;5150;154;15;La Concepción;Ciudad Lineal
2012;Anual;4953;154;15;La Concepción;Ciudad Lineal
2013;Anual;5249;154;15;La Concepción;Ciudad Lineal
2014;Anual;5306;154;15;La Concepción;Ciudad Lineal
2015;Anual;6063;154;15;La Concepción;Ciudad Lineal
2016;Anual;6520;154;15;La Concepción;Ciudad Lineal
2017;Anual;6576;154;15;La Concepción;Ciudad Lineal
2018;Anual;6678;154;15;La Concepción;Ciudad Lineal
2019;Anual;6646;154;15;La Concepción;Ciudad Lineal
2020;Anual;6783;154;15;La Concepción;Ciudad Lineal
2021;Anual;6667;154;15;La Concepción;Ciudad Lineal
2022;Anual;6394;154;15;La Concepción;Ciudad Lineal
2010;Anual;17375;44;4;Guindalera;Salamanca
2011;Anual;17769;44;4;Guindalera;Salamanca
2012;Anual;16421;44;4;Guindalera;Salamanca
2013;Anual;18348;44;4;Guindalera;Salamanca
2014;Anual;18408;44;4;Guindalera;Salamanca
2015;Anual;17976;44;4;Guindalera;Salamanca
2016;Anual;17869;44;4;Guindalera;Salamanca
2017;Anual;19047;44;4;Guindalera;Salamanca
2018;Anual;19271;44;4;Guindalera;Salamanca
2019;Anual;19714;44;4;Guindalera;Salamanca
2020;Anual;21039;44;4;Guindalera;Salamanca
2021;Anual;19585;44;4;Guindalera;Salamanca
2022;Anual;21599;44;4;Guindalera;Salamanca
2010;Anual;53643;201;20;Simancas;San Blas - Canillejas
2011;Anual;53183;201;20;Simancas;San Blas - Canillejas
2012;Anual;53749;201;20;Simancas;San Blas - Canillejas
2013;Anual;51207;201;20;Simancas;San Blas - Canillejas
2014;Anual;53317;201;20;Simancas;San Blas - Canillejas
2015;Anual;57002;201;20;Simancas;San Blas - Canillejas
2016;Anual;55726;201;20;Simancas;San Blas - Canillejas
2017;Anual;58534;201;20;Simancas;San Blas - Canillejas
2018;Anual;63067;201;20;Simancas;San Blas - Canillejas
2019;Anual;63092;201;20;Simancas;San Blas - Canillejas
2020;Anual;64873;201;20;Simancas;San Blas - Canillejas
2021;Anual;66749;201;20;Simancas;San Blas - Canillejas
2022;Anual;69488;201;20;Simancas;San Blas - Canillejas
2010;Anual;5093;153;15;Quintana;Ciudad Lineal
2011;Anual;5088;153;15;Quintana;Ciudad Lineal
2012;Anual;4615;153;15;Quintana;Ciudad Lineal
2013;Anual;4681;153;15;Quintana;Ciudad Lineal
2014;Anual;4657;153;15;Quintana;Ciudad Lineal
2015;Anual;4698;153;15;Quintana;Ciudad Lineal
2016;Anual;4789;153;15;Quintana;Ciudad Lineal
2017;Anual;5163;153;15;Quintana;Ciudad Lineal
2018;Anual;5328;153;15;Quintana;Ciudad Lineal
2019;Anual;5710;153;15;Quintana;Ciudad Lineal
2020;Anual;6025;153;15;Quintana;Ciudad Lineal
2021;Anual;6011;153;15;Quintana;Ciudad Lineal
2022;Anual;6077;153;15;Quintana;Ciudad Lineal
2010;Anual;7797;71;7;Gaztambide;Chamberí
2011;Anual;7870;71;7;Gaztambide;Chamberí
2012;Anual;7730;71;7;Gaztambide;Chamberí
2013;Anual;8384;71;7;Gaztambide;Chamberí
2014;Anual;9038;71;7;Gaztambide;Chamberí
2015;Anual;9261;71;7;Gaztambide;Chamberí
2016;Anual;9299;71;7;Gaztambide;Chamberí
2017;Anual;9631;71;7;Gaztambide;Chamberí
2018;Anual;9230;71;7;Gaztambide;Chamberí
2019;Anual;9788;71;7;Gaztambide;Chamberí
2020;Anual;9879;71;7;Gaztambide;Chamberí
2021;Anual;9430;71;7;Gaztambide;Chamberí
2022;Anual;10969;71;7;Gaztambide;Chamberí
2010;Anual;15803;72;7;Arapiles;Chamberí
2011;Anual;14665;72;7;Arapiles;Chamberí
2012;Anual;14356;72;7;Arapiles;Chamberí
2013;Anual;15022;72;7;Arapiles;Chamberí
2014;Anual;15397;72;7;Arapiles;Chamberí
2015;Anual;16442;72;7;Arapiles;Chamberí
2016;Anual;16632;72;7;Arapiles;Chamberí
2017;Anual;16597;72;7;Arapiles;Chamberí
2018;Anual;16462;72;7;Arapiles;Chamberí
2019;Anual;17502;72;7;Arapiles;Chamberí
2020;Anual;17675;72;7;Arapiles;Chamberí
2021;Anual;16820;72;7;Arapiles;Chamberí
2022;Anual;14488;72;7;Arapiles;Chamberí
2010;Anual;23042;73;7;Trafalgar;Chamberí
2011;Anual;20953;73;7;Trafalgar;Chamberí
2012;Anual;19121;73;7;Trafalgar;Chamberí
2013;Anual;18306;73;7;Trafalgar;Chamberí
2014;Anual;16522;73;7;Trafalgar;Chamberí
2015;Anual;16056;73;7;Trafalgar;Chamberí
2016;Anual;16046;73;7;Trafalgar;Chamberí
2017;Anual;18160;73;7;Trafalgar;Chamberí
2018;Anual;18404;73;7;Trafalgar;Chamberí
2019;Anual;18759;73;7;Trafalgar;Chamberí
2020;Anual;19129;73;7;Trafalgar;Chamberí
2021;Anual;17833;73;7;Trafalgar;Chamberí
2022;Anual;17968;73;7;Trafalgar;Chamberí
2010;Anual;51378;74;7;Almagro;Chamberí
2011;Anual;50154;74;7;Almagro;Chamberí
2012;Anual;48917;74;7;Almagro;Chamberí
2013;Anual;52668;74;7;Almagro;Chamberí
2014;Anual;51631;74;7;Almagro;Chamberí
2015;Anual;51058;74;7;Almagro;Chamberí
2016;Anual;54988;74;7;Almagro;Chamberí
2017;Anual;58506;74;7;Almagro;Chamberí
2018;Anual;56603;74;7;Almagro;Chamberí
2019;Anual;60354;74;7;Almagro;Chamberí
2020;Anual;64134;74;7;Almagro;Chamberí
2021;Anual;63295;74;7;Almagro;Chamberí
2022;Anual;69722;74;7;Almagro;Chamberí
2010;Anual;27996;46;4;Castellana;Salamanca
2011;Anual;28835;46;4;Castellana;Salamanca
2012;Anual;28527;46;4;Castellana;Salamanca
2013;Anual;28716;46;4;Castellana;Salamanca
2014;Anual;29145;46;4;Castellana;Salamanca
2015;Anual;29280;46;4;Castellana;Salamanca
2016;Anual;29864;46;4;Castellana;Salamanca
2017;Anual;30251;46;4;Castellana;Salamanca
2018;Anual;30687;46;4;Castellana;Salamanca
2019;Anual;32875;46;4;Castellana;Salamanca
2020;Anual;34490;46;4;Castellana;Salamanca
2021;Anual;32985;46;4;Castellana;Salamanca
2022;Anual;35518;46;4;Castellana;Salamanca
2010;Anual;9732;152;15;Pueblo Nuevo;Ciudad Lineal
2011;Anual;9887;152;15;Pueblo Nuevo;Ciudad Lineal
2012;Anual;9448;152;15;Pueblo Nuevo;Ciudad Lineal
2013;Anual;9333;152;15;Pueblo Nuevo;Ciudad Lineal
2014;Anual;8357;152;15;Pueblo Nuevo;Ciudad Lineal
2015;Anual;8991;152;15;Pueblo Nuevo;Ciudad Lineal
2016;Anual;9032;152;15;Pueblo Nuevo;Ciudad Lineal
2017;Anual;8781;152;15;Pueblo Nuevo;Ciudad Lineal
2018;Anual;8894;152;15;Pueblo Nuevo;Ciudad Lineal
2019;Anual;9042;152;15;Pueblo Nuevo;Ciudad Lineal
2020;Anual;8893;152;15;Pueblo Nuevo;Ciudad Lineal
2021;Anual;8370;152;15;Pueblo Nuevo;Ciudad Lineal
2022;Anual;9124;152;15;Pueblo Nuevo;Ciudad Lineal
2010;Anual;18985;45;4;Lista;Salamanca
2011;Anual;19146;45;4;Lista;Salamanca
2012;Anual;17036;45;4;Lista;Salamanca
2013;Anual;17867;45;4;Lista;Salamanca
2014;Anual;17311;45;4;Lista;Salamanca
2015;Anual;17718;45;4;Lista;Salamanca
2016;Anual;16603;45;4;Lista;Salamanca
2017;Anual;17016;45;4;Lista;Salamanca
2018;Anual;16669;45;4;Lista;Salamanca
2019;Anual;17696;45;4;Lista;Salamanca
2020;Anual;17705;45;4;Lista;Salamanca
2021;Anual;17153;45;4;Lista;Salamanca
2022;Anual;17425;45;4;Lista;Salamanca
2010;Anual;19732;92;9;Argüelles;Moncloa - Aravaca
2011;Anual;20605;92;9;Argüelles;Moncloa - Aravaca
2012;Anual;20546;92;9;Argüelles;Moncloa - Aravaca
2013;Anual;20592;92;9;Argüelles;Moncloa - Aravaca
2014;Anual;19040;92;9;Argüelles;Moncloa - Aravaca
2015;Anual;19691;92;9;Argüelles;Moncloa - Aravaca
2016;Anual;17649;92;9;Argüelles;Moncloa - Aravaca
2017;Anual;18197;92;9;Argüelles;Moncloa - Aravaca
2018;Anual;17672;92;9;Argüelles;Moncloa - Aravaca
2019;Anual;17961;92;9;Argüelles;Moncloa - Aravaca
2020;Anual;17306;92;9;Argüelles;Moncloa - Aravaca
2021;Anual;16304;92;9;Argüelles;Moncloa - Aravaca
2022;Anual;16978;92;9;Argüelles;Moncloa - Aravaca
2010;Anual;257;202;20;Hellín;San Blas - Canillejas
2011;Anual;243;202;20;Hellín;San Blas - Canillejas
2012;Anual;252;202;20;Hellín;San Blas - Canillejas
2013;Anual;290;202;20;Hellín;San Blas - Canillejas
2014;Anual;338;202;20;Hellín;San Blas - Canillejas
2015;Anual;310;202;20;Hellín;San Blas - Canillejas
2016;Anual;305;202;20;Hellín;San Blas - Canillejas
2017;Anual;309;202;20;Hellín;San Blas - Canillejas
2018;Anual;297;202;20;Hellín;San Blas - Canillejas
2019;Anual;353;202;20;Hellín;San Blas - Canillejas
2020;Anual;345;202;20;Hellín;San Blas - Canillejas
2021;Anual;352;202;20;Hellín;San Blas - Canillejas
2022;Anual;365;202;20;Hellín;San Blas - Canillejas
2010;Anual;5473;151;15;Ventas;Ciudad Lineal
2011;Anual;5632;151;15;Ventas;Ciudad Lineal
2012;Anual;5098;151;15;Ventas;Ciudad Lineal
2013;Anual;5683;151;15;Ventas;Ciudad Lineal
2014;Anual;5510;151;15;Ventas;Ciudad Lineal
2015;Anual;5617;151;15;Ventas;Ciudad Lineal
2016;Anual;6204;151;15;Ventas;Ciudad Lineal
2017;Anual;6349;151;15;Ventas;Ciudad Lineal
2018;Anual;6007;151;15;Ventas;Ciudad Lineal
2019;Anual;6511;151;15;Ventas;Ciudad Lineal
2020;Anual;6804;151;15;Ventas;Ciudad Lineal
2021;Anual;6339;151;15;Ventas;Ciudad Lineal
2022;Anual;6383;151;15;Ventas;Ciudad Lineal
2010;Anual;7989;43;4;Fuente del Berro;Salamanca
2011;Anual;8481;43;4;Fuente del Berro;Salamanca
2012;Anual;7914;43;4;Fuente del Berro;Salamanca
2013;Anual;8684;43;4;Fuente del Berro;Salamanca
2014;Anual;8342;43;4;Fuente del Berro;Salamanca
2015;Anual;9003;43;4;Fuente del Berro;Salamanca
2016;Anual;9498;43;4;Fuente del Berro;Salamanca
2017;Anual;9872;43;4;Fuente del Berro;Salamanca
2018;Anual;10519;43;4;Fuente del Berro;Salamanca
2019;Anual;12599;43;4;Fuente del Berro;Salamanca
2020;Anual;11934;43;4;Fuente del Berro;Salamanca
2021;Anual;11528;43;4;Fuente del Berro;Salamanca
2022;Anual;12939;43;4;Fuente del Berro;Salamanca
2010;Anual;30342;15;1;Universidad;Centro
2011;Anual;30944;15;1;Universidad;Centro
2012;Anual;32074;15;1;Universidad;Centro
2013;Anual;29760;15;1;Universidad;Centro
2014;Anual;29716;15;1;Universidad;Centro
2015;Anual;30823;15;1;Universidad;Centro
2016;Anual;32092;15;1;Universidad;Centro
2017;Anual;32675;15;1;Universidad;Centro
2018;Anual;31994;15;1;Universidad;Centro
2019;Anual;33111;15;1;Universidad;Centro
2020;Anual;34152;15;1;Universidad;Centro
2021;Anual;32075;15;1;Universidad;Centro
2022;Anual;34796;15;1;Universidad;Centro
2010;Anual;45078;41;4;Recoletos;Salamanca
2011;Anual;44905;41;4;Recoletos;Salamanca
2012;Anual;44621;41;4;Recoletos;Salamanca
2013;Anual;44150;41;4;Recoletos;Salamanca
2014;Anual;41435;41;4;Recoletos;Salamanca
2015;Anual;43777;41;4;Recoletos;Salamanca
2016;Anual;45125;41;4;Recoletos;Salamanca
2017;Anual;45637;41;4;Recoletos;Salamanca
2018;Anual;46897;41;4;Recoletos;Salamanca
2019;Anual;47422;41;4;Recoletos;Salamanca
2020;Anual;48291;41;4;Recoletos;Salamanca
2021;Anual;44907;41;4;Recoletos;Salamanca
2022;Anual;50658;41;4;Recoletos;Salamanca
2010;Anual;33354;14;1;Justicia;Centro
2011;Anual;32984;14;1;Justicia;Centro
2012;Anual;33086;14;1;Justicia;Centro
2013;Anual;30750;14;1;Justicia;Centro
2014;Anual;30960;14;1;Justicia;Centro
2015;Anual;38490;14;1;Justicia;Centro
2016;Anual;32603;14;1;Justicia;Centro
2017;Anual;31650;14;1;Justicia;Centro
2018;Anual;32294;14;1;Justicia;Centro
2019;Anual;32070;14;1;Justicia;Centro
2020;Anual;33119;14;1;Justicia;Centro
2021;Anual;29530;14;1;Justicia;Centro
2022;Anual;32902;14;1;Justicia;Centro
2010;Anual;470;203;20;Amposta;San Blas - Canillejas
2011;Anual;426;203;20;Amposta;San Blas - Canillejas
2012;Anual;393;203;20;Amposta;San Blas - Canillejas
2013;Anual;398;203;20;Amposta;San Blas - Canillejas
2014;Anual;408;203;20;Amposta;San Blas - Canillejas
2015;Anual;484;203;20;Amposta;San Blas - Canillejas
2016;Anual;572;203;20;Amposta;San Blas - Canillejas
2017;Anual;595;203;20;Amposta;San Blas - Canillejas
2018;Anual;592;203;20;Amposta;San Blas - Canillejas
2019;Anual;640;203;20;Amposta;San Blas - Canillejas
2020;Anual;662;203;20;Amposta;San Blas - Canillejas
2021;Anual;690;203;20;Amposta;San Blas - Canillejas
2022;Anual;682;203;20;Amposta;San Blas - Canillejas
2010;Anual;46703;42;4;Goya;Salamanca
2011;Anual;48952;42;4;Goya;Salamanca
2012;Anual;49363;42;4;Goya;Salamanca
2013;Anual;50062;42;4;Goya;Salamanca
2014;Anual;47828;42;4;Goya;Salamanca
2015;Anual;48877;42;4;Goya;Salamanca
2016;Anual;50204;42;4;Goya;Salamanca
2017;Anual;52034;42;4;Goya;Salamanca
2018;Anual;53631;42;4;Goya;Salamanca
2019;Anual;54752;42;4;Goya;Salamanca
2020;Anual;53676;42;4;Goya;Salamanca
2021;Anual;50328;42;4;Goya;Salamanca
2022;Anual;58322;42;4;Goya;Salamanca
2010;Anual;1965;204;20;Arcos;San Blas - Canillejas
2011;Anual;2224;204;20;Arcos;San Blas - Canillejas
2012;Anual;2075;204;20;Arcos;San Blas - Canillejas
2013;Anual;2117;204;20;Arcos;San Blas - Canillejas
2014;Anual;2099;204;20;Arcos;San Blas - Canillejas
2015;Anual;2190;204;20;Arcos;San Blas - Canillejas
2016;Anual;2293;204;20;Arcos;San Blas - Canillejas
2017;Anual;2469;204;20;Arcos;San Blas - Canillejas
2018;Anual;2515;204;20;Arcos;San Blas - Canillejas
2019;Anual;2740;204;20;Arcos;San Blas - Canillejas
2020;Anual;2600;204;20;Arcos;San Blas - Canillejas
2021;Anual;2590;204;20;Arcos;San Blas - Canillejas
2022;Anual;2534;204;20;Arcos;San Blas - Canillejas
2010;Anual;17461;11;1;Palacio;Centro
2011;Anual;17690;11;1;Palacio;Centro
2012;Anual;15006;11;1;Palacio;Centro
2013;Anual;14960;11;1;Palacio;Centro
2014;Anual;15017;11;1;Palacio;Centro
2015;Anual;15441;11;1;Palacio;Centro
2016;Anual;16018;11;1;Palacio;Centro
2017;Anual;14445;11;1;Palacio;Centro
2018;Anual;14320;11;1;Palacio;Centro
2019;Anual;19033;11;1;Palacio;Centro
2020;Anual;19736;11;1;Palacio;Centro
2021;Anual;17543;11;1;Palacio;Centro
2022;Anual;15398;11;1;Palacio;Centro
2010;Anual;16666;34;3;Ibiza;Retiro
2011;Anual;17628;34;3;Ibiza;Retiro
2012;Anual;18655;34;3;Ibiza;Retiro
2013;Anual;17330;34;3;Ibiza;Retiro
2014;Anual;16341;34;3;Ibiza;Retiro
2015;Anual;16929;34;3;Ibiza;Retiro
2016;Anual;17212;34;3;Ibiza;Retiro
2017;Anual;17571;34;3;Ibiza;Retiro
2018;Anual;17245;34;3;Ibiza;Retiro
2019;Anual;18230;34;3;Ibiza;Retiro
2020;Anual;17969;34;3;Ibiza;Retiro
2021;Anual;18292;34;3;Ibiza;Retiro
2022;Anual;19082;34;3;Ibiza;Retiro
2010;Anual;10248;35;3;Los Jerónimos;Retiro
2011;Anual;10320;35;3;Los Jerónimos;Retiro
2012;Anual;10944;35;3;Los Jerónimos;Retiro
2013;Anual;11469;35;3;Los Jerónimos;Retiro
2014;Anual;11465;35;3;Los Jerónimos;Retiro
2015;Anual;12550;35;3;Los Jerónimos;Retiro
2016;Anual;11093;35;3;Los Jerónimos;Retiro
2017;Anual;11320;35;3;Los Jerónimos;Retiro
2018;Anual;11387;35;3;Los Jerónimos;Retiro
2019;Anual;12345;35;3;Los Jerónimos;Retiro
2020;Anual;13682;35;3;Los Jerónimos;Retiro
2021;Anual;13088;35;3;Los Jerónimos;Retiro
2022;Anual;14942;35;3;Los Jerónimos;Retiro
2010;Anual;7411;33;3;Estrella;Retiro
2011;Anual;9237;33;3;Estrella;Retiro
2012;Anual;8492;33;3;Estrella;Retiro
2013;Anual;10214;33;3;Estrella;Retiro
2014;Anual;12142;33;3;Estrella;Retiro
2015;Anual;12332;33;3;Estrella;Retiro
2016;Anual;12663;33;3;Estrella;Retiro
2017;Anual;13825;33;3;Estrella;Retiro
2018;Anual;12928;33;3;Estrella;Retiro
2019;Anual;15205;33;3;Estrella;Retiro
2020;Anual;15635;33;3;Estrella;Retiro
2021;Anual;14875;33;3;Estrella;Retiro
2022;Anual;12997;33;3;Estrella;Retiro
2010;Anual;36705;16;1;Sol;Centro
2011;Anual;36233;16;1;Sol;Centro
2012;Anual;26009;16;1;Sol;Centro
2013;Anual;23745;16;1;Sol;Centro
2014;Anual;23342;16;1;Sol;Centro
2015;Anual;23622;16;1;Sol;Centro
2016;Anual;25116;16;1;Sol;Centro
2017;Anual;24864;16;1;Sol;Centro
2018;Anual;25154;16;1;Sol;Centro
2019;Anual;26432;16;1;Sol;Centro
2020;Anual;27013;16;1;Sol;Centro
2021;Anual;23433;16;1;Sol;Centro
2022;Anual;24346;16;1;Sol;Centro
2010;Anual;32717;13;1;Cortes;Centro
2011;Anual;33648;13;1;Cortes;Centro
2012;Anual;33206;13;1;Cortes;Centro
2013;Anual;32433;13;1;Cortes;Centro
2014;Anual;31259;13;1;Cortes;Centro
2015;Anual;21644;13;1;Cortes;Centro
2016;Anual;22193;13;1;Cortes;Centro
2017;Anual;23080;13;1;Cortes;Centro
2018;Anual;23791;13;1;Cortes;Centro
2019;Anual;25249;13;1;Cortes;Centro
2020;Anual;25350;13;1;Cortes;Centro
2021;Anual;23767;13;1;Cortes;Centro
2022;Anual;25666;13;1;Cortes;Centro
2010;Anual;1530;144;14;Media Legua;Moratalaz
2011;Anual;1623;144;14;Media Legua;Moratalaz
2012;Anual;1538;144;14;Media Legua;Moratalaz
2013;Anual;1950;144;14;Media Legua;Moratalaz
2014;Anual;1866;144;14;Media Legua;Moratalaz
2015;Anual;2041;144;14;Media Legua;Moratalaz
2016;Anual;2137;144;14;Media Legua;Moratalaz
2017;Anual;2170;144;14;Media Legua;Moratalaz
2018;Anual;2421;144;14;Media Legua;Moratalaz
2019;Anual;2312;144;14;Media Legua;Moratalaz
2020;Anual;2439;144;14;Media Legua;Moratalaz
2021;Anual;2346;144;14;Media Legua;Moratalaz
2022;Anual;2344;144;14;Media Legua;Moratalaz
2010;Anual;5734;102;10;Puerta del Ángel;Latina
2011;Anual;5687;102;10;Puerta del Ángel;Latina
2012;Anual;5361;102;10;Puerta del Ángel;Latina
2013;Anual;5715;102;10;Puerta del Ángel;Latina
2014;Anual;6350;102;10;Puerta del Ángel;Latina
2015;Anual;6166;102;10;Puerta del Ángel;Latina
2016;Anual;6206;102;10;Puerta del Ángel;Latina
2017;Anual;6677;102;10;Puerta del Ángel;Latina
2018;Anual;6550;102;10;Puerta del Ángel;Latina
2019;Anual;7245;102;10;Puerta del Ángel;Latina
2020;Anual;7424;102;10;Puerta del Ángel;Latina
2021;Anual;6881;102;10;Puerta del Ángel;Latina
2022;Anual;7334;102;10;Puerta del Ángel;Latina
2010;Anual;6274;36;3;Niño Jesús;Retiro
2011;Anual;7614;36;3;Niño Jesús;Retiro
2012;Anual;7427;36;3;Niño Jesús;Retiro
2013;Anual;8699;36;3;Niño Jesús;Retiro
2014;Anual;8997;36;3;Niño Jesús;Retiro
2015;Anual;8741;36;3;Niño Jesús;Retiro
2016;Anual;8345;36;3;Niño Jesús;Retiro
2017;Anual;6884;36;3;Niño Jesús;Retiro
2018;Anual;6730;36;3;Niño Jesús;Retiro
2019;Anual;7240;36;3;Niño Jesús;Retiro
2020;Anual;7536;36;3;Niño Jesús;Retiro
2021;Anual;7927;36;3;Niño Jesús;Retiro
2022;Anual;8475;36;3;Niño Jesús;Retiro
2010;Anual;3039;143;14;Marroquina;Moratalaz
2011;Anual;2983;143;14;Marroquina;Moratalaz
2012;Anual;2855;143;14;Marroquina;Moratalaz
2013;Anual;3596;143;14;Marroquina;Moratalaz
2014;Anual;3664;143;14;Marroquina;Moratalaz
2015;Anual;4242;143;14;Marroquina;Moratalaz
2016;Anual;4358;143;14;Marroquina;Moratalaz
2017;Anual;4478;143;14;Marroquina;Moratalaz
2018;Anual;4339;143;14;Marroquina;Moratalaz
2019;Anual;4692;143;14;Marroquina;Moratalaz
2020;Anual;4647;143;14;Marroquina;Moratalaz
2021;Anual;4308;143;14;Marroquina;Moratalaz
2022;Anual;4397;143;14;Marroquina;Moratalaz
2010;Anual;10233;12;1;Embajadores;Centro
2011;Anual;10701;12;1;Embajadores;Centro
2012;Anual;10193;12;1;Embajadores;Centro
2013;Anual;10767;12;1;Embajadores;Centro
2014;Anual;11199;12;1;Embajadores;Centro
2015;Anual;11659;12;1;Embajadores;Centro
2016;Anual;11946;12;1;Embajadores;Centro
2017;Anual;12700;12;1;Embajadores;Centro
2018;Anual;12143;12;1;Embajadores;Centro
2019;Anual;13456;12;1;Embajadores;Centro
2020;Anual;13740;12;1;Embajadores;Centro
2021;Anual;12439;12;1;Embajadores;Centro
2022;Anual;14146;12;1;Embajadores;Centro
2010;Anual;6628;21;2;Imperial;Arganzuela
2011;Anual;6412;21;2;Imperial;Arganzuela
2012;Anual;6952;21;2;Imperial;Arganzuela
2013;Anual;5792;21;2;Imperial;Arganzuela
2014;Anual;6703;21;2;Imperial;Arganzuela
2015;Anual;7770;21;2;Imperial;Arganzuela
2016;Anual;7344;21;2;Imperial;Arganzuela
2017;Anual;7152;21;2;Imperial;Arganzuela
2018;Anual;8267;21;2;Imperial;Arganzuela
2019;Anual;8897;21;2;Imperial;Arganzuela
2020;Anual;8252;21;2;Imperial;Arganzuela
2021;Anual;8017;21;2;Imperial;Arganzuela
2022;Anual;8159;21;2;Imperial;Arganzuela
2010;Anual;436;142;14;Horcajo;Moratalaz
2011;Anual;465;142;14;Horcajo;Moratalaz
2012;Anual;410;142;14;Horcajo;Moratalaz
2013;Anual;553;142;14;Horcajo;Moratalaz
2014;Anual;566;142;14;Horcajo;Moratalaz
2015;Anual;615;142;14;Horcajo;Moratalaz
2016;Anual;690;142;14;Horcajo;Moratalaz
2017;Anual;676;142;14;Horcajo;Moratalaz
2018;Anual;613;142;14;Horcajo;Moratalaz
2019;Anual;708;142;14;Horcajo;Moratalaz
2020;Anual;735;142;14;Horcajo;Moratalaz
2021;Anual;648;142;14;Horcajo;Moratalaz
2022;Anual;667;142;14;Horcajo;Moratalaz
2010;Anual;3703;103;10;Lucero;Latina
2011;Anual;3620;103;10;Lucero;Latina
2012;Anual;3389;103;10;Lucero;Latina
2013;Anual;3711;103;10;Lucero;Latina
2014;Anual;3742;103;10;Lucero;Latina
2015;Anual;3730;103;10;Lucero;Latina
2016;Anual;3779;103;10;Lucero;Latina
2017;Anual;3823;103;10;Lucero;Latina
2018;Anual;3634;103;10;Lucero;Latina
2019;Anual;4121;103;10;Lucero;Latina
2020;Anual;4211;103;10;Lucero;Latina
2021;Anual;4157;103;10;Lucero;Latina
2022;Anual;4310;103;10;Lucero;Latina
2010;Anual;1253;146;14;Vinateros;Moratalaz
2011;Anual;1252;146;14;Vinateros;Moratalaz
2012;Anual;1106;146;14;Vinateros;Moratalaz
2013;Anual;1321;146;14;Vinateros;Moratalaz
2014;Anual;1697;146;14;Vinateros;Moratalaz
2015;Anual;1794;146;14;Vinateros;Moratalaz
2016;Anual;1878;146;14;Vinateros;Moratalaz
2017;Anual;1917;146;14;Vinateros;Moratalaz
2018;Anual;1961;146;14;Vinateros;Moratalaz
2019;Anual;2020;146;14;Vinateros;Moratalaz
2020;Anual;2076;146;14;Vinateros;Moratalaz
2021;Anual;2040;146;14;Vinateros;Moratalaz
2022;Anual;2094;146;14;Vinateros;Moratalaz
2010;Anual;1485;101;10;Los Cármenes;Latina
2011;Anual;1433;101;10;Los Cármenes;Latina
2012;Anual;1321;101;10;Los Cármenes;Latina
2013;Anual;1513;101;10;Los Cármenes;Latina
2014;Anual;1546;101;10;Los Cármenes;Latina
2015;Anual;1576;101;10;Los Cármenes;Latina
2016;Anual;1634;101;10;Los Cármenes;Latina
2017;Anual;1756;101;10;Los Cármenes;Latina
2018;Anual;1652;101;10;Los Cármenes;Latina
2019;Anual;1817;101;10;Los Cármenes;Latina
2020;Anual;1792;101;10;Los Cármenes;Latina
2021;Anual;1792;101;10;Los Cármenes;Latina
2022;Anual;2012;101;10;Los Cármenes;Latina
2010;Anual;9777;27;2;Atocha;Arganzuela
2011;Anual;9265;27;2;Atocha;Arganzuela
2012;Anual;9501;27;2;Atocha;Arganzuela
2013;Anual;7584;27;2;Atocha;Arganzuela
2014;Anual;10107;27;2;Atocha;Arganzuela
2015;Anual;10617;27;2;Atocha;Arganzuela
2016;Anual;10366;27;2;Atocha;Arganzuela
2017;Anual;10660;27;2;Atocha;Arganzuela
2018;Anual;10636;27;2;Atocha;Arganzuela
2019;Anual;10147;27;2;Atocha;Arganzuela
2020;Anual;10746;27;2;Atocha;Arganzuela
2021;Anual;8293;27;2;Atocha;Arganzuela
2022;Anual;8067;27;2;Atocha;Arganzuela
2010;Anual;998;145;14;Fontarrón;Moratalaz
2011;Anual;994;145;14;Fontarrón;Moratalaz
2012;Anual;921;145;14;Fontarrón;Moratalaz
2013;Anual;1122;145;14;Fontarrón;Moratalaz
2014;Anual;1159;145;14;Fontarrón;Moratalaz
2015;Anual;1157;145;14;Fontarrón;Moratalaz
2016;Anual;1211;145;14;Fontarrón;Moratalaz
2017;Anual;1279;145;14;Fontarrón;Moratalaz
2018;Anual;1238;145;14;Fontarrón;Moratalaz
2019;Anual;1432;145;14;Fontarrón;Moratalaz
2020;Anual;1480;145;14;Fontarrón;Moratalaz
2021;Anual;1443;145;14;Fontarrón;Moratalaz
2022;Anual;1496;145;14;Fontarrón;Moratalaz
2010;Anual;9187;26;2;Palos de la Frontera;Arganzuela
2011;Anual;9094;26;2;Palos de la Frontera;Arganzuela
2012;Anual;8415;26;2;Palos de la Frontera;Arganzuela
2013;Anual;9240;26;2;Palos de la Frontera;Arganzuela
2014;Anual;9178;26;2;Palos de la Frontera;Arganzuela
2015;Anual;9512;26;2;Palos de la Frontera;Arganzuela
2016;Anual;10379;26;2;Palos de la Frontera;Arganzuela
2017;Anual;10724;26;2;Palos de la Frontera;Arganzuela
2018;Anual;10333;26;2;Palos de la Frontera;Arganzuela
2019;Anual;11265;26;2;Palos de la Frontera;Arganzuela
2020;Anual;10397;26;2;Palos de la Frontera;Arganzuela
2021;Anual;10116;26;2;Palos de la Frontera;Arganzuela
2022;Anual;11168;26;2;Palos de la Frontera;Arganzuela
2010;Anual;14401;31;3;Pacífico;Retiro
2011;Anual;14477;31;3;Pacífico;Retiro
2012;Anual;15085;31;3;Pacífico;Retiro
2013;Anual;16310;31;3;Pacífico;Retiro
2014;Anual;15405;31;3;Pacífico;Retiro
2015;Anual;18365;31;3;Pacífico;Retiro
2016;Anual;18380;31;3;Pacífico;Retiro
2017;Anual;18921;31;3;Pacífico;Retiro
2018;Anual;18845;31;3;Pacífico;Retiro
2019;Anual;19972;31;3;Pacífico;Retiro
2020;Anual;20624;31;3;Pacífico;Retiro
2021;Anual;20261;31;3;Pacífico;Retiro
2022;Anual;20294;31;3;Pacífico;Retiro
2010;Anual;8233;22;2;Acacias;Arganzuela
2011;Anual;8201;22;2;Acacias;Arganzuela
2012;Anual;6753;22;2;Acacias;Arganzuela
2013;Anual;7503;22;2;Acacias;Arganzuela
2014;Anual;7314;22;2;Acacias;Arganzuela
2015;Anual;7601;22;2;Acacias;Arganzuela
2016;Anual;7855;22;2;Acacias;Arganzuela
2017;Anual;7769;22;2;Acacias;Arganzuela
2018;Anual;8171;22;2;Acacias;Arganzuela
2019;Anual;8884;22;2;Acacias;Arganzuela
2020;Anual;8960;22;2;Acacias;Arganzuela
2021;Anual;8621;22;2;Acacias;Arganzuela
2022;Anual;8815;22;2;Acacias;Arganzuela
2010;Anual;20276;32;3;Adelfas;Retiro
2011;Anual;20602;32;3;Adelfas;Retiro
2012;Anual;21642;32;3;Adelfas;Retiro
2013;Anual;21369;32;3;Adelfas;Retiro
2014;Anual;20074;32;3;Adelfas;Retiro
2015;Anual;20464;32;3;Adelfas;Retiro
2016;Anual;23253;32;3;Adelfas;Retiro
2017;Anual;24015;32;3;Adelfas;Retiro
2018;Anual;25940;32;3;Adelfas;Retiro
2019;Anual;25199;32;3;Adelfas;Retiro
2020;Anual;26538;32;3;Adelfas;Retiro
2021;Anual;25065;32;3;Adelfas;Retiro
2022;Anual;26442;32;3;Adelfas;Retiro
2010;Anual;6131;136;13;Numancia;Puente de Vallecas
2011;Anual;5997;136;13;Numancia;Puente de Vallecas
2012;Anual;5558;136;13;Numancia;Puente de Vallecas
2013;Anual;5881;136;13;Numancia;Puente de Vallecas
2014;Anual;5405;136;13;Numancia;Puente de Vallecas
2015;Anual;5685;136;13;Numancia;Puente de Vallecas
2016;Anual;5708;136;13;Numancia;Puente de Vallecas
2017;Anual;6251;136;13;Numancia;Puente de Vallecas
2018;Anual;6672;136;13;Numancia;Puente de Vallecas
2019;Anual;7475;136;13;Numancia;Puente de Vallecas
2020;Anual;7742;136;13;Numancia;Puente de Vallecas
2021;Anual;7049;136;13;Numancia;Puente de Vallecas
2022;Anual;7128;136;13;Numancia;Puente de Vallecas
2017;Anual;0;192;19;Valdebernardo;Vicálvaro
2018;Anual;1877;192;19;Valdebernardo;Vicálvaro
2019;Anual;2290;192;19;Valdebernardo;Vicálvaro
2020;Anual;2226;192;19;Valdebernardo;Vicálvaro
2021;Anual;2236;192;19;Valdebernardo;Vicálvaro
2022;Anual;2430;192;19;Valdebernardo;Vicálvaro
2010;Anual;6611;113;11;San Isidro;Carabanchel
2011;Anual;6687;113;11;San Isidro;Carabanchel
2012;Anual;6299;113;11;San Isidro;Carabanchel
2013;Anual;5702;113;11;San Isidro;Carabanchel
2014;Anual;5225;113;11;San Isidro;Carabanchel
2015;Anual;5376;113;11;San Isidro;Carabanchel
2016;Anual;5453;113;11;San Isidro;Carabanchel
2017;Anual;5617;113;11;San Isidro;Carabanchel
2018;Anual;5269;113;11;San Isidro;Carabanchel
2019;Anual;6231;113;11;San Isidro;Carabanchel
2020;Anual;6362;113;11;San Isidro;Carabanchel
2021;Anual;6234;113;11;San Isidro;Carabanchel
2022;Anual;5786;113;11;San Isidro;Carabanchel
2017;Anual;0;193;19;Valderrivas;Vicálvaro
2018;Anual;948;193;19;Valderrivas;Vicálvaro
2019;Anual;1045;193;19;Valderrivas;Vicálvaro
2020;Anual;1064;193;19;Valderrivas;Vicálvaro
2021;Anual;981;193;19;Valderrivas;Vicálvaro
2022;Anual;1127;193;19;Valderrivas;Vicálvaro
2010;Anual;819;141;14;Pavones;Moratalaz
2011;Anual;905;141;14;Pavones;Moratalaz
2012;Anual;888;141;14;Pavones;Moratalaz
2013;Anual;1028;141;14;Pavones;Moratalaz
2014;Anual;1162;141;14;Pavones;Moratalaz
2015;Anual;1268;141;14;Pavones;Moratalaz
2016;Anual;1330;141;14;Pavones;Moratalaz
2017;Anual;1351;141;14;Pavones;Moratalaz
2018;Anual;1317;141;14;Pavones;Moratalaz
2019;Anual;1391;141;14;Pavones;Moratalaz
2020;Anual;1510;141;14;Pavones;Moratalaz
2021;Anual;1448;141;14;Pavones;Moratalaz
2022;Anual;1517;141;14;Pavones;Moratalaz
2010;Anual;6505;104;10;Aluche;Latina
2011;Anual;6631;104;10;Aluche;Latina
2012;Anual;6196;104;10;Aluche;Latina
2013;Anual;6747;104;10;Aluche;Latina
2014;Anual;6869;104;10;Aluche;Latina
2015;Anual;7144;104;10;Aluche;Latina
2016;Anual;7308;104;10;Aluche;Latina
2017;Anual;7705;104;10;Aluche;Latina
2018;Anual;7597;104;10;Aluche;Latina
2019;Anual;8756;104;10;Aluche;Latina
2020;Anual;8658;104;10;Aluche;Latina
2021;Anual;7986;104;10;Aluche;Latina
2022;Anual;9110;104;10;Aluche;Latina
2010;Anual;34954;25;2;Delicias;Arganzuela
2011;Anual;33201;25;2;Delicias;Arganzuela
2012;Anual;32059;25;2;Delicias;Arganzuela
2013;Anual;36702;25;2;Delicias;Arganzuela
2014;Anual;36318;25;2;Delicias;Arganzuela
2015;Anual;36712;25;2;Delicias;Arganzuela
2016;Anual;36241;25;2;Delicias;Arganzuela
2017;Anual;36025;25;2;Delicias;Arganzuela
2018;Anual;34704;25;2;Delicias;Arganzuela
2019;Anual;36581;25;2;Delicias;Arganzuela
2020;Anual;36641;25;2;Delicias;Arganzuela
2021;Anual;37917;25;2;Delicias;Arganzuela
2022;Anual;38759;25;2;Delicias;Arganzuela
2010;Anual;2774;23;2;Chopera;Arganzuela
2011;Anual;2828;23;2;Chopera;Arganzuela
2012;Anual;2682;23;2;Chopera;Arganzuela
2013;Anual;2914;23;2;Chopera;Arganzuela
2014;Anual;2867;23;2;Chopera;Arganzuela
2015;Anual;3037;23;2;Chopera;Arganzuela
2016;Anual;3175;23;2;Chopera;Arganzuela
2017;Anual;3263;23;2;Chopera;Arganzuela
2018;Anual;3118;23;2;Chopera;Arganzuela
2019;Anual;3501;23;2;Chopera;Arganzuela
2020;Anual;3689;23;2;Chopera;Arganzuela
2021;Anual;3475;23;2;Chopera;Arganzuela
2022;Anual;3805;23;2;Chopera;Arganzuela
2010;Anual;1612;105;10;Campamento;Latina
2011;Anual;1563;105;10;Campamento;Latina
2012;Anual;1359;105;10;Campamento;Latina
2013;Anual;1579;105;10;Campamento;Latina
2014;Anual;1707;105;10;Campamento;Latina
2015;Anual;1722;105;10;Campamento;Latina
2016;Anual;1700;105;10;Campamento;Latina
2017;Anual;1552;105;10;Campamento;Latina
2018;Anual;1441;105;10;Campamento;Latina
2019;Anual;1621;105;10;Campamento;Latina
2020;Anual;1693;105;10;Campamento;Latina
2021;Anual;1622;105;10;Campamento;Latina
2022;Anual;1717;105;10;Campamento;Latina
2010;Anual;3154;111;11;Comillas;Carabanchel
2011;Anual;3271;111;11;Comillas;Carabanchel
2012;Anual;2946;111;11;Comillas;Carabanchel
2013;Anual;3111;111;11;Comillas;Carabanchel
2014;Anual;2894;111;11;Comillas;Carabanchel
2015;Anual;2952;111;11;Comillas;Carabanchel
2016;Anual;3058;111;11;Comillas;Carabanchel
2017;Anual;3263;111;11;Comillas;Carabanchel
2018;Anual;2925;111;11;Comillas;Carabanchel
2019;Anual;3333;111;11;Comillas;Carabanchel
2020;Anual;3337;111;11;Comillas;Carabanchel
2021;Anual;3116;111;11;Comillas;Carabanchel
2022;Anual;3424;111;11;Comillas;Carabanchel
2010;Anual;2769;135;13;Portazgo;Puente de Vallecas
2011;Anual;2901;135;13;Portazgo;Puente de Vallecas
2012;Anual;2509;135;13;Portazgo;Puente de Vallecas
2013;Anual;2537;135;13;Portazgo;Puente de Vallecas
2014;Anual;2495;135;13;Portazgo;Puente de Vallecas
2015;Anual;2464;135;13;Portazgo;Puente de Vallecas
2016;Anual;2470;135;13;Portazgo;Puente de Vallecas
2017;Anual;2724;135;13;Portazgo;Puente de Vallecas
2018;Anual;2814;135;13;Portazgo;Puente de Vallecas
2019;Anual;3070;135;13;Portazgo;Puente de Vallecas
2020;Anual;3056;135;13;Portazgo;Puente de Vallecas
2021;Anual;3078;135;13;Portazgo;Puente de Vallecas
2022;Anual;3166;135;13;Portazgo;Puente de Vallecas
2010;Anual;6482;132;13;San Diego;Puente de Vallecas
2011;Anual;6445;132;13;San Diego;Puente de Vallecas
2012;Anual;6023;132;13;San Diego;Puente de Vallecas
2013;Anual;6325;132;13;San Diego;Puente de Vallecas
2014;Anual;6335;132;13;San Diego;Puente de Vallecas
2015;Anual;6383;132;13;San Diego;Puente de Vallecas
2016;Anual;6281;132;13;San Diego;Puente de Vallecas
2017;Anual;6338;132;13;San Diego;Puente de Vallecas
2018;Anual;6180;132;13;San Diego;Puente de Vallecas
2019;Anual;7541;132;13;San Diego;Puente de Vallecas
2020;Anual;7581;132;13;San Diego;Puente de Vallecas
2021;Anual;7248;132;13;San Diego;Puente de Vallecas
2022;Anual;7381;132;13;San Diego;Puente de Vallecas
2010;Anual;4366;112;11;Opañel;Carabanchel
2011;Anual;4308;112;11;Opañel;Carabanchel
2012;Anual;3853;112;11;Opañel;Carabanchel
2013;Anual;4057;112;11;Opañel;Carabanchel
2014;Anual;4003;112;11;Opañel;Carabanchel
2015;Anual;4904;112;11;Opañel;Carabanchel
2016;Anual;5720;112;11;Opañel;Carabanchel
2017;Anual;4670;112;11;Opañel;Carabanchel
2018;Anual;4273;112;11;Opañel;Carabanchel
2019;Anual;5039;112;11;Opañel;Carabanchel
2020;Anual;4872;112;11;Opañel;Carabanchel
2021;Anual;4602;112;11;Opañel;Carabanchel
2022;Anual;4652;112;11;Opañel;Carabanchel
2010;Anual;4459;125;12;Moscardó;Usera
2011;Anual;4442;125;12;Moscardó;Usera
2012;Anual;4166;125;12;Moscardó;Usera
2013;Anual;4181;125;12;Moscardó;Usera
2014;Anual;4000;125;12;Moscardó;Usera
2015;Anual;4385;125;12;Moscardó;Usera
2016;Anual;4401;125;12;Moscardó;Usera
2017;Anual;4355;125;12;Moscardó;Usera
2018;Anual;4804;125;12;Moscardó;Usera
2019;Anual;5543;125;12;Moscardó;Usera
2020;Anual;5434;125;12;Moscardó;Usera
2021;Anual;5045;125;12;Moscardó;Usera
2022;Anual;5432;125;12;Moscardó;Usera
2010;Anual;9556;24;2;Legazpi;Arganzuela
2011;Anual;9444;24;2;Legazpi;Arganzuela
2012;Anual;10189;24;2;Legazpi;Arganzuela
2013;Anual;10687;24;2;Legazpi;Arganzuela
2014;Anual;10664;24;2;Legazpi;Arganzuela
2015;Anual;10944;24;2;Legazpi;Arganzuela
2016;Anual;11333;24;2;Legazpi;Arganzuela
2017;Anual;12486;24;2;Legazpi;Arganzuela
2018;Anual;12409;24;2;Legazpi;Arganzuela
2019;Anual;11397;24;2;Legazpi;Arganzuela
2020;Anual;11613;24;2;Legazpi;Arganzuela
2021;Anual;11104;24;2;Legazpi;Arganzuela
2022;Anual;11623;24;2;Legazpi;Arganzuela
2010;Anual;4164;133;13;Palomeras Bajas;Puente de Vallecas
2011;Anual;4274;133;13;Palomeras Bajas;Puente de Vallecas
2012;Anual;3972;133;13;Palomeras Bajas;Puente de Vallecas
2013;Anual;3775;133;13;Palomeras Bajas;Puente de Vallecas
2014;Anual;3806;133;13;Palomeras Bajas;Puente de Vallecas
2015;Anual;3741;133;13;Palomeras Bajas;Puente de Vallecas
2016;Anual;3846;133;13;Palomeras Bajas;Puente de Vallecas
2017;Anual;3835;133;13;Palomeras Bajas;Puente de Vallecas
2018;Anual;4111;133;13;Palomeras Bajas;Puente de Vallecas
2019;Anual;4480;133;13;Palomeras Bajas;Puente de Vallecas
2020;Anual;4614;133;13;Palomeras Bajas;Puente de Vallecas
2021;Anual;4523;133;13;Palomeras Bajas;Puente de Vallecas
2022;Anual;4347;133;13;Palomeras Bajas;Puente de Vallecas
2010;Anual;6793;134;13;Palomeras Sureste;Puente de Vallecas
2011;Anual;7341;134;13;Palomeras Sureste;Puente de Vallecas
2012;Anual;7162;134;13;Palomeras Sureste;Puente de Vallecas
2013;Anual;7321;134;13;Palomeras Sureste;Puente de Vallecas
2014;Anual;5542;134;13;Palomeras Sureste;Puente de Vallecas
2015;Anual;7312;134;13;Palomeras Sureste;Puente de Vallecas
2016;Anual;7255;134;13;Palomeras Sureste;Puente de Vallecas
2017;Anual;7026;134;13;Palomeras Sureste;Puente de Vallecas
2018;Anual;7482;134;13;Palomeras Sureste;Puente de Vallecas
2019;Anual;7862;134;13;Palomeras Sureste;Puente de Vallecas
2020;Anual;8027;134;13;Palomeras Sureste;Puente de Vallecas
2021;Anual;7642;134;13;Palomeras Sureste;Puente de Vallecas
2022;Anual;8015;134;13;Palomeras Sureste;Puente de Vallecas
2010;Anual;3930;107;10;Águilas;Latina
2011;Anual;4214;107;10;Águilas;Latina
2012;Anual;4264;107;10;Águilas;Latina
2013;Anual;3930;107;10;Águilas;Latina
2014;Anual;4051;107;10;Águilas;Latina
2015;Anual;4279;107;10;Águilas;Latina
2016;Anual;4381;107;10;Águilas;Latina
2017;Anual;4460;107;10;Águilas;Latina
2018;Anual;4495;107;10;Águilas;Latina
2019;Anual;4880;107;10;Águilas;Latina
2020;Anual;4818;107;10;Águilas;Latina
2021;Anual;4374;107;10;Águilas;Latina
2022;Anual;4378;107;10;Águilas;Latina
2010;Anual;2944;131;13;Entrevías;Puente de Vallecas
2011;Anual;3377;131;13;Entrevías;Puente de Vallecas
2012;Anual;3284;131;13;Entrevías;Puente de Vallecas
2013;Anual;2805;131;13;Entrevías;Puente de Vallecas
2014;Anual;2972;131;13;Entrevías;Puente de Vallecas
2015;Anual;3316;131;13;Entrevías;Puente de Vallecas
2016;Anual;3331;131;13;Entrevías;Puente de Vallecas
2017;Anual;3610;131;13;Entrevías;Puente de Vallecas
2018;Anual;3391;131;13;Entrevías;Puente de Vallecas
2019;Anual;4013;131;13;Entrevías;Puente de Vallecas
2020;Anual;3900;131;13;Entrevías;Puente de Vallecas
2021;Anual;3854;131;13;Entrevías;Puente de Vallecas
2022;Anual;3833;131;13;Entrevías;Puente de Vallecas
2010;Anual;6356;114;11;Vista Alegre;Carabanchel
2011;Anual;6121;114;11;Vista Alegre;Carabanchel
2012;Anual;5928;114;11;Vista Alegre;Carabanchel
2013;Anual;5925;114;11;Vista Alegre;Carabanchel
2014;Anual;6004;114;11;Vista Alegre;Carabanchel
2015;Anual;6006;114;11;Vista Alegre;Carabanchel
2016;Anual;6037;114;11;Vista Alegre;Carabanchel
2017;Anual;6184;114;11;Vista Alegre;Carabanchel
2018;Anual;5909;114;11;Vista Alegre;Carabanchel
2019;Anual;6882;114;11;Vista Alegre;Carabanchel
2020;Anual;7117;114;11;Vista Alegre;Carabanchel
2021;Anual;6683;114;11;Vista Alegre;Carabanchel
2022;Anual;7046;114;11;Vista Alegre;Carabanchel
2010;Anual;2069;182;18;Santa Eugenia;Villa de Vallecas
2011;Anual;2408;182;18;Santa Eugenia;Villa de Vallecas
2012;Anual;2037;182;18;Santa Eugenia;Villa de Vallecas
2013;Anual;2275;182;18;Santa Eugenia;Villa de Vallecas
2014;Anual;1972;182;18;Santa Eugenia;Villa de Vallecas
2015;Anual;2023;182;18;Santa Eugenia;Villa de Vallecas
2016;Anual;2075;182;18;Santa Eugenia;Villa de Vallecas
2017;Anual;2111;182;18;Santa Eugenia;Villa de Vallecas
2018;Anual;2807;182;18;Santa Eugenia;Villa de Vallecas
2019;Anual;3174;182;18;Santa Eugenia;Villa de Vallecas
2020;Anual;3161;182;18;Santa Eugenia;Villa de Vallecas
2021;Anual;3045;182;18;Santa Eugenia;Villa de Vallecas
2022;Anual;3095;182;18;Santa Eugenia;Villa de Vallecas
2010;Anual;7071;124;12;Almendrales;Usera
2011;Anual;7095;124;12;Almendrales;Usera
2012;Anual;6610;124;12;Almendrales;Usera
2013;Anual;6755;124;12;Almendrales;Usera
2014;Anual;6671;124;12;Almendrales;Usera
2015;Anual;6406;124;12;Almendrales;Usera
2016;Anual;6197;124;12;Almendrales;Usera
2017;Anual;5858;124;12;Almendrales;Usera
2018;Anual;9222;124;12;Almendrales;Usera
2019;Anual;11995;124;12;Almendrales;Usera
2020;Anual;11564;124;12;Almendrales;Usera
2021;Anual;7618;124;12;Almendrales;Usera
2022;Anual;7639;124;12;Almendrales;Usera
2010;Anual;3561;115;11;Puerta Bonita;Carabanchel
2011;Anual;3543;115;11;Puerta Bonita;Carabanchel
2012;Anual;3375;115;11;Puerta Bonita;Carabanchel
2013;Anual;3577;115;11;Puerta Bonita;Carabanchel
2014;Anual;3471;115;11;Puerta Bonita;Carabanchel
2015;Anual;3762;115;11;Puerta Bonita;Carabanchel
2016;Anual;3793;115;11;Puerta Bonita;Carabanchel
2017;Anual;3878;115;11;Puerta Bonita;Carabanchel
2018;Anual;3887;115;11;Puerta Bonita;Carabanchel
2019;Anual;3226;115;11;Puerta Bonita;Carabanchel
2020;Anual;3378;115;11;Puerta Bonita;Carabanchel
2021;Anual;3284;115;11;Puerta Bonita;Carabanchel
2022;Anual;3292;115;11;Puerta Bonita;Carabanchel
2010;Anual;3394;117;11;Abrantes;Carabanchel
2011;Anual;3551;117;11;Abrantes;Carabanchel
2012;Anual;2093;117;11;Abrantes;Carabanchel
2013;Anual;2378;117;11;Abrantes;Carabanchel
2014;Anual;2504;117;11;Abrantes;Carabanchel
2015;Anual;2613;117;11;Abrantes;Carabanchel
2016;Anual;2774;117;11;Abrantes;Carabanchel
2017;Anual;2991;117;11;Abrantes;Carabanchel
2018;Anual;2761;117;11;Abrantes;Carabanchel
2019;Anual;3489;117;11;Abrantes;Carabanchel
2020;Anual;3491;117;11;Abrantes;Carabanchel
2021;Anual;3396;117;11;Abrantes;Carabanchel
2022;Anual;3423;117;11;Abrantes;Carabanchel
2010;Anual;2585;127;12;Pradolongo;Usera
2011;Anual;2378;127;12;Pradolongo;Usera
2012;Anual;2171;127;12;Pradolongo;Usera
2013;Anual;2318;127;12;Pradolongo;Usera
2014;Anual;2417;127;12;Pradolongo;Usera
2015;Anual;2490;127;12;Pradolongo;Usera
2016;Anual;2609;127;12;Pradolongo;Usera
2017;Anual;2800;127;12;Pradolongo;Usera
2018;Anual;2677;127;12;Pradolongo;Usera
2019;Anual;2915;127;12;Pradolongo;Usera
2020;Anual;2900;127;12;Pradolongo;Usera
2021;Anual;2577;127;12;Pradolongo;Usera
2022;Anual;2673;127;12;Pradolongo;Usera
2010;Anual;1079;126;12;Zofío;Usera
2011;Anual;1278;126;12;Zofío;Usera
2012;Anual;1200;126;12;Zofío;Usera
2013;Anual;1177;126;12;Zofío;Usera
2014;Anual;1197;126;12;Zofío;Usera
2015;Anual;1208;126;12;Zofío;Usera
2016;Anual;1252;126;12;Zofío;Usera
2017;Anual;1304;126;12;Zofío;Usera
2018;Anual;1283;126;12;Zofío;Usera
2019;Anual;1578;126;12;Zofío;Usera
2020;Anual;1678;126;12;Zofío;Usera
2021;Anual;1575;126;12;Zofío;Usera
2022;Anual;1447;126;12;Zofío;Usera
2010;Anual;2116;122;12;Orcasur;Usera
2011;Anual;2045;122;12;Orcasur;Usera
2012;Anual;2081;122;12;Orcasur;Usera
2013;Anual;2356;122;12;Orcasur;Usera
2014;Anual;1995;122;12;Orcasur;Usera
2015;Anual;2177;122;12;Orcasur;Usera
2016;Anual;2385;122;12;Orcasur;Usera
2017;Anual;2379;122;12;Orcasur;Usera
2018;Anual;2579;122;12;Orcasur;Usera
2019;Anual;2772;122;12;Orcasur;Usera
2020;Anual;2962;122;12;Orcasur;Usera
2021;Anual;3208;122;12;Orcasur;Usera
2022;Anual;3310;122;12;Orcasur;Usera
2010;Anual;12636;181;18;Casco Histórico de Vallecas;Villa de Vallecas
2011;Anual;12880;181;18;Casco Histórico de Vallecas;Villa de Vallecas
2012;Anual;12810;181;18;Casco Histórico de Vallecas;Villa de Vallecas
2013;Anual;18155;181;18;Casco Histórico de Vallecas;Villa de Vallecas
2014;Anual;18905;181;18;Casco Histórico de Vallecas;Villa de Vallecas
2015;Anual;22348;181;18;Casco Histórico de Vallecas;Villa de Vallecas
2016;Anual;25812;181;18;Casco Histórico de Vallecas;Villa de Vallecas
2017;Anual;26574;181;18;Casco Histórico de Vallecas;Villa de Vallecas
2018;Anual;19685;181;18;Casco Histórico de Vallecas;Villa de Vallecas
2019;Anual;22753;181;18;Casco Histórico de Vallecas;Villa de Vallecas
2020;Anual;23178;181;18;Casco Histórico de Vallecas;Villa de Vallecas
2021;Anual;24784;181;18;Casco Histórico de Vallecas;Villa de Vallecas
2022;Anual;27884;181;18;Casco Histórico de Vallecas;Villa de Vallecas
2010;Anual;2263;123;12;San Fermín;Usera
2011;Anual;4979;123;12;San Fermín;Usera
2012;Anual;4740;123;12;San Fermín;Usera
2013;Anual;2831;123;12;San Fermín;Usera
2014;Anual;3895;123;12;San Fermín;Usera
2015;Anual;4604;123;12;San Fermín;Usera
2016;Anual;5384;123;12;San Fermín;Usera
2017;Anual;5369;123;12;San Fermín;Usera
2018;Anual;6525;123;12;San Fermín;Usera
2019;Anual;6441;123;12;San Fermín;Usera
2020;Anual;4700;123;12;San Fermín;Usera
2021;Anual;2557;123;12;San Fermín;Usera
2022;Anual;2869;123;12;San Fermín;Usera
2010;Anual;723;106;10;Cuatro Vientos;Latina
2011;Anual;3386;106;10;Cuatro Vientos;Latina
2012;Anual;3509;106;10;Cuatro Vientos;Latina
2013;Anual;3666;106;10;Cuatro Vientos;Latina
2014;Anual;3638;106;10;Cuatro Vientos;Latina
2015;Anual;4082;106;10;Cuatro Vientos;Latina
2016;Anual;4186;106;10;Cuatro Vientos;Latina
2017;Anual;4181;106;10;Cuatro Vientos;Latina
2018;Anual;4147;106;10;Cuatro Vientos;Latina
2019;Anual;4260;106;10;Cuatro Vientos;Latina
2020;Anual;4240;106;10;Cuatro Vientos;Latina
2021;Anual;3951;106;10;Cuatro Vientos;Latina
2022;Anual;3723;106;10;Cuatro Vientos;Latina
2010;Anual;6947;116;11;Buenavista;Carabanchel
2011;Anual;7744;116;11;Buenavista;Carabanchel
2012;Anual;7553;116;11;Buenavista;Carabanchel
2013;Anual;7644;116;11;Buenavista;Carabanchel
2014;Anual;7911;116;11;Buenavista;Carabanchel
2015;Anual;8521;116;11;Buenavista;Carabanchel
2016;Anual;9455;116;11;Buenavista;Carabanchel
2017;Anual;10853;116;11;Buenavista;Carabanchel
2018;Anual;11546;116;11;Buenavista;Carabanchel
2019;Anual;13192;116;11;Buenavista;Carabanchel
2020;Anual;12736;116;11;Buenavista;Carabanchel
2021;Anual;12679;116;11;Buenavista;Carabanchel
2022;Anual;13354;116;11;Buenavista;Carabanchel
2017;Anual;0;183;18;Ensanche de Vallecas;Villa de Vallecas
2018;Anual;7625;183;18;Ensanche de Vallecas;Villa de Vallecas
2019;Anual;8513;183;18;Ensanche de Vallecas;Villa de Vallecas
2020;Anual;9740;183;18;Ensanche de Vallecas;Villa de Vallecas
2021;Anual;9691;183;18;Ensanche de Vallecas;Villa de Vallecas
2022;Anual;10625;183;18;Ensanche de Vallecas;Villa de Vallecas
2010;Anual;904;121;12;Orcasitas;Usera
2011;Anual;1046;121;12;Orcasitas;Usera
2012;Anual;903;121;12;Orcasitas;Usera
2013;Anual;928;121;12;Orcasitas;Usera
2014;Anual;1016;121;12;Orcasitas;Usera
2015;Anual;1132;121;12;Orcasitas;Usera
2016;Anual;1225;121;12;Orcasitas;Usera
2017;Anual;1308;121;12;Orcasitas;Usera
2018;Anual;1351;121;12;Orcasitas;Usera
2019;Anual;1491;121;12;Orcasitas;Usera
2020;Anual;1670;121;12;Orcasitas;Usera
2021;Anual;1590;121;12;Orcasitas;Usera
2022;Anual;1575;121;12;Orcasitas;Usera
2010;Anual;29345;171;17;Villaverde Alto - Casco Histórico de Villaverde;Villaverde
2011;Anual;31421;171;17;Villaverde Alto - Casco Histórico de Villaverde;Villaverde
2012;Anual;31981;171;17;Villaverde Alto - Casco Histórico de Villaverde;Villaverde
2013;Anual;33240;171;17;Villaverde Alto - Casco Histórico de Villaverde;Villaverde
2014;Anual;30163;171;17;Villaverde Alto - Casco Histórico de Villaverde;Villaverde
2015;Anual;28606;171;17;Villaverde Alto - Casco Histórico de Villaverde;Villaverde
2016;Anual;30009;171;17;Villaverde Alto - Casco Histórico de Villaverde;Villaverde
2017;Anual;28599;171;17;Villaverde Alto - Casco Histórico de Villaverde;Villaverde
2018;Anual;31038;171;17;Villaverde Alto - Casco Histórico de Villaverde;Villaverde
2019;Anual;32212;171;17;Villaverde Alto - Casco Histórico de Villaverde;Villaverde
2020;Anual;33625;171;17;Villaverde Alto - Casco Histórico de Villaverde;Villaverde
2021;Anual;33466;171;17;Villaverde Alto - Casco Histórico de Villaverde;Villaverde
2022;Anual;36928;171;17;Villaverde Alto - Casco Histórico de Villaverde;Villaverde
2010;Anual;3789;174;17;Los Rosales;Villaverde
2011;Anual;4049;174;17;Los Rosales;Villaverde
2012;Anual;3996;174;17;Los Rosales;Villaverde
2013;Anual;4910;174;17;Los Rosales;Villaverde
2014;Anual;4386;174;17;Los Rosales;Villaverde
2015;Anual;5371;174;17;Los Rosales;Villaverde
2016;Anual;5449;174;17;Los Rosales;Villaverde
2017;Anual;6104;174;17;Los Rosales;Villaverde
2018;Anual;6393;174;17;Los Rosales;Villaverde
2019;Anual;6328;174;17;Los Rosales;Villaverde
2020;Anual;6401;174;17;Los Rosales;Villaverde
2021;Anual;5867;174;17;Los Rosales;Villaverde
2022;Anual;5946;174;17;Los Rosales;Villaverde
2010;Anual;5347;175;17;Ángeles;Villaverde
2011;Anual;5273;175;17;Ángeles;Villaverde
2012;Anual;4814;175;17;Ángeles;Villaverde
2013;Anual;4687;175;17;Ángeles;Villaverde
2014;Anual;4642;175;17;Ángeles;Villaverde
2015;Anual;5059;175;17;Ángeles;Villaverde
2016;Anual;5063;175;17;Ángeles;Villaverde
2017;Anual;5242;175;17;Ángeles;Villaverde
2018;Anual;5083;175;17;Ángeles;Villaverde
2019;Anual;5073;175;17;Ángeles;Villaverde
2020;Anual;5123;175;17;Ángeles;Villaverde
2021;Anual;5048;175;17;Ángeles;Villaverde
2022;Anual;5966;175;17;Ángeles;Villaverde
2010;Anual;3005;173;17;Butarque;Villaverde
2011;Anual;2583;173;17;Butarque;Villaverde
2012;Anual;2456;173;17;Butarque;Villaverde
2013;Anual;2333;173;17;Butarque;Villaverde
2014;Anual;2194;173;17;Butarque;Villaverde
2015;Anual;2143;173;17;Butarque;Villaverde
2016;Anual;2263;173;17;Butarque;Villaverde
2017;Anual;2113;173;17;Butarque;Villaverde
2018;Anual;1488;173;17;Butarque;Villaverde
2019;Anual;1445;173;17;Butarque;Villaverde
2020;Anual;1554;173;17;Butarque;Villaverde
2021;Anual;1388;173;17;Butarque;Villaverde
2022;Anual;1489;173;17;Butarque;Villaverde
2010;Anual;420;172;17;San Cristóbal;Villaverde
2011;Anual;441;172;17;San Cristóbal;Villaverde
2012;Anual;416;172;17;San Cristóbal;Villaverde
2013;Anual;473;172;17;San Cristóbal;Villaverde
2014;Anual;469;172;17;San Cristóbal;Villaverde
2015;Anual;484;172;17;San Cristóbal;Villaverde
2016;Anual;517;172;17;San Cristóbal;Villaverde
2017;Anual;563;172;17;San Cristóbal;Villaverde
2018;Anual;657;172;17;San Cristóbal;Villaverde
2019;Anual;684;172;17;San Cristóbal;Villaverde
2020;Anual;704;172;17;San Cristóbal;Villaverde
2021;Anual;667;172;17;San Cristóbal;Villaverde
2022;Anual;750;172;17;San Cristóbal;Villaverde
