Anio;Periodo;DatoAutonomosHombres;DatoAutonomosMujer;CodigoBarrio;CodigoDistrito;NombreBarrio;NombreDistrito
2017;Anual;0;0;194;19;El Cañaveral;Vicálvaro
2018;Anual;5;4;194;19;El Cañaveral;Vicálvaro
2019;Anual;11;9;194;19;El Cañaveral;Vicálvaro
2020;Anual;28;14;194;19;El Cañaveral;Vicálvaro
2021;Anual;41;19;194;19;El Cañaveral;Vicálvaro
2022;Anual;79;38;194;19;El Cañaveral;Vicálvaro
2010;Anual;731;339;191;19;Casco histórico de Vicálvaro;Vicálvaro
2011;Anual;701;307;191;19;Casco histórico de Vicálvaro;Vicálvaro
2012;Anual;615;284;191;19;Casco histórico de Vicálvaro;Vicálvaro
2013;Anual;675;308;191;19;Casco histórico de Vicálvaro;Vicálvaro
2014;Anual;741;341;191;19;Casco histórico de Vicálvaro;Vicálvaro
2015;Anual;769;361;191;19;Casco histórico de Vicálvaro;Vicálvaro
2016;Anual;812;382;191;19;Casco histórico de Vicálvaro;Vicálvaro
2017;Anual;862;404;191;19;Casco histórico de Vicálvaro;Vicálvaro
2018;Anual;705;297;191;19;Casco histórico de Vicálvaro;Vicálvaro
2019;Anual;859;325;191;19;Casco histórico de Vicálvaro;Vicálvaro
2020;Anual;895;356;191;19;Casco histórico de Vicálvaro;Vicálvaro
2021;Anual;870;339;191;19;Casco histórico de Vicálvaro;Vicálvaro
2022;Anual;853;333;191;19;Casco histórico de Vicálvaro;Vicálvaro
2010;Anual;63;28;81;8;El Pardo;Fuencarral - El Pardo
2011;Anual;53;31;81;8;El Pardo;Fuencarral - El Pardo
2012;Anual;49;24;81;8;El Pardo;Fuencarral - El Pardo
2013;Anual;48;20;81;8;El Pardo;Fuencarral - El Pardo
2014;Anual;54;19;81;8;El Pardo;Fuencarral - El Pardo
2015;Anual;52;25;81;8;El Pardo;Fuencarral - El Pardo
2016;Anual;53;23;81;8;El Pardo;Fuencarral - El Pardo
2017;Anual;59;30;81;8;El Pardo;Fuencarral - El Pardo
2018;Anual;50;25;81;8;El Pardo;Fuencarral - El Pardo
2019;Anual;65;36;81;8;El Pardo;Fuencarral - El Pardo
2020;Anual;65;34;81;8;El Pardo;Fuencarral - El Pardo
2021;Anual;64;38;81;8;El Pardo;Fuencarral - El Pardo
2022;Anual;65;31;81;8;El Pardo;Fuencarral - El Pardo
2010;Anual;90;63;88;8;El Goloso;Fuencarral - El Pardo
2011;Anual;107;78;88;8;El Goloso;Fuencarral - El Pardo
2012;Anual;112;74;88;8;El Goloso;Fuencarral - El Pardo
2013;Anual;135;91;88;8;El Goloso;Fuencarral - El Pardo
2014;Anual;187;119;88;8;El Goloso;Fuencarral - El Pardo
2015;Anual;233;161;88;8;El Goloso;Fuencarral - El Pardo
2016;Anual;280;186;88;8;El Goloso;Fuencarral - El Pardo
2017;Anual;313;204;88;8;El Goloso;Fuencarral - El Pardo
2018;Anual;221;114;88;8;El Goloso;Fuencarral - El Pardo
2019;Anual;382;270;88;8;El Goloso;Fuencarral - El Pardo
2020;Anual;404;278;88;8;El Goloso;Fuencarral - El Pardo
2021;Anual;385;271;88;8;El Goloso;Fuencarral - El Pardo
2022;Anual;394;277;88;8;El Goloso;Fuencarral - El Pardo
2010;Anual;964;473;86;8;Valverde;Fuencarral - El Pardo
2011;Anual;970;492;86;8;Valverde;Fuencarral - El Pardo
2012;Anual;849;449;86;8;Valverde;Fuencarral - El Pardo
2013;Anual;902;500;86;8;Valverde;Fuencarral - El Pardo
2014;Anual;1.063;579;86;8;Valverde;Fuencarral - El Pardo
2015;Anual;1.125;646;86;8;Valverde;Fuencarral - El Pardo
2016;Anual;1.140;672;86;8;Valverde;Fuencarral - El Pardo
2017;Anual;1.229;776;86;8;Valverde;Fuencarral - El Pardo
2018;Anual;1.068;587;86;8;Valverde;Fuencarral - El Pardo
2019;Anual;1.479;891;86;8;Valverde;Fuencarral - El Pardo
2020;Anual;1.542;937;86;8;Valverde;Fuencarral - El Pardo
2021;Anual;1.519;907;86;8;Valverde;Fuencarral - El Pardo
2022;Anual;1.499;914;86;8;Valverde;Fuencarral - El Pardo
2010;Anual;460;330;87;8;Mirasierra;Fuencarral - El Pardo
2011;Anual;474;339;87;8;Mirasierra;Fuencarral - El Pardo
2012;Anual;415;287;87;8;Mirasierra;Fuencarral - El Pardo
2013;Anual;448;321;87;8;Mirasierra;Fuencarral - El Pardo
2014;Anual;535;362;87;8;Mirasierra;Fuencarral - El Pardo
2015;Anual;576;414;87;8;Mirasierra;Fuencarral - El Pardo
2016;Anual;615;416;87;8;Mirasierra;Fuencarral - El Pardo
2017;Anual;655;434;87;8;Mirasierra;Fuencarral - El Pardo
2018;Anual;579;388;87;8;Mirasierra;Fuencarral - El Pardo
2019;Anual;738;506;87;8;Mirasierra;Fuencarral - El Pardo
2020;Anual;797;523;87;8;Mirasierra;Fuencarral - El Pardo
2021;Anual;804;488;87;8;Mirasierra;Fuencarral - El Pardo
2022;Anual;809;498;87;8;Mirasierra;Fuencarral - El Pardo
2010;Anual;533;309;166;16;Valdefuentes;Hortaleza
2011;Anual;573;333;166;16;Valdefuentes;Hortaleza
2012;Anual;538;303;166;16;Valdefuentes;Hortaleza
2013;Anual;571;341;166;16;Valdefuentes;Hortaleza
2014;Anual;702;422;166;16;Valdefuentes;Hortaleza
2015;Anual;795;489;166;16;Valdefuentes;Hortaleza
2016;Anual;874;532;166;16;Valdefuentes;Hortaleza
2017;Anual;988;611;166;16;Valdefuentes;Hortaleza
2018;Anual;809;505;166;16;Valdefuentes;Hortaleza
2019;Anual;1.271;829;166;16;Valdefuentes;Hortaleza
2020;Anual;1.405;920;166;16;Valdefuentes;Hortaleza
2021;Anual;1.398;911;166;16;Valdefuentes;Hortaleza
2022;Anual;1.442;891;166;16;Valdefuentes;Hortaleza
2010;Anual;47;20;212;21;Aeropuerto;Barajas
2011;Anual;40;17;212;21;Aeropuerto;Barajas
2012;Anual;34;17;212;21;Aeropuerto;Barajas
2013;Anual;35;19;212;21;Aeropuerto;Barajas
2014;Anual;41;20;212;21;Aeropuerto;Barajas
2015;Anual;49;18;212;21;Aeropuerto;Barajas
2016;Anual;50;23;212;21;Aeropuerto;Barajas
2017;Anual;52;24;212;21;Aeropuerto;Barajas
2018;Anual;55;27;212;21;Aeropuerto;Barajas
2019;Anual;65;34;212;21;Aeropuerto;Barajas
2020;Anual;162;48;212;21;Aeropuerto;Barajas
2021;Anual;287;58;212;21;Aeropuerto;Barajas
2022;Anual;446;85;212;21;Aeropuerto;Barajas
2010;Anual;187;149;214;21;Timón;Barajas
2011;Anual;185;157;214;21;Timón;Barajas
2012;Anual;171;141;214;21;Timón;Barajas
2013;Anual;179;148;214;21;Timón;Barajas
2014;Anual;193;169;214;21;Timón;Barajas
2015;Anual;205;173;214;21;Timón;Barajas
2016;Anual;208;171;214;21;Timón;Barajas
2017;Anual;235;176;214;21;Timón;Barajas
2018;Anual;206;147;214;21;Timón;Barajas
2019;Anual;271;196;214;21;Timón;Barajas
2020;Anual;303;220;214;21;Timón;Barajas
2021;Anual;284;211;214;21;Timón;Barajas
2022;Anual;281;209;214;21;Timón;Barajas
2010;Anual;55;45;82;8;Fuentelarreina;Fuencarral - El Pardo
2011;Anual;57;46;82;8;Fuentelarreina;Fuencarral - El Pardo
2012;Anual;54;43;82;8;Fuentelarreina;Fuencarral - El Pardo
2013;Anual;58;44;82;8;Fuentelarreina;Fuencarral - El Pardo
2014;Anual;67;53;82;8;Fuentelarreina;Fuencarral - El Pardo
2015;Anual;72;59;82;8;Fuentelarreina;Fuencarral - El Pardo
2016;Anual;70;53;82;8;Fuentelarreina;Fuencarral - El Pardo
2017;Anual;78;59;82;8;Fuentelarreina;Fuencarral - El Pardo
2018;Anual;48;46;82;8;Fuentelarreina;Fuencarral - El Pardo
2019;Anual;102;72;82;8;Fuentelarreina;Fuencarral - El Pardo
2020;Anual;104;74;82;8;Fuentelarreina;Fuencarral - El Pardo
2021;Anual;106;77;82;8;Fuentelarreina;Fuencarral - El Pardo
2022;Anual;108;74;82;8;Fuentelarreina;Fuencarral - El Pardo
2010;Anual;635;385;85;8;La Paz;Fuencarral - El Pardo
2011;Anual;658;396;85;8;La Paz;Fuencarral - El Pardo
2012;Anual;558;342;85;8;La Paz;Fuencarral - El Pardo
2013;Anual;592;361;85;8;La Paz;Fuencarral - El Pardo
2014;Anual;627;409;85;8;La Paz;Fuencarral - El Pardo
2015;Anual;674;415;85;8;La Paz;Fuencarral - El Pardo
2016;Anual;681;419;85;8;La Paz;Fuencarral - El Pardo
2017;Anual;711;436;85;8;La Paz;Fuencarral - El Pardo
2018;Anual;656;401;85;8;La Paz;Fuencarral - El Pardo
2019;Anual;765;492;85;8;La Paz;Fuencarral - El Pardo
2020;Anual;785;483;85;8;La Paz;Fuencarral - El Pardo
2021;Anual;741;453;85;8;La Paz;Fuencarral - El Pardo
2022;Anual;741;449;85;8;La Paz;Fuencarral - El Pardo
2010;Anual;814;478;83;8;Peñagrande;Fuencarral - El Pardo
2011;Anual;811;470;83;8;Peñagrande;Fuencarral - El Pardo
2012;Anual;717;412;83;8;Peñagrande;Fuencarral - El Pardo
2013;Anual;731;429;83;8;Peñagrande;Fuencarral - El Pardo
2014;Anual;783;484;83;8;Peñagrande;Fuencarral - El Pardo
2015;Anual;843;515;83;8;Peñagrande;Fuencarral - El Pardo
2016;Anual;884;558;83;8;Peñagrande;Fuencarral - El Pardo
2017;Anual;923;610;83;8;Peñagrande;Fuencarral - El Pardo
2018;Anual;857;526;83;8;Peñagrande;Fuencarral - El Pardo
2019;Anual;1.062;691;83;8;Peñagrande;Fuencarral - El Pardo
2020;Anual;1.092;703;83;8;Peñagrande;Fuencarral - El Pardo
2021;Anual;1.029;671;83;8;Peñagrande;Fuencarral - El Pardo
2022;Anual;1.007;660;83;8;Peñagrande;Fuencarral - El Pardo
2010;Anual;973;503;84;8;Pilar;Fuencarral - El Pardo
2011;Anual;975;515;84;8;Pilar;Fuencarral - El Pardo
2012;Anual;846;449;84;8;Pilar;Fuencarral - El Pardo
2013;Anual;860;482;84;8;Pilar;Fuencarral - El Pardo
2014;Anual;920;529;84;8;Pilar;Fuencarral - El Pardo
2015;Anual;980;563;84;8;Pilar;Fuencarral - El Pardo
2016;Anual;994;569;84;8;Pilar;Fuencarral - El Pardo
2017;Anual;1.029;615;84;8;Pilar;Fuencarral - El Pardo
2018;Anual;757;401;84;8;Pilar;Fuencarral - El Pardo
2019;Anual;1.104;645;84;8;Pilar;Fuencarral - El Pardo
2020;Anual;1.109;657;84;8;Pilar;Fuencarral - El Pardo
2021;Anual;1.081;631;84;8;Pilar;Fuencarral - El Pardo
2022;Anual;1.041;609;84;8;Pilar;Fuencarral - El Pardo
2010;Anual;552;357;159;15;Costillares;Ciudad Lineal
2011;Anual;559;346;159;15;Costillares;Ciudad Lineal
2012;Anual;485;302;159;15;Costillares;Ciudad Lineal
2013;Anual;495;311;159;15;Costillares;Ciudad Lineal
2014;Anual;528;358;159;15;Costillares;Ciudad Lineal
2015;Anual;556;382;159;15;Costillares;Ciudad Lineal
2016;Anual;576;400;159;15;Costillares;Ciudad Lineal
2017;Anual;614;442;159;15;Costillares;Ciudad Lineal
2018;Anual;306;215;159;15;Costillares;Ciudad Lineal
2019;Anual;679;481;159;15;Costillares;Ciudad Lineal
2020;Anual;694;519;159;15;Costillares;Ciudad Lineal
2021;Anual;677;488;159;15;Costillares;Ciudad Lineal
2022;Anual;668;466;159;15;Costillares;Ciudad Lineal
2010;Anual;548;310;56;5;Castilla;Chamartín
2011;Anual;538;317;56;5;Castilla;Chamartín
2012;Anual;475;283;56;5;Castilla;Chamartín
2013;Anual;481;286;56;5;Castilla;Chamartín
2014;Anual;532;320;56;5;Castilla;Chamartín
2015;Anual;557;345;56;5;Castilla;Chamartín
2016;Anual;560;337;56;5;Castilla;Chamartín
2017;Anual;624;365;56;5;Castilla;Chamartín
2018;Anual;379;211;56;5;Castilla;Chamartín
2019;Anual;653;379;56;5;Castilla;Chamartín
2020;Anual;664;400;56;5;Castilla;Chamartín
2021;Anual;641;379;56;5;Castilla;Chamartín
2022;Anual;631;375;56;5;Castilla;Chamartín
2010;Anual;272;147;165;16;Apóstol Santiago;Hortaleza
2011;Anual;283;149;165;16;Apóstol Santiago;Hortaleza
2012;Anual;256;127;165;16;Apóstol Santiago;Hortaleza
2013;Anual;261;134;165;16;Apóstol Santiago;Hortaleza
2014;Anual;270;147;165;16;Apóstol Santiago;Hortaleza
2015;Anual;281;159;165;16;Apóstol Santiago;Hortaleza
2016;Anual;276;168;165;16;Apóstol Santiago;Hortaleza
2017;Anual;307;176;165;16;Apóstol Santiago;Hortaleza
2018;Anual;284;136;165;16;Apóstol Santiago;Hortaleza
2019;Anual;319;198;165;16;Apóstol Santiago;Hortaleza
2020;Anual;340;202;165;16;Apóstol Santiago;Hortaleza
2021;Anual;333;199;165;16;Apóstol Santiago;Hortaleza
2022;Anual;323;197;165;16;Apóstol Santiago;Hortaleza
2010;Anual;1.276;557;164;16;Pinar del Rey;Hortaleza
2011;Anual;1.190;567;164;16;Pinar del Rey;Hortaleza
2012;Anual;1.055;504;164;16;Pinar del Rey;Hortaleza
2013;Anual;1.047;518;164;16;Pinar del Rey;Hortaleza
2014;Anual;1.143;598;164;16;Pinar del Rey;Hortaleza
2015;Anual;1.232;639;164;16;Pinar del Rey;Hortaleza
2016;Anual;1.221;630;164;16;Pinar del Rey;Hortaleza
2017;Anual;1.278;654;164;16;Pinar del Rey;Hortaleza
2018;Anual;1.139;538;164;16;Pinar del Rey;Hortaleza
2019;Anual;1.347;731;164;16;Pinar del Rey;Hortaleza
2020;Anual;1.378;752;164;16;Pinar del Rey;Hortaleza
2021;Anual;1.353;719;164;16;Pinar del Rey;Hortaleza
2022;Anual;1.294;704;164;16;Pinar del Rey;Hortaleza
2010;Anual;171;90;96;9;El Plantío;Moncloa - Aravaca
2011;Anual;164;96;96;9;El Plantío;Moncloa - Aravaca
2012;Anual;134;82;96;9;El Plantío;Moncloa - Aravaca
2013;Anual;154;87;96;9;El Plantío;Moncloa - Aravaca
2014;Anual;161;86;96;9;El Plantío;Moncloa - Aravaca
2015;Anual;178;99;96;9;El Plantío;Moncloa - Aravaca
2016;Anual;180;103;96;9;El Plantío;Moncloa - Aravaca
2017;Anual;195;112;96;9;El Plantío;Moncloa - Aravaca
2018;Anual;226;120;96;9;El Plantío;Moncloa - Aravaca
2019;Anual;227;122;96;9;El Plantío;Moncloa - Aravaca
2020;Anual;220;131;96;9;El Plantío;Moncloa - Aravaca
2021;Anual;230;132;96;9;El Plantío;Moncloa - Aravaca
2022;Anual;226;126;96;9;El Plantío;Moncloa - Aravaca
2010;Anual;424;286;93;9;Ciudad Universitaria;Moncloa - Aravaca
2011;Anual;440;294;93;9;Ciudad Universitaria;Moncloa - Aravaca
2012;Anual;372;236;93;9;Ciudad Universitaria;Moncloa - Aravaca
2013;Anual;392;252;93;9;Ciudad Universitaria;Moncloa - Aravaca
2014;Anual;443;298;93;9;Ciudad Universitaria;Moncloa - Aravaca
2015;Anual;519;304;93;9;Ciudad Universitaria;Moncloa - Aravaca
2016;Anual;520;298;93;9;Ciudad Universitaria;Moncloa - Aravaca
2017;Anual;579;323;93;9;Ciudad Universitaria;Moncloa - Aravaca
2018;Anual;361;245;93;9;Ciudad Universitaria;Moncloa - Aravaca
2019;Anual;624;374;93;9;Ciudad Universitaria;Moncloa - Aravaca
2020;Anual;632;383;93;9;Ciudad Universitaria;Moncloa - Aravaca
2021;Anual;625;383;93;9;Ciudad Universitaria;Moncloa - Aravaca
2022;Anual;623;371;93;9;Ciudad Universitaria;Moncloa - Aravaca
2010;Anual;203;116;213;21;Casco Histórico de Barajas;Barajas
2011;Anual;197;117;213;21;Casco Histórico de Barajas;Barajas
2012;Anual;172;97;213;21;Casco Histórico de Barajas;Barajas
2013;Anual;180;100;213;21;Casco Histórico de Barajas;Barajas
2014;Anual;197;113;213;21;Casco Histórico de Barajas;Barajas
2015;Anual;202;111;213;21;Casco Histórico de Barajas;Barajas
2016;Anual;197;113;213;21;Casco Histórico de Barajas;Barajas
2017;Anual;211;120;213;21;Casco Histórico de Barajas;Barajas
2018;Anual;144;90;213;21;Casco Histórico de Barajas;Barajas
2019;Anual;234;143;213;21;Casco Histórico de Barajas;Barajas
2020;Anual;242;140;213;21;Casco Histórico de Barajas;Barajas
2021;Anual;235;140;213;21;Casco Histórico de Barajas;Barajas
2022;Anual;220;136;213;21;Casco Histórico de Barajas;Barajas
2010;Anual;105;83;95;9;Valdemarín;Moncloa - Aravaca
2011;Anual;112;89;95;9;Valdemarín;Moncloa - Aravaca
2012;Anual;101;75;95;9;Valdemarín;Moncloa - Aravaca
2013;Anual;123;88;95;9;Valdemarín;Moncloa - Aravaca
2014;Anual;154;131;95;9;Valdemarín;Moncloa - Aravaca
2015;Anual;171;155;95;9;Valdemarín;Moncloa - Aravaca
2016;Anual;186;174;95;9;Valdemarín;Moncloa - Aravaca
2017;Anual;211;184;95;9;Valdemarín;Moncloa - Aravaca
2018;Anual;157;102;95;9;Valdemarín;Moncloa - Aravaca
2019;Anual;248;218;95;9;Valdemarín;Moncloa - Aravaca
2020;Anual;272;231;95;9;Valdemarín;Moncloa - Aravaca
2021;Anual;282;221;95;9;Valdemarín;Moncloa - Aravaca
2022;Anual;296;239;95;9;Valdemarín;Moncloa - Aravaca
2010;Anual;535;242;64;6;Almenara;Tetuán
2011;Anual;529;242;64;6;Almenara;Tetuán
2012;Anual;450;202;64;6;Almenara;Tetuán
2013;Anual;452;214;64;6;Almenara;Tetuán
2014;Anual;487;235;64;6;Almenara;Tetuán
2015;Anual;494;256;64;6;Almenara;Tetuán
2016;Anual;486;242;64;6;Almenara;Tetuán
2017;Anual;540;267;64;6;Almenara;Tetuán
2018;Anual;465;221;64;6;Almenara;Tetuán
2019;Anual;589;312;64;6;Almenara;Tetuán
2020;Anual;629;326;64;6;Almenara;Tetuán
2021;Anual;586;287;64;6;Almenara;Tetuán
2022;Anual;562;288;64;6;Almenara;Tetuán
2010;Anual;751;285;65;6;Valdeacederas;Tetuán
2011;Anual;758;295;65;6;Valdeacederas;Tetuán
2012;Anual;666;234;65;6;Valdeacederas;Tetuán
2013;Anual;655;250;65;6;Valdeacederas;Tetuán
2014;Anual;693;269;65;6;Valdeacederas;Tetuán
2015;Anual;705;276;65;6;Valdeacederas;Tetuán
2016;Anual;699;295;65;6;Valdeacederas;Tetuán
2017;Anual;753;315;65;6;Valdeacederas;Tetuán
2018;Anual;560;246;65;6;Valdeacederas;Tetuán
2019;Anual;802;366;65;6;Valdeacederas;Tetuán
2020;Anual;842;378;65;6;Valdeacederas;Tetuán
2021;Anual;807;360;65;6;Valdeacederas;Tetuán
2022;Anual;798;354;65;6;Valdeacederas;Tetuán
2010;Anual;556;282;94;9;Valdezarza;Moncloa - Aravaca
2011;Anual;555;276;94;9;Valdezarza;Moncloa - Aravaca
2012;Anual;467;241;94;9;Valdezarza;Moncloa - Aravaca
2013;Anual;476;252;94;9;Valdezarza;Moncloa - Aravaca
2014;Anual;523;288;94;9;Valdezarza;Moncloa - Aravaca
2015;Anual;555;298;94;9;Valdezarza;Moncloa - Aravaca
2016;Anual;582;314;94;9;Valdezarza;Moncloa - Aravaca
2017;Anual;599;334;94;9;Valdezarza;Moncloa - Aravaca
2018;Anual;511;292;94;9;Valdezarza;Moncloa - Aravaca
2019;Anual;700;401;94;9;Valdezarza;Moncloa - Aravaca
2020;Anual;702;426;94;9;Valdezarza;Moncloa - Aravaca
2021;Anual;663;395;94;9;Valdezarza;Moncloa - Aravaca
2022;Anual;649;396;94;9;Valdezarza;Moncloa - Aravaca
2010;Anual;155;83;215;21;Corralejos;Barajas
2011;Anual;174;87;215;21;Corralejos;Barajas
2012;Anual;164;79;215;21;Corralejos;Barajas
2013;Anual;189;84;215;21;Corralejos;Barajas
2014;Anual;208;99;215;21;Corralejos;Barajas
2015;Anual;219;112;215;21;Corralejos;Barajas
2016;Anual;220;118;215;21;Corralejos;Barajas
2017;Anual;248;136;215;21;Corralejos;Barajas
2018;Anual;127;73;215;21;Corralejos;Barajas
2019;Anual;273;160;215;21;Corralejos;Barajas
2020;Anual;268;159;215;21;Corralejos;Barajas
2021;Anual;268;156;215;21;Corralejos;Barajas
2022;Anual;264;151;215;21;Corralejos;Barajas
2010;Anual;1.144;536;163;16;Canillas;Hortaleza
2011;Anual;1.144;545;163;16;Canillas;Hortaleza
2012;Anual;988;476;163;16;Canillas;Hortaleza
2013;Anual;996;504;163;16;Canillas;Hortaleza
2014;Anual;1.057;573;163;16;Canillas;Hortaleza
2015;Anual;1.115;610;163;16;Canillas;Hortaleza
2016;Anual;1.110;623;163;16;Canillas;Hortaleza
2017;Anual;1.158;636;163;16;Canillas;Hortaleza
2018;Anual;862;453;163;16;Canillas;Hortaleza
2019;Anual;1.215;678;163;16;Canillas;Hortaleza
2020;Anual;1.212;720;163;16;Canillas;Hortaleza
2021;Anual;1.085;654;163;16;Canillas;Hortaleza
2022;Anual;1.064;641;163;16;Canillas;Hortaleza
2010;Anual;1.046;670;55;5;Nueva España;Chamartín
2011;Anual;1.048;678;55;5;Nueva España;Chamartín
2012;Anual;908;565;55;5;Nueva España;Chamartín
2013;Anual;898;594;55;5;Nueva España;Chamartín
2014;Anual;1.001;647;55;5;Nueva España;Chamartín
2015;Anual;1.017;665;55;5;Nueva España;Chamartín
2016;Anual;1.002;668;55;5;Nueva España;Chamartín
2017;Anual;1.083;700;55;5;Nueva España;Chamartín
2018;Anual;911;565;55;5;Nueva España;Chamartín
2019;Anual;1.195;842;55;5;Nueva España;Chamartín
2020;Anual;1.249;868;55;5;Nueva España;Chamartín
2021;Anual;1.213;838;55;5;Nueva España;Chamartín
2022;Anual;1.200;842;55;5;Nueva España;Chamartín
2010;Anual;71;84;158;15;Atalaya;Ciudad Lineal
2011;Anual;68;85;158;15;Atalaya;Ciudad Lineal
2012;Anual;58;68;158;15;Atalaya;Ciudad Lineal
2013;Anual;63;71;158;15;Atalaya;Ciudad Lineal
2014;Anual;68;78;158;15;Atalaya;Ciudad Lineal
2015;Anual;70;81;158;15;Atalaya;Ciudad Lineal
2016;Anual;68;91;158;15;Atalaya;Ciudad Lineal
2017;Anual;77;86;158;15;Atalaya;Ciudad Lineal
2018;Anual;44;51;158;15;Atalaya;Ciudad Lineal
2019;Anual;71;81;158;15;Atalaya;Ciudad Lineal
2020;Anual;62;81;158;15;Atalaya;Ciudad Lineal
2021;Anual;62;79;158;15;Atalaya;Ciudad Lineal
2022;Anual;65;77;158;15;Atalaya;Ciudad Lineal
2010;Anual;708;506;97;9;Aravaca;Moncloa - Aravaca
2011;Anual;719;506;97;9;Aravaca;Moncloa - Aravaca
2012;Anual;635;436;97;9;Aravaca;Moncloa - Aravaca
2013;Anual;653;457;97;9;Aravaca;Moncloa - Aravaca
2014;Anual;740;543;97;9;Aravaca;Moncloa - Aravaca
2015;Anual;796;584;97;9;Aravaca;Moncloa - Aravaca
2016;Anual;780;592;97;9;Aravaca;Moncloa - Aravaca
2017;Anual;862;631;97;9;Aravaca;Moncloa - Aravaca
2018;Anual;692;472;97;9;Aravaca;Moncloa - Aravaca
2019;Anual;976;738;97;9;Aravaca;Moncloa - Aravaca
2020;Anual;1.009;761;97;9;Aravaca;Moncloa - Aravaca
2021;Anual;1.011;718;97;9;Aravaca;Moncloa - Aravaca
2022;Anual;1.004;713;97;9;Aravaca;Moncloa - Aravaca
2010;Anual;1.228;656;63;6;Castillejos;Tetuán
2011;Anual;1.201;681;63;6;Castillejos;Tetuán
2012;Anual;1.025;581;63;6;Castillejos;Tetuán
2013;Anual;1.077;603;63;6;Castillejos;Tetuán
2014;Anual;1.187;701;63;6;Castillejos;Tetuán
2015;Anual;1.250;730;63;6;Castillejos;Tetuán
2016;Anual;1.189;703;63;6;Castillejos;Tetuán
2017;Anual;1.317;771;63;6;Castillejos;Tetuán
2018;Anual;930;547;63;6;Castillejos;Tetuán
2019;Anual;1.351;817;63;6;Castillejos;Tetuán
2020;Anual;1.357;858;63;6;Castillejos;Tetuán
2021;Anual;1.365;835;63;6;Castillejos;Tetuán
2022;Anual;1.367;837;63;6;Castillejos;Tetuán
2010;Anual;429;223;211;21;Alameda de Osuna;Barajas
2011;Anual;425;230;211;21;Alameda de Osuna;Barajas
2012;Anual;369;205;211;21;Alameda de Osuna;Barajas
2013;Anual;390;202;211;21;Alameda de Osuna;Barajas
2014;Anual;436;230;211;21;Alameda de Osuna;Barajas
2015;Anual;454;244;211;21;Alameda de Osuna;Barajas
2016;Anual;443;260;211;21;Alameda de Osuna;Barajas
2017;Anual;470;269;211;21;Alameda de Osuna;Barajas
2018;Anual;348;173;211;21;Alameda de Osuna;Barajas
2019;Anual;513;318;211;21;Alameda de Osuna;Barajas
2020;Anual;507;355;211;21;Alameda de Osuna;Barajas
2021;Anual;487;332;211;21;Alameda de Osuna;Barajas
2022;Anual;473;327;211;21;Alameda de Osuna;Barajas
2010;Anual;661;332;66;6;Berruguete;Tetuán
2011;Anual;636;333;66;6;Berruguete;Tetuán
2012;Anual;576;292;66;6;Berruguete;Tetuán
2013;Anual;610;290;66;6;Berruguete;Tetuán
2014;Anual;648;324;66;6;Berruguete;Tetuán
2015;Anual;686;340;66;6;Berruguete;Tetuán
2016;Anual;706;331;66;6;Berruguete;Tetuán
2017;Anual;695;374;66;6;Berruguete;Tetuán
2018;Anual;535;281;66;6;Berruguete;Tetuán
2019;Anual;758;404;66;6;Berruguete;Tetuán
2020;Anual;784;428;66;6;Berruguete;Tetuán
2021;Anual;768;405;66;6;Berruguete;Tetuán
2022;Anual;743;389;66;6;Berruguete;Tetuán
2010;Anual;227;165;157;15;Colina;Ciudad Lineal
2011;Anual;241;159;157;15;Colina;Ciudad Lineal
2012;Anual;209;134;157;15;Colina;Ciudad Lineal
2013;Anual;220;139;157;15;Colina;Ciudad Lineal
2014;Anual;242;167;157;15;Colina;Ciudad Lineal
2015;Anual;241;167;157;15;Colina;Ciudad Lineal
2016;Anual;240;184;157;15;Colina;Ciudad Lineal
2017;Anual;247;184;157;15;Colina;Ciudad Lineal
2018;Anual;173;124;157;15;Colina;Ciudad Lineal
2019;Anual;280;200;157;15;Colina;Ciudad Lineal
2020;Anual;275;203;157;15;Colina;Ciudad Lineal
2021;Anual;274;195;157;15;Colina;Ciudad Lineal
2022;Anual;256;187;157;15;Colina;Ciudad Lineal
2010;Anual;431;342;162;16;Piovera;Hortaleza
2011;Anual;441;347;162;16;Piovera;Hortaleza
2012;Anual;392;289;162;16;Piovera;Hortaleza
2013;Anual;400;332;162;16;Piovera;Hortaleza
2014;Anual;446;364;162;16;Piovera;Hortaleza
2015;Anual;446;362;162;16;Piovera;Hortaleza
2016;Anual;448;373;162;16;Piovera;Hortaleza
2017;Anual;506;372;162;16;Piovera;Hortaleza
2018;Anual;374;258;162;16;Piovera;Hortaleza
2019;Anual;538;429;162;16;Piovera;Hortaleza
2020;Anual;543;463;162;16;Piovera;Hortaleza
2021;Anual;527;441;162;16;Piovera;Hortaleza
2022;Anual;508;427;162;16;Piovera;Hortaleza
2010;Anual;1.293;860;54;5;Hispanoamérica;Chamartín
2011;Anual;1.307;859;54;5;Hispanoamérica;Chamartín
2012;Anual;1.121;752;54;5;Hispanoamérica;Chamartín
2013;Anual;1.177;787;54;5;Hispanoamérica;Chamartín
2014;Anual;1.284;843;54;5;Hispanoamérica;Chamartín
2015;Anual;1.271;827;54;5;Hispanoamérica;Chamartín
2016;Anual;1.251;822;54;5;Hispanoamérica;Chamartín
2017;Anual;1.363;872;54;5;Hispanoamérica;Chamartín
2018;Anual;1.217;788;54;5;Hispanoamérica;Chamartín
2019;Anual;1.449;981;54;5;Hispanoamérica;Chamartín
2020;Anual;1.453;1.014;54;5;Hispanoamérica;Chamartín
2021;Anual;1.421;980;54;5;Hispanoamérica;Chamartín
2022;Anual;1.432;995;54;5;Hispanoamérica;Chamartín
2010;Anual;788;395;61;6;Bellas Vistas;Tetuán
2011;Anual;787;404;61;6;Bellas Vistas;Tetuán
2012;Anual;685;352;61;6;Bellas Vistas;Tetuán
2013;Anual;733;359;61;6;Bellas Vistas;Tetuán
2014;Anual;767;433;61;6;Bellas Vistas;Tetuán
2015;Anual;794;436;61;6;Bellas Vistas;Tetuán
2016;Anual;780;410;61;6;Bellas Vistas;Tetuán
2017;Anual;776;428;61;6;Bellas Vistas;Tetuán
2018;Anual;579;296;61;6;Bellas Vistas;Tetuán
2019;Anual;867;487;61;6;Bellas Vistas;Tetuán
2020;Anual;890;530;61;6;Bellas Vistas;Tetuán
2021;Anual;903;526;61;6;Bellas Vistas;Tetuán
2022;Anual;887;516;61;6;Bellas Vistas;Tetuán
2010;Anual;139;111;161;16;Palomas;Hortaleza
2011;Anual;162;122;161;16;Palomas;Hortaleza
2012;Anual;149;116;161;16;Palomas;Hortaleza
2013;Anual;152;116;161;16;Palomas;Hortaleza
2014;Anual;174;131;161;16;Palomas;Hortaleza
2015;Anual;179;138;161;16;Palomas;Hortaleza
2016;Anual;185;133;161;16;Palomas;Hortaleza
2017;Anual;189;148;161;16;Palomas;Hortaleza
2018;Anual;118;85;161;16;Palomas;Hortaleza
2019;Anual;217;163;161;16;Palomas;Hortaleza
2020;Anual;222;183;161;16;Palomas;Hortaleza
2021;Anual;211;188;161;16;Palomas;Hortaleza
2022;Anual;216;178;161;16;Palomas;Hortaleza
2010;Anual;1.742;913;62;6;Cuatro Caminos;Tetuán
2011;Anual;1.814;960;62;6;Cuatro Caminos;Tetuán
2012;Anual;1.604;805;62;6;Cuatro Caminos;Tetuán
2013;Anual;1.614;837;62;6;Cuatro Caminos;Tetuán
2014;Anual;1.766;938;62;6;Cuatro Caminos;Tetuán
2015;Anual;1.794;984;62;6;Cuatro Caminos;Tetuán
2016;Anual;1.749;958;62;6;Cuatro Caminos;Tetuán
2017;Anual;1.912;1.050;62;6;Cuatro Caminos;Tetuán
2018;Anual;1.463;797;62;6;Cuatro Caminos;Tetuán
2019;Anual;2.028;1.143;62;6;Cuatro Caminos;Tetuán
2020;Anual;2.056;1.168;62;6;Cuatro Caminos;Tetuán
2021;Anual;1.950;1.138;62;6;Cuatro Caminos;Tetuán
2022;Anual;1.918;1.151;62;6;Cuatro Caminos;Tetuán
2010;Anual;410;255;156;15;San Juan Bautista;Ciudad Lineal
2011;Anual;393;253;156;15;San Juan Bautista;Ciudad Lineal
2012;Anual;377;214;156;15;San Juan Bautista;Ciudad Lineal
2013;Anual;386;229;156;15;San Juan Bautista;Ciudad Lineal
2014;Anual;420;263;156;15;San Juan Bautista;Ciudad Lineal
2015;Anual;412;277;156;15;San Juan Bautista;Ciudad Lineal
2016;Anual;402;287;156;15;San Juan Bautista;Ciudad Lineal
2017;Anual;456;292;156;15;San Juan Bautista;Ciudad Lineal
2018;Anual;314;182;156;15;San Juan Bautista;Ciudad Lineal
2019;Anual;475;312;156;15;San Juan Bautista;Ciudad Lineal
2020;Anual;479;331;156;15;San Juan Bautista;Ciudad Lineal
2021;Anual;442;320;156;15;San Juan Bautista;Ciudad Lineal
2022;Anual;419;316;156;15;San Juan Bautista;Ciudad Lineal
2010;Anual;1.227;722;52;5;Prosperidad;Chamartín
2011;Anual;1.226;715;52;5;Prosperidad;Chamartín
2012;Anual;1.092;639;52;5;Prosperidad;Chamartín
2013;Anual;1.113;641;52;5;Prosperidad;Chamartín
2014;Anual;1.191;706;52;5;Prosperidad;Chamartín
2015;Anual;1.191;746;52;5;Prosperidad;Chamartín
2016;Anual;1.158;730;52;5;Prosperidad;Chamartín
2017;Anual;1.230;791;52;5;Prosperidad;Chamartín
2018;Anual;936;592;52;5;Prosperidad;Chamartín
2019;Anual;1.329;859;52;5;Prosperidad;Chamartín
2020;Anual;1.356;886;52;5;Prosperidad;Chamartín
2021;Anual;1.370;857;52;5;Prosperidad;Chamartín
2022;Anual;1.332;838;52;5;Prosperidad;Chamartín
2010;Anual;760;414;53;5;Ciudad Jardín;Chamartín
2011;Anual;773;428;53;5;Ciudad Jardín;Chamartín
2012;Anual;682;384;53;5;Ciudad Jardín;Chamartín
2013;Anual;716;406;53;5;Ciudad Jardín;Chamartín
2014;Anual;777;450;53;5;Ciudad Jardín;Chamartín
2015;Anual;783;442;53;5;Ciudad Jardín;Chamartín
2016;Anual;781;416;53;5;Ciudad Jardín;Chamartín
2017;Anual;827;448;53;5;Ciudad Jardín;Chamartín
2018;Anual;741;377;53;5;Ciudad Jardín;Chamartín
2019;Anual;898;522;53;5;Ciudad Jardín;Chamartín
2020;Anual;906;559;53;5;Ciudad Jardín;Chamartín
2021;Anual;865;537;53;5;Ciudad Jardín;Chamartín
2022;Anual;853;544;53;5;Ciudad Jardín;Chamartín
2010;Anual;953;653;51;5;El Viso;Chamartín
2011;Anual;938;633;51;5;El Viso;Chamartín
2012;Anual;812;554;51;5;El Viso;Chamartín
2013;Anual;828;589;51;5;El Viso;Chamartín
2014;Anual;913;653;51;5;El Viso;Chamartín
2015;Anual;906;669;51;5;El Viso;Chamartín
2016;Anual;908;679;51;5;El Viso;Chamartín
2017;Anual;969;735;51;5;El Viso;Chamartín
2018;Anual;862;625;51;5;El Viso;Chamartín
2019;Anual;1.119;787;51;5;El Viso;Chamartín
2020;Anual;1.141;820;51;5;El Viso;Chamartín
2021;Anual;1.135;790;51;5;El Viso;Chamartín
2022;Anual;1.144;794;51;5;El Viso;Chamartín
2010;Anual;248;166;91;9;Casa de Campo;Moncloa - Aravaca
2011;Anual;254;164;91;9;Casa de Campo;Moncloa - Aravaca
2012;Anual;231;152;91;9;Casa de Campo;Moncloa - Aravaca
2013;Anual;235;154;91;9;Casa de Campo;Moncloa - Aravaca
2014;Anual;278;173;91;9;Casa de Campo;Moncloa - Aravaca
2015;Anual;303;195;91;9;Casa de Campo;Moncloa - Aravaca
2016;Anual;320;205;91;9;Casa de Campo;Moncloa - Aravaca
2017;Anual;341;209;91;9;Casa de Campo;Moncloa - Aravaca
2018;Anual;311;164;91;9;Casa de Campo;Moncloa - Aravaca
2019;Anual;403;245;91;9;Casa de Campo;Moncloa - Aravaca
2020;Anual;412;252;91;9;Casa de Campo;Moncloa - Aravaca
2021;Anual;405;237;91;9;Casa de Campo;Moncloa - Aravaca
2022;Anual;393;239;91;9;Casa de Campo;Moncloa - Aravaca
2010;Anual;291;116;206;20;Rejas;San Blas - Canillejas
2011;Anual;297;129;206;20;Rejas;San Blas - Canillejas
2012;Anual;251;108;206;20;Rejas;San Blas - Canillejas
2013;Anual;262;112;206;20;Rejas;San Blas - Canillejas
2014;Anual;327;150;206;20;Rejas;San Blas - Canillejas
2015;Anual;366;173;206;20;Rejas;San Blas - Canillejas
2016;Anual;373;199;206;20;Rejas;San Blas - Canillejas
2017;Anual;424;195;206;20;Rejas;San Blas - Canillejas
2018;Anual;347;180;206;20;Rejas;San Blas - Canillejas
2019;Anual;506;265;206;20;Rejas;San Blas - Canillejas
2020;Anual;572;303;206;20;Rejas;San Blas - Canillejas
2021;Anual;587;274;206;20;Rejas;San Blas - Canillejas
2022;Anual;561;281;206;20;Rejas;San Blas - Canillejas
2010;Anual;228;140;208;20;El Salvador;San Blas - Canillejas
2011;Anual;233;145;208;20;El Salvador;San Blas - Canillejas
2012;Anual;225;132;208;20;El Salvador;San Blas - Canillejas
2013;Anual;230;145;208;20;El Salvador;San Blas - Canillejas
2014;Anual;251;164;208;20;El Salvador;San Blas - Canillejas
2015;Anual;267;165;208;20;El Salvador;San Blas - Canillejas
2016;Anual;275;160;208;20;El Salvador;San Blas - Canillejas
2017;Anual;285;171;208;20;El Salvador;San Blas - Canillejas
2018;Anual;271;146;208;20;El Salvador;San Blas - Canillejas
2019;Anual;328;200;208;20;El Salvador;San Blas - Canillejas
2020;Anual;328;221;208;20;El Salvador;San Blas - Canillejas
2021;Anual;328;211;208;20;El Salvador;San Blas - Canillejas
2022;Anual;321;210;208;20;El Salvador;San Blas - Canillejas
2010;Anual;582;275;205;20;Rosas;San Blas - Canillejas
2011;Anual;608;280;205;20;Rosas;San Blas - Canillejas
2012;Anual;538;245;205;20;Rosas;San Blas - Canillejas
2013;Anual;583;276;205;20;Rosas;San Blas - Canillejas
2014;Anual;661;321;205;20;Rosas;San Blas - Canillejas
2015;Anual;723;350;205;20;Rosas;San Blas - Canillejas
2016;Anual;736;349;205;20;Rosas;San Blas - Canillejas
2017;Anual;746;382;205;20;Rosas;San Blas - Canillejas
2018;Anual;543;274;205;20;Rosas;San Blas - Canillejas
2019;Anual;786;442;205;20;Rosas;San Blas - Canillejas
2020;Anual;806;458;205;20;Rosas;San Blas - Canillejas
2021;Anual;761;420;205;20;Rosas;San Blas - Canillejas
2022;Anual;756;425;205;20;Rosas;San Blas - Canillejas
2010;Anual;744;353;207;20;Canillejas;San Blas - Canillejas
2011;Anual;738;361;207;20;Canillejas;San Blas - Canillejas
2012;Anual;661;301;207;20;Canillejas;San Blas - Canillejas
2013;Anual;680;321;207;20;Canillejas;San Blas - Canillejas
2014;Anual;751;351;207;20;Canillejas;San Blas - Canillejas
2015;Anual;784;377;207;20;Canillejas;San Blas - Canillejas
2016;Anual;760;359;207;20;Canillejas;San Blas - Canillejas
2017;Anual;810;377;207;20;Canillejas;San Blas - Canillejas
2018;Anual;591;239;207;20;Canillejas;San Blas - Canillejas
2019;Anual;857;421;207;20;Canillejas;San Blas - Canillejas
2020;Anual;903;459;207;20;Canillejas;San Blas - Canillejas
2021;Anual;852;424;207;20;Canillejas;San Blas - Canillejas
2022;Anual;825;413;207;20;Canillejas;San Blas - Canillejas
2010;Anual;448;277;155;15;San Pascual;Ciudad Lineal
2011;Anual;457;286;155;15;San Pascual;Ciudad Lineal
2012;Anual;413;263;155;15;San Pascual;Ciudad Lineal
2013;Anual;408;262;155;15;San Pascual;Ciudad Lineal
2014;Anual;434;279;155;15;San Pascual;Ciudad Lineal
2015;Anual;442;285;155;15;San Pascual;Ciudad Lineal
2016;Anual;453;284;155;15;San Pascual;Ciudad Lineal
2017;Anual;485;311;155;15;San Pascual;Ciudad Lineal
2018;Anual;388;242;155;15;San Pascual;Ciudad Lineal
2019;Anual;534;338;155;15;San Pascual;Ciudad Lineal
2020;Anual;546;333;155;15;San Pascual;Ciudad Lineal
2021;Anual;520;317;155;15;San Pascual;Ciudad Lineal
2022;Anual;521;323;155;15;San Pascual;Ciudad Lineal
2010;Anual;560;441;76;7;Vallehermoso;Chamberí
2011;Anual;567;447;76;7;Vallehermoso;Chamberí
2012;Anual;509;376;76;7;Vallehermoso;Chamberí
2013;Anual;514;392;76;7;Vallehermoso;Chamberí
2014;Anual;575;453;76;7;Vallehermoso;Chamberí
2015;Anual;575;464;76;7;Vallehermoso;Chamberí
2016;Anual;568;475;76;7;Vallehermoso;Chamberí
2017;Anual;612;512;76;7;Vallehermoso;Chamberí
2018;Anual;419;358;76;7;Vallehermoso;Chamberí
2019;Anual;683;579;76;7;Vallehermoso;Chamberí
2020;Anual;736;615;76;7;Vallehermoso;Chamberí
2021;Anual;714;606;76;7;Vallehermoso;Chamberí
2022;Anual;704;586;76;7;Vallehermoso;Chamberí
2010;Anual;1.043;643;75;7;Ríos Rosas;Chamberí
2011;Anual;1.042;647;75;7;Ríos Rosas;Chamberí
2012;Anual;924;554;75;7;Ríos Rosas;Chamberí
2013;Anual;958;593;75;7;Ríos Rosas;Chamberí
2014;Anual;1.037;674;75;7;Ríos Rosas;Chamberí
2015;Anual;1.062;711;75;7;Ríos Rosas;Chamberí
2016;Anual;1.069;711;75;7;Ríos Rosas;Chamberí
2017;Anual;1.164;770;75;7;Ríos Rosas;Chamberí
2018;Anual;936;568;75;7;Ríos Rosas;Chamberí
2019;Anual;1.308;837;75;7;Ríos Rosas;Chamberí
2020;Anual;1.339;900;75;7;Ríos Rosas;Chamberí
2021;Anual;1.293;869;75;7;Ríos Rosas;Chamberí
2022;Anual;1.273;870;75;7;Ríos Rosas;Chamberí
2010;Anual;583;345;154;15;La Concepción;Ciudad Lineal
2011;Anual;617;364;154;15;La Concepción;Ciudad Lineal
2012;Anual;560;302;154;15;La Concepción;Ciudad Lineal
2013;Anual;569;335;154;15;La Concepción;Ciudad Lineal
2014;Anual;605;370;154;15;La Concepción;Ciudad Lineal
2015;Anual;630;373;154;15;La Concepción;Ciudad Lineal
2016;Anual;641;367;154;15;La Concepción;Ciudad Lineal
2017;Anual;675;401;154;15;La Concepción;Ciudad Lineal
2018;Anual;682;394;154;15;La Concepción;Ciudad Lineal
2019;Anual;756;447;154;15;La Concepción;Ciudad Lineal
2020;Anual;784;456;154;15;La Concepción;Ciudad Lineal
2021;Anual;758;442;154;15;La Concepción;Ciudad Lineal
2022;Anual;729;436;154;15;La Concepción;Ciudad Lineal
2010;Anual;1.300;658;44;4;Guindalera;Salamanca
2011;Anual;1.287;647;44;4;Guindalera;Salamanca
2012;Anual;1.136;569;44;4;Guindalera;Salamanca
2013;Anual;1.152;583;44;4;Guindalera;Salamanca
2014;Anual;1.271;663;44;4;Guindalera;Salamanca
2015;Anual;1.328;707;44;4;Guindalera;Salamanca
2016;Anual;1.333;701;44;4;Guindalera;Salamanca
2017;Anual;1.443;792;44;4;Guindalera;Salamanca
2018;Anual;965;792;44;4;Guindalera;Salamanca
2019;Anual;1.617;945;44;4;Guindalera;Salamanca
2020;Anual;1.705;968;44;4;Guindalera;Salamanca
2021;Anual;1.636;930;44;4;Guindalera;Salamanca
2022;Anual;1.586;949;44;4;Guindalera;Salamanca
2010;Anual;955;426;201;20;Simancas;San Blas - Canillejas
2011;Anual;964;426;201;20;Simancas;San Blas - Canillejas
2012;Anual;884;382;201;20;Simancas;San Blas - Canillejas
2013;Anual;913;395;201;20;Simancas;San Blas - Canillejas
2014;Anual;996;452;201;20;Simancas;San Blas - Canillejas
2015;Anual;1.052;465;201;20;Simancas;San Blas - Canillejas
2016;Anual;1.037;462;201;20;Simancas;San Blas - Canillejas
2017;Anual;1.103;492;201;20;Simancas;San Blas - Canillejas
2018;Anual;797;372;201;20;Simancas;San Blas - Canillejas
2019;Anual;1.189;566;201;20;Simancas;San Blas - Canillejas
2020;Anual;1.221;586;201;20;Simancas;San Blas - Canillejas
2021;Anual;1.209;569;201;20;Simancas;San Blas - Canillejas
2022;Anual;1.175;554;201;20;Simancas;San Blas - Canillejas
2010;Anual;722;394;153;15;Quintana;Ciudad Lineal
2011;Anual;713;430;153;15;Quintana;Ciudad Lineal
2012;Anual;646;380;153;15;Quintana;Ciudad Lineal
2013;Anual;700;392;153;15;Quintana;Ciudad Lineal
2014;Anual;753;442;153;15;Quintana;Ciudad Lineal
2015;Anual;781;448;153;15;Quintana;Ciudad Lineal
2016;Anual;777;462;153;15;Quintana;Ciudad Lineal
2017;Anual;859;487;153;15;Quintana;Ciudad Lineal
2018;Anual;701;417;153;15;Quintana;Ciudad Lineal
2019;Anual;921;540;153;15;Quintana;Ciudad Lineal
2020;Anual;941;567;153;15;Quintana;Ciudad Lineal
2021;Anual;908;509;153;15;Quintana;Ciudad Lineal
2022;Anual;871;508;153;15;Quintana;Ciudad Lineal
2010;Anual;825;522;71;7;Gaztambide;Chamberí
2011;Anual;842;557;71;7;Gaztambide;Chamberí
2012;Anual;752;472;71;7;Gaztambide;Chamberí
2013;Anual;771;517;71;7;Gaztambide;Chamberí
2014;Anual;856;573;71;7;Gaztambide;Chamberí
2015;Anual;906;601;71;7;Gaztambide;Chamberí
2016;Anual;887;611;71;7;Gaztambide;Chamberí
2017;Anual;926;651;71;7;Gaztambide;Chamberí
2018;Anual;697;498;71;7;Gaztambide;Chamberí
2019;Anual;1.074;751;71;7;Gaztambide;Chamberí
2020;Anual;1.114;805;71;7;Gaztambide;Chamberí
2021;Anual;1.067;750;71;7;Gaztambide;Chamberí
2022;Anual;1.060;755;71;7;Gaztambide;Chamberí
2010;Anual;787;482;72;7;Arapiles;Chamberí
2011;Anual;805;494;72;7;Arapiles;Chamberí
2012;Anual;696;417;72;7;Arapiles;Chamberí
2013;Anual;723;451;72;7;Arapiles;Chamberí
2014;Anual;818;518;72;7;Arapiles;Chamberí
2015;Anual;867;545;72;7;Arapiles;Chamberí
2016;Anual;846;545;72;7;Arapiles;Chamberí
2017;Anual;937;584;72;7;Arapiles;Chamberí
2018;Anual;760;451;72;7;Arapiles;Chamberí
2019;Anual;1.057;709;72;7;Arapiles;Chamberí
2020;Anual;1.097;746;72;7;Arapiles;Chamberí
2021;Anual;1.064;720;72;7;Arapiles;Chamberí
2022;Anual;1.055;724;72;7;Arapiles;Chamberí
2010;Anual;1.145;692;73;7;Trafalgar;Chamberí
2011;Anual;1.164;718;73;7;Trafalgar;Chamberí
2012;Anual;1.024;599;73;7;Trafalgar;Chamberí
2013;Anual;1.047;622;73;7;Trafalgar;Chamberí
2014;Anual;1.169;710;73;7;Trafalgar;Chamberí
2015;Anual;1.222;744;73;7;Trafalgar;Chamberí
2016;Anual;1.151;731;73;7;Trafalgar;Chamberí
2017;Anual;1.306;831;73;7;Trafalgar;Chamberí
2018;Anual;1.012;658;73;7;Trafalgar;Chamberí
2019;Anual;1.360;933;73;7;Trafalgar;Chamberí
2020;Anual;1.398;969;73;7;Trafalgar;Chamberí
2021;Anual;1.347;897;73;7;Trafalgar;Chamberí
2022;Anual;1.324;914;73;7;Trafalgar;Chamberí
2010;Anual;1.351;957;74;7;Almagro;Chamberí
2011;Anual;1.349;972;74;7;Almagro;Chamberí
2012;Anual;1.159;786;74;7;Almagro;Chamberí
2013;Anual;1.229;819;74;7;Almagro;Chamberí
2014;Anual;1.346;960;74;7;Almagro;Chamberí
2015;Anual;1.373;983;74;7;Almagro;Chamberí
2016;Anual;1.317;919;74;7;Almagro;Chamberí
2017;Anual;1.425;993;74;7;Almagro;Chamberí
2018;Anual;1.125;724;74;7;Almagro;Chamberí
2019;Anual;1.570;1.076;74;7;Almagro;Chamberí
2020;Anual;1.569;1.089;74;7;Almagro;Chamberí
2021;Anual;1.527;1.060;74;7;Almagro;Chamberí
2022;Anual;1.521;1.062;74;7;Almagro;Chamberí
2010;Anual;1.195;747;46;4;Castellana;Salamanca
2011;Anual;1.220;754;46;4;Castellana;Salamanca
2012;Anual;1.078;644;46;4;Castellana;Salamanca
2013;Anual;1.098;652;46;4;Castellana;Salamanca
2014;Anual;1.217;750;46;4;Castellana;Salamanca
2015;Anual;1.242;778;46;4;Castellana;Salamanca
2016;Anual;1.206;739;46;4;Castellana;Salamanca
2017;Anual;1.321;829;46;4;Castellana;Salamanca
2018;Anual;1.063;829;46;4;Castellana;Salamanca
2019;Anual;1.434;866;46;4;Castellana;Salamanca
2020;Anual;1.493;921;46;4;Castellana;Salamanca
2021;Anual;1.451;896;46;4;Castellana;Salamanca
2022;Anual;1.461;892;46;4;Castellana;Salamanca
2010;Anual;1.588;702;152;15;Pueblo Nuevo;Ciudad Lineal
2011;Anual;1.587;704;152;15;Pueblo Nuevo;Ciudad Lineal
2012;Anual;1.414;606;152;15;Pueblo Nuevo;Ciudad Lineal
2013;Anual;1.416;638;152;15;Pueblo Nuevo;Ciudad Lineal
2014;Anual;1.558;727;152;15;Pueblo Nuevo;Ciudad Lineal
2015;Anual;1.602;793;152;15;Pueblo Nuevo;Ciudad Lineal
2016;Anual;1.591;822;152;15;Pueblo Nuevo;Ciudad Lineal
2017;Anual;1.681;852;152;15;Pueblo Nuevo;Ciudad Lineal
2018;Anual;1.494;749;152;15;Pueblo Nuevo;Ciudad Lineal
2019;Anual;1.841;927;152;15;Pueblo Nuevo;Ciudad Lineal
2020;Anual;1.946;983;152;15;Pueblo Nuevo;Ciudad Lineal
2021;Anual;1.886;913;152;15;Pueblo Nuevo;Ciudad Lineal
2022;Anual;1.807;901;152;15;Pueblo Nuevo;Ciudad Lineal
2010;Anual;862;559;45;4;Lista;Salamanca
2011;Anual;898;599;45;4;Lista;Salamanca
2012;Anual;781;514;45;4;Lista;Salamanca
2013;Anual;809;528;45;4;Lista;Salamanca
2014;Anual;894;587;45;4;Lista;Salamanca
2015;Anual;895;597;45;4;Lista;Salamanca
2016;Anual;874;601;45;4;Lista;Salamanca
2017;Anual;953;649;45;4;Lista;Salamanca
2018;Anual;790;649;45;4;Lista;Salamanca
2019;Anual;1.047;769;45;4;Lista;Salamanca
2020;Anual;1.100;789;45;4;Lista;Salamanca
2021;Anual;1.050;736;45;4;Lista;Salamanca
2022;Anual;1.052;756;45;4;Lista;Salamanca
2010;Anual;1.001;606;92;9;Argüelles;Moncloa - Aravaca
2011;Anual;1.035;655;92;9;Argüelles;Moncloa - Aravaca
2012;Anual;918;534;92;9;Argüelles;Moncloa - Aravaca
2013;Anual;951;576;92;9;Argüelles;Moncloa - Aravaca
2014;Anual;1.048;661;92;9;Argüelles;Moncloa - Aravaca
2015;Anual;1.076;716;92;9;Argüelles;Moncloa - Aravaca
2016;Anual;1.057;730;92;9;Argüelles;Moncloa - Aravaca
2017;Anual;1.154;794;92;9;Argüelles;Moncloa - Aravaca
2018;Anual;927;603;92;9;Argüelles;Moncloa - Aravaca
2019;Anual;1.241;854;92;9;Argüelles;Moncloa - Aravaca
2020;Anual;1.282;914;92;9;Argüelles;Moncloa - Aravaca
2021;Anual;1.226;886;92;9;Argüelles;Moncloa - Aravaca
2022;Anual;1.216;865;92;9;Argüelles;Moncloa - Aravaca
2010;Anual;110;42;202;20;Hellín;San Blas - Canillejas
2011;Anual;100;40;202;20;Hellín;San Blas - Canillejas
2012;Anual;87;34;202;20;Hellín;San Blas - Canillejas
2013;Anual;86;39;202;20;Hellín;San Blas - Canillejas
2014;Anual;103;42;202;20;Hellín;San Blas - Canillejas
2015;Anual;107;43;202;20;Hellín;San Blas - Canillejas
2016;Anual;105;46;202;20;Hellín;San Blas - Canillejas
2017;Anual;111;46;202;20;Hellín;San Blas - Canillejas
2018;Anual;81;35;202;20;Hellín;San Blas - Canillejas
2019;Anual;126;58;202;20;Hellín;San Blas - Canillejas
2020;Anual;143;60;202;20;Hellín;San Blas - Canillejas
2021;Anual;147;58;202;20;Hellín;San Blas - Canillejas
2022;Anual;144;57;202;20;Hellín;San Blas - Canillejas
2010;Anual;1.133;528;151;15;Ventas;Ciudad Lineal
2011;Anual;1.135;548;151;15;Ventas;Ciudad Lineal
2012;Anual;1.020;478;151;15;Ventas;Ciudad Lineal
2013;Anual;1.046;491;151;15;Ventas;Ciudad Lineal
2014;Anual;1.089;554;151;15;Ventas;Ciudad Lineal
2015;Anual;1.067;578;151;15;Ventas;Ciudad Lineal
2016;Anual;1.143;578;151;15;Ventas;Ciudad Lineal
2017;Anual;1.217;617;151;15;Ventas;Ciudad Lineal
2018;Anual;1.121;515;151;15;Ventas;Ciudad Lineal
2019;Anual;1.372;696;151;15;Ventas;Ciudad Lineal
2020;Anual;1.412;724;151;15;Ventas;Ciudad Lineal
2021;Anual;1.398;697;151;15;Ventas;Ciudad Lineal
2022;Anual;1.339;671;151;15;Ventas;Ciudad Lineal
2010;Anual;560;379;43;4;Fuente del Berro;Salamanca
2011;Anual;574;389;43;4;Fuente del Berro;Salamanca
2012;Anual;507;325;43;4;Fuente del Berro;Salamanca
2013;Anual;539;342;43;4;Fuente del Berro;Salamanca
2014;Anual;582;409;43;4;Fuente del Berro;Salamanca
2015;Anual;596;424;43;4;Fuente del Berro;Salamanca
2016;Anual;599;405;43;4;Fuente del Berro;Salamanca
2017;Anual;646;437;43;4;Fuente del Berro;Salamanca
2018;Anual;582;437;43;4;Fuente del Berro;Salamanca
2019;Anual;708;506;43;4;Fuente del Berro;Salamanca
2020;Anual;719;542;43;4;Fuente del Berro;Salamanca
2021;Anual;714;497;43;4;Fuente del Berro;Salamanca
2022;Anual;712;502;43;4;Fuente del Berro;Salamanca
2010;Anual;1.673;956;15;1;Universidad;Centro
2011;Anual;1.734;998;15;1;Universidad;Centro
2012;Anual;1.464;808;15;1;Universidad;Centro
2013;Anual;1.514;895;15;1;Universidad;Centro
2014;Anual;1.745;1.030;15;1;Universidad;Centro
2015;Anual;1.839;1.075;15;1;Universidad;Centro
2016;Anual;1.788;1.100;15;1;Universidad;Centro
2017;Anual;1.995;1.176;15;1;Universidad;Centro
2018;Anual;1.527;890;15;1;Universidad;Centro
2019;Anual;2.156;1.346;15;1;Universidad;Centro
2020;Anual;2.215;1.416;15;1;Universidad;Centro
2021;Anual;2.189;1.361;15;1;Universidad;Centro
2022;Anual;2.186;1.366;15;1;Universidad;Centro
2010;Anual;1.561;935;41;4;Recoletos;Salamanca
2011;Anual;1.582;932;41;4;Recoletos;Salamanca
2012;Anual;1.378;777;41;4;Recoletos;Salamanca
2013;Anual;1.396;835;41;4;Recoletos;Salamanca
2014;Anual;1.586;967;41;4;Recoletos;Salamanca
2015;Anual;1.596;1.017;41;4;Recoletos;Salamanca
2016;Anual;1.548;976;41;4;Recoletos;Salamanca
2017;Anual;1.658;1.078;41;4;Recoletos;Salamanca
2018;Anual;1.293;1.078;41;4;Recoletos;Salamanca
2019;Anual;1.800;1.183;41;4;Recoletos;Salamanca
2020;Anual;1.880;1.241;41;4;Recoletos;Salamanca
2021;Anual;1.837;1.216;41;4;Recoletos;Salamanca
2022;Anual;1.882;1.209;41;4;Recoletos;Salamanca
2010;Anual;1.467;875;14;1;Justicia;Centro
2011;Anual;1.486;890;14;1;Justicia;Centro
2012;Anual;1.230;755;14;1;Justicia;Centro
2013;Anual;1.234;818;14;1;Justicia;Centro
2014;Anual;1.432;936;14;1;Justicia;Centro
2015;Anual;1.484;964;14;1;Justicia;Centro
2016;Anual;1.479;938;14;1;Justicia;Centro
2017;Anual;1.593;1.029;14;1;Justicia;Centro
2018;Anual;1.096;705;14;1;Justicia;Centro
2019;Anual;1.669;1.097;14;1;Justicia;Centro
2020;Anual;1.710;1.185;14;1;Justicia;Centro
2021;Anual;1.665;1.094;14;1;Justicia;Centro
2022;Anual;1.700;1.129;14;1;Justicia;Centro
2010;Anual;172;81;203;20;Amposta;San Blas - Canillejas
2011;Anual;148;71;203;20;Amposta;San Blas - Canillejas
2012;Anual;128;66;203;20;Amposta;San Blas - Canillejas
2013;Anual;126;67;203;20;Amposta;San Blas - Canillejas
2014;Anual;130;83;203;20;Amposta;San Blas - Canillejas
2015;Anual;127;83;203;20;Amposta;San Blas - Canillejas
2016;Anual;129;81;203;20;Amposta;San Blas - Canillejas
2017;Anual;136;81;203;20;Amposta;San Blas - Canillejas
2018;Anual;96;51;203;20;Amposta;San Blas - Canillejas
2019;Anual;150;80;203;20;Amposta;San Blas - Canillejas
2020;Anual;170;80;203;20;Amposta;San Blas - Canillejas
2021;Anual;164;80;203;20;Amposta;San Blas - Canillejas
2022;Anual;157;78;203;20;Amposta;San Blas - Canillejas
2010;Anual;1.168;900;42;4;Goya;Salamanca
2011;Anual;1.212;934;42;4;Goya;Salamanca
2012;Anual;1.083;839;42;4;Goya;Salamanca
2013;Anual;1.124;877;42;4;Goya;Salamanca
2014;Anual;1.265;987;42;4;Goya;Salamanca
2015;Anual;1.312;1.033;42;4;Goya;Salamanca
2016;Anual;1.318;1.038;42;4;Goya;Salamanca
2017;Anual;1.437;1.086;42;4;Goya;Salamanca
2018;Anual;990;1.086;42;4;Goya;Salamanca
2019;Anual;1.513;1.222;42;4;Goya;Salamanca
2020;Anual;1.586;1.255;42;4;Goya;Salamanca
2021;Anual;1.545;1.231;42;4;Goya;Salamanca
2022;Anual;1.553;1.238;42;4;Goya;Salamanca
2010;Anual;322;122;204;20;Arcos;San Blas - Canillejas
2011;Anual;326;136;204;20;Arcos;San Blas - Canillejas
2012;Anual;289;120;204;20;Arcos;San Blas - Canillejas
2013;Anual;297;131;204;20;Arcos;San Blas - Canillejas
2014;Anual;320;168;204;20;Arcos;San Blas - Canillejas
2015;Anual;362;169;204;20;Arcos;San Blas - Canillejas
2016;Anual;373;177;204;20;Arcos;San Blas - Canillejas
2017;Anual;395;193;204;20;Arcos;San Blas - Canillejas
2018;Anual;336;153;204;20;Arcos;San Blas - Canillejas
2019;Anual;442;234;204;20;Arcos;San Blas - Canillejas
2020;Anual;484;231;204;20;Arcos;San Blas - Canillejas
2021;Anual;485;214;204;20;Arcos;San Blas - Canillejas
2022;Anual;458;195;204;20;Arcos;San Blas - Canillejas
2010;Anual;1.285;733;11;1;Palacio;Centro
2011;Anual;1.280;710;11;1;Palacio;Centro
2012;Anual;1.075;589;11;1;Palacio;Centro
2013;Anual;1.121;615;11;1;Palacio;Centro
2014;Anual;1.231;706;11;1;Palacio;Centro
2015;Anual;1.307;743;11;1;Palacio;Centro
2016;Anual;1.262;729;11;1;Palacio;Centro
2017;Anual;1.408;798;11;1;Palacio;Centro
2018;Anual;1.013;586;11;1;Palacio;Centro
2019;Anual;1.483;913;11;1;Palacio;Centro
2020;Anual;1.554;933;11;1;Palacio;Centro
2021;Anual;1.485;917;11;1;Palacio;Centro
2022;Anual;1.452;915;11;1;Palacio;Centro
2010;Anual;763;444;34;3;Ibiza;Retiro
2011;Anual;839;500;34;3;Ibiza;Retiro
2012;Anual;736;429;34;3;Ibiza;Retiro
2013;Anual;775;473;34;3;Ibiza;Retiro
2014;Anual;887;526;34;3;Ibiza;Retiro
2015;Anual;905;541;34;3;Ibiza;Retiro
2016;Anual;890;549;34;3;Ibiza;Retiro
2017;Anual;938;587;34;3;Ibiza;Retiro
2018;Anual;817;451;34;3;Ibiza;Retiro
2019;Anual;1.022;666;34;3;Ibiza;Retiro
2020;Anual;1.063;691;34;3;Ibiza;Retiro
2021;Anual;1.035;650;34;3;Ibiza;Retiro
2022;Anual;1.020;661;34;3;Ibiza;Retiro
2010;Anual;326;189;35;3;Los Jerónimos;Retiro
2011;Anual;317;181;35;3;Los Jerónimos;Retiro
2012;Anual;276;154;35;3;Los Jerónimos;Retiro
2013;Anual;287;159;35;3;Los Jerónimos;Retiro
2014;Anual;323;176;35;3;Los Jerónimos;Retiro
2015;Anual;335;196;35;3;Los Jerónimos;Retiro
2016;Anual;346;208;35;3;Los Jerónimos;Retiro
2017;Anual;387;231;35;3;Los Jerónimos;Retiro
2018;Anual;278;160;35;3;Los Jerónimos;Retiro
2019;Anual;427;272;35;3;Los Jerónimos;Retiro
2020;Anual;435;269;35;3;Los Jerónimos;Retiro
2021;Anual;430;252;35;3;Los Jerónimos;Retiro
2022;Anual;411;250;35;3;Los Jerónimos;Retiro
2010;Anual;483;294;33;3;Estrella;Retiro
2011;Anual;502;322;33;3;Estrella;Retiro
2012;Anual;457;274;33;3;Estrella;Retiro
2013;Anual;457;298;33;3;Estrella;Retiro
2014;Anual;476;311;33;3;Estrella;Retiro
2015;Anual;489;331;33;3;Estrella;Retiro
2016;Anual;474;329;33;3;Estrella;Retiro
2017;Anual;492;350;33;3;Estrella;Retiro
2018;Anual;465;321;33;3;Estrella;Retiro
2019;Anual;558;400;33;3;Estrella;Retiro
2020;Anual;579;414;33;3;Estrella;Retiro
2021;Anual;546;396;33;3;Estrella;Retiro
2022;Anual;551;399;33;3;Estrella;Retiro
2010;Anual;1.098;620;16;1;Sol;Centro
2011;Anual;1.080;601;16;1;Sol;Centro
2012;Anual;935;514;16;1;Sol;Centro
2013;Anual;933;576;16;1;Sol;Centro
2014;Anual;1.032;645;16;1;Sol;Centro
2015;Anual;1.050;665;16;1;Sol;Centro
2016;Anual;1.023;659;16;1;Sol;Centro
2017;Anual;1.096;691;16;1;Sol;Centro
2018;Anual;811;474;16;1;Sol;Centro
2019;Anual;1.149;689;16;1;Sol;Centro
2020;Anual;1.161;681;16;1;Sol;Centro
2021;Anual;1.138;659;16;1;Sol;Centro
2022;Anual;1.141;634;16;1;Sol;Centro
2010;Anual;834;483;13;1;Cortes;Centro
2011;Anual;857;483;13;1;Cortes;Centro
2012;Anual;746;408;13;1;Cortes;Centro
2013;Anual;777;416;13;1;Cortes;Centro
2014;Anual;884;494;13;1;Cortes;Centro
2015;Anual;903;525;13;1;Cortes;Centro
2016;Anual;887;552;13;1;Cortes;Centro
2017;Anual;959;573;13;1;Cortes;Centro
2018;Anual;699;406;13;1;Cortes;Centro
2019;Anual;1.029;649;13;1;Cortes;Centro
2020;Anual;1.083;648;13;1;Cortes;Centro
2021;Anual;1.074;619;13;1;Cortes;Centro
2022;Anual;1.046;604;13;1;Cortes;Centro
2010;Anual;298;135;144;14;Media Legua;Moratalaz
2011;Anual;306;148;144;14;Media Legua;Moratalaz
2012;Anual;276;127;144;14;Media Legua;Moratalaz
2013;Anual;270;136;144;14;Media Legua;Moratalaz
2014;Anual;296;143;144;14;Media Legua;Moratalaz
2015;Anual;313;149;144;14;Media Legua;Moratalaz
2016;Anual;331;150;144;14;Media Legua;Moratalaz
2017;Anual;331;162;144;14;Media Legua;Moratalaz
2018;Anual;462;221;144;14;Media Legua;Moratalaz
2019;Anual;388;175;144;14;Media Legua;Moratalaz
2020;Anual;404;195;144;14;Media Legua;Moratalaz
2021;Anual;371;184;144;14;Media Legua;Moratalaz
2022;Anual;363;196;144;14;Media Legua;Moratalaz
2010;Anual;1.078;536;102;10;Puerta del Ángel;Latina
2011;Anual;1.046;556;102;10;Puerta del Ángel;Latina
2012;Anual;872;469;102;10;Puerta del Ángel;Latina
2013;Anual;904;504;102;10;Puerta del Ángel;Latina
2014;Anual;1.001;562;102;10;Puerta del Ángel;Latina
2015;Anual;1.020;575;102;10;Puerta del Ángel;Latina
2016;Anual;1.022;606;102;10;Puerta del Ángel;Latina
2017;Anual;1.114;643;102;10;Puerta del Ángel;Latina
2018;Anual;903;506;102;10;Puerta del Ángel;Latina
2019;Anual;1.275;717;102;10;Puerta del Ángel;Latina
2020;Anual;1.346;770;102;10;Puerta del Ángel;Latina
2021;Anual;1.295;737;102;10;Puerta del Ángel;Latina
2022;Anual;1.254;723;102;10;Puerta del Ángel;Latina
2010;Anual;443;303;36;3;Niño Jesús;Retiro
2011;Anual;473;324;36;3;Niño Jesús;Retiro
2012;Anual;430;266;36;3;Niño Jesús;Retiro
2013;Anual;429;292;36;3;Niño Jesús;Retiro
2014;Anual;462;329;36;3;Niño Jesús;Retiro
2015;Anual;485;326;36;3;Niño Jesús;Retiro
2016;Anual;473;316;36;3;Niño Jesús;Retiro
2017;Anual;497;347;36;3;Niño Jesús;Retiro
2018;Anual;361;255;36;3;Niño Jesús;Retiro
2019;Anual;524;386;36;3;Niño Jesús;Retiro
2020;Anual;529;400;36;3;Niño Jesús;Retiro
2021;Anual;535;395;36;3;Niño Jesús;Retiro
2022;Anual;531;401;36;3;Niño Jesús;Retiro
2010;Anual;594;275;143;14;Marroquina;Moratalaz
2011;Anual;594;280;143;14;Marroquina;Moratalaz
2012;Anual;519;250;143;14;Marroquina;Moratalaz
2013;Anual;532;266;143;14;Marroquina;Moratalaz
2014;Anual;563;309;143;14;Marroquina;Moratalaz
2015;Anual;601;355;143;14;Marroquina;Moratalaz
2016;Anual;614;366;143;14;Marroquina;Moratalaz
2017;Anual;683;388;143;14;Marroquina;Moratalaz
2018;Anual;536;308;143;14;Marroquina;Moratalaz
2019;Anual;715;451;143;14;Marroquina;Moratalaz
2020;Anual;702;493;143;14;Marroquina;Moratalaz
2021;Anual;665;468;143;14;Marroquina;Moratalaz
2022;Anual;652;448;143;14;Marroquina;Moratalaz
2010;Anual;1.796;1.104;12;1;Embajadores;Centro
2011;Anual;1.781;1.121;12;1;Embajadores;Centro
2012;Anual;1.446;941;12;1;Embajadores;Centro
2013;Anual;1.592;1.042;12;1;Embajadores;Centro
2014;Anual;1.828;1.219;12;1;Embajadores;Centro
2015;Anual;1.957;1.286;12;1;Embajadores;Centro
2016;Anual;1.975;1.264;12;1;Embajadores;Centro
2017;Anual;2.198;1.395;12;1;Embajadores;Centro
2018;Anual;1.521;986;12;1;Embajadores;Centro
2019;Anual;2.457;1.580;12;1;Embajadores;Centro
2020;Anual;2.575;1.610;12;1;Embajadores;Centro
2021;Anual;2.460;1.511;12;1;Embajadores;Centro
2022;Anual;2.406;1.497;12;1;Embajadores;Centro
2010;Anual;518;304;21;2;Imperial;Arganzuela
2011;Anual;528;317;21;2;Imperial;Arganzuela
2012;Anual;470;260;21;2;Imperial;Arganzuela
2013;Anual;475;278;21;2;Imperial;Arganzuela
2014;Anual;547;311;21;2;Imperial;Arganzuela
2015;Anual;570;318;21;2;Imperial;Arganzuela
2016;Anual;566;324;21;2;Imperial;Arganzuela
2017;Anual;595;354;21;2;Imperial;Arganzuela
2018;Anual;505;302;21;2;Imperial;Arganzuela
2019;Anual;665;426;21;2;Imperial;Arganzuela
2020;Anual;699;453;21;2;Imperial;Arganzuela
2021;Anual;559;379;21;2;Imperial;Arganzuela
2022;Anual;553;368;21;2;Imperial;Arganzuela
2010;Anual;89;46;142;14;Horcajo;Moratalaz
2011;Anual;100;44;142;14;Horcajo;Moratalaz
2012;Anual;89;36;142;14;Horcajo;Moratalaz
2013;Anual;91;40;142;14;Horcajo;Moratalaz
2014;Anual;104;43;142;14;Horcajo;Moratalaz
2015;Anual;107;56;142;14;Horcajo;Moratalaz
2016;Anual;119;58;142;14;Horcajo;Moratalaz
2017;Anual;127;60;142;14;Horcajo;Moratalaz
2018;Anual;72;47;142;14;Horcajo;Moratalaz
2019;Anual;136;78;142;14;Horcajo;Moratalaz
2020;Anual;151;90;142;14;Horcajo;Moratalaz
2021;Anual;159;82;142;14;Horcajo;Moratalaz
2022;Anual;155;76;142;14;Horcajo;Moratalaz
2010;Anual;754;297;103;10;Lucero;Latina
2011;Anual;732;316;103;10;Lucero;Latina
2012;Anual;646;272;103;10;Lucero;Latina
2013;Anual;638;290;103;10;Lucero;Latina
2014;Anual;716;334;103;10;Lucero;Latina
2015;Anual;734;326;103;10;Lucero;Latina
2016;Anual;753;354;103;10;Lucero;Latina
2017;Anual;777;359;103;10;Lucero;Latina
2018;Anual;643;301;103;10;Lucero;Latina
2019;Anual;837;435;103;10;Lucero;Latina
2020;Anual;861;480;103;10;Lucero;Latina
2021;Anual;830;436;103;10;Lucero;Latina
2022;Anual;815;430;103;10;Lucero;Latina
2010;Anual;264;114;146;14;Vinateros;Moratalaz
2011;Anual;264;127;146;14;Vinateros;Moratalaz
2012;Anual;239;106;146;14;Vinateros;Moratalaz
2013;Anual;250;115;146;14;Vinateros;Moratalaz
2014;Anual;274;121;146;14;Vinateros;Moratalaz
2015;Anual;282;117;146;14;Vinateros;Moratalaz
2016;Anual;282;124;146;14;Vinateros;Moratalaz
2017;Anual;293;144;146;14;Vinateros;Moratalaz
2018;Anual;286;124;146;14;Vinateros;Moratalaz
2019;Anual;321;150;146;14;Vinateros;Moratalaz
2020;Anual;347;161;146;14;Vinateros;Moratalaz
2021;Anual;330;147;146;14;Vinateros;Moratalaz
2022;Anual;315;156;146;14;Vinateros;Moratalaz
2010;Anual;322;106;101;10;Los Cármenes;Latina
2011;Anual;324;110;101;10;Los Cármenes;Latina
2012;Anual;292;94;101;10;Los Cármenes;Latina
2013;Anual;303;111;101;10;Los Cármenes;Latina
2014;Anual;314;141;101;10;Los Cármenes;Latina
2015;Anual;328;136;101;10;Los Cármenes;Latina
2016;Anual;354;137;101;10;Los Cármenes;Latina
2017;Anual;381;161;101;10;Los Cármenes;Latina
2018;Anual;380;156;101;10;Los Cármenes;Latina
2019;Anual;427;189;101;10;Los Cármenes;Latina
2020;Anual;424;181;101;10;Los Cármenes;Latina
2021;Anual;430;177;101;10;Los Cármenes;Latina
2022;Anual;415;183;101;10;Los Cármenes;Latina
2010;Anual;50;22;27;2;Atocha;Arganzuela
2011;Anual;40;19;27;2;Atocha;Arganzuela
2012;Anual;38;16;27;2;Atocha;Arganzuela
2013;Anual;34;16;27;2;Atocha;Arganzuela
2014;Anual;39;17;27;2;Atocha;Arganzuela
2015;Anual;28;16;27;2;Atocha;Arganzuela
2016;Anual;28;12;27;2;Atocha;Arganzuela
2017;Anual;32;16;27;2;Atocha;Arganzuela
2018;Anual;28;13;27;2;Atocha;Arganzuela
2019;Anual;42;22;27;2;Atocha;Arganzuela
2020;Anual;41;24;27;2;Atocha;Arganzuela
2021;Anual;37;27;27;2;Atocha;Arganzuela
2022;Anual;41;32;27;2;Atocha;Arganzuela
2010;Anual;228;123;145;14;Fontarrón;Moratalaz
2011;Anual;235;129;145;14;Fontarrón;Moratalaz
2012;Anual;218;112;145;14;Fontarrón;Moratalaz
2013;Anual;208;124;145;14;Fontarrón;Moratalaz
2014;Anual;237;146;145;14;Fontarrón;Moratalaz
2015;Anual;250;140;145;14;Fontarrón;Moratalaz
2016;Anual;266;161;145;14;Fontarrón;Moratalaz
2017;Anual;284;176;145;14;Fontarrón;Moratalaz
2018;Anual;255;138;145;14;Fontarrón;Moratalaz
2019;Anual;345;171;145;14;Fontarrón;Moratalaz
2020;Anual;391;182;145;14;Fontarrón;Moratalaz
2021;Anual;377;185;145;14;Fontarrón;Moratalaz
2022;Anual;368;190;145;14;Fontarrón;Moratalaz
2010;Anual;895;503;26;2;Palos de la Frontera;Arganzuela
2011;Anual;880;493;26;2;Palos de la Frontera;Arganzuela
2012;Anual;779;429;26;2;Palos de la Frontera;Arganzuela
2013;Anual;813;448;26;2;Palos de la Frontera;Arganzuela
2014;Anual;901;520;26;2;Palos de la Frontera;Arganzuela
2015;Anual;918;523;26;2;Palos de la Frontera;Arganzuela
2016;Anual;886;531;26;2;Palos de la Frontera;Arganzuela
2017;Anual;953;553;26;2;Palos de la Frontera;Arganzuela
2018;Anual;773;449;26;2;Palos de la Frontera;Arganzuela
2019;Anual;1.089;688;26;2;Palos de la Frontera;Arganzuela
2020;Anual;1.112;725;26;2;Palos de la Frontera;Arganzuela
2021;Anual;1.086;704;26;2;Palos de la Frontera;Arganzuela
2022;Anual;1.043;696;26;2;Palos de la Frontera;Arganzuela
2010;Anual;723;431;31;3;Pacífico;Retiro
2011;Anual;811;478;31;3;Pacífico;Retiro
2012;Anual;709;411;31;3;Pacífico;Retiro
2013;Anual;751;448;31;3;Pacífico;Retiro
2014;Anual;827;508;31;3;Pacífico;Retiro
2015;Anual;946;587;31;3;Pacífico;Retiro
2016;Anual;954;597;31;3;Pacífico;Retiro
2017;Anual;1.032;653;31;3;Pacífico;Retiro
2018;Anual;715;459;31;3;Pacífico;Retiro
2019;Anual;1.126;761;31;3;Pacífico;Retiro
2020;Anual;1.178;787;31;3;Pacífico;Retiro
2021;Anual;1.150;736;31;3;Pacífico;Retiro
2022;Anual;1.132;705;31;3;Pacífico;Retiro
2010;Anual;846;488;22;2;Acacias;Arganzuela
2011;Anual;879;514;22;2;Acacias;Arganzuela
2012;Anual;736;447;22;2;Acacias;Arganzuela
2013;Anual;764;478;22;2;Acacias;Arganzuela
2014;Anual;863;517;22;2;Acacias;Arganzuela
2015;Anual;882;547;22;2;Acacias;Arganzuela
2016;Anual;917;594;22;2;Acacias;Arganzuela
2017;Anual;1.009;611;22;2;Acacias;Arganzuela
2018;Anual;868;519;22;2;Acacias;Arganzuela
2019;Anual;1.145;717;22;2;Acacias;Arganzuela
2020;Anual;1.151;739;22;2;Acacias;Arganzuela
2021;Anual;1.106;712;22;2;Acacias;Arganzuela
2022;Anual;1.123;699;22;2;Acacias;Arganzuela
2010;Anual;415;192;32;3;Adelfas;Retiro
2011;Anual;329;155;32;3;Adelfas;Retiro
2012;Anual;291;134;32;3;Adelfas;Retiro
2013;Anual;316;143;32;3;Adelfas;Retiro
2014;Anual;334;174;32;3;Adelfas;Retiro
2015;Anual;369;195;32;3;Adelfas;Retiro
2016;Anual;384;193;32;3;Adelfas;Retiro
2017;Anual;412;209;32;3;Adelfas;Retiro
2018;Anual;334;167;32;3;Adelfas;Retiro
2019;Anual;449;229;32;3;Adelfas;Retiro
2020;Anual;482;262;32;3;Adelfas;Retiro
2021;Anual;479;239;32;3;Adelfas;Retiro
2022;Anual;463;240;32;3;Adelfas;Retiro
2010;Anual;1.057;419;136;13;Numancia;Puente de Vallecas
2011;Anual;1.014;418;136;13;Numancia;Puente de Vallecas
2012;Anual;863;360;136;13;Numancia;Puente de Vallecas
2013;Anual;855;396;136;13;Numancia;Puente de Vallecas
2014;Anual;912;425;136;13;Numancia;Puente de Vallecas
2015;Anual;911;428;136;13;Numancia;Puente de Vallecas
2016;Anual;929;441;136;13;Numancia;Puente de Vallecas
2017;Anual;969;473;136;13;Numancia;Puente de Vallecas
2018;Anual;806;380;136;13;Numancia;Puente de Vallecas
2019;Anual;1.076;541;136;13;Numancia;Puente de Vallecas
2020;Anual;1.144;578;136;13;Numancia;Puente de Vallecas
2021;Anual;1.122;541;136;13;Numancia;Puente de Vallecas
2022;Anual;1.107;516;136;13;Numancia;Puente de Vallecas
2017;Anual;0;0;192;19;Valdebernardo;Vicálvaro
2018;Anual;222;116;192;19;Valdebernardo;Vicálvaro
2019;Anual;309;172;192;19;Valdebernardo;Vicálvaro
2020;Anual;316;185;192;19;Valdebernardo;Vicálvaro
2021;Anual;307;175;192;19;Valdebernardo;Vicálvaro
2022;Anual;295;178;192;19;Valdebernardo;Vicálvaro
2010;Anual;984;338;113;11;San Isidro;Carabanchel
2011;Anual;950;345;113;11;San Isidro;Carabanchel
2012;Anual;822;288;113;11;San Isidro;Carabanchel
2013;Anual;855;307;113;11;San Isidro;Carabanchel
2014;Anual;929;353;113;11;San Isidro;Carabanchel
2015;Anual;933;391;113;11;San Isidro;Carabanchel
2016;Anual;963;408;113;11;San Isidro;Carabanchel
2017;Anual;985;425;113;11;San Isidro;Carabanchel
2018;Anual;765;321;113;11;San Isidro;Carabanchel
2019;Anual;1.085;476;113;11;San Isidro;Carabanchel
2020;Anual;1.152;520;113;11;San Isidro;Carabanchel
2021;Anual;1.117;477;113;11;San Isidro;Carabanchel
2022;Anual;1.094;463;113;11;San Isidro;Carabanchel
2017;Anual;0;0;193;19;Valderrivas;Vicálvaro
2018;Anual;165;81;193;19;Valderrivas;Vicálvaro
2019;Anual;239;110;193;19;Valderrivas;Vicálvaro
2020;Anual;239;108;193;19;Valderrivas;Vicálvaro
2021;Anual;228;101;193;19;Valderrivas;Vicálvaro
2022;Anual;235;99;193;19;Valderrivas;Vicálvaro
2010;Anual;129;48;141;14;Pavones;Moratalaz
2011;Anual;128;56;141;14;Pavones;Moratalaz
2012;Anual;123;47;141;14;Pavones;Moratalaz
2013;Anual;124;53;141;14;Pavones;Moratalaz
2014;Anual;127;62;141;14;Pavones;Moratalaz
2015;Anual;127;56;141;14;Pavones;Moratalaz
2016;Anual;136;58;141;14;Pavones;Moratalaz
2017;Anual;145;61;141;14;Pavones;Moratalaz
2018;Anual;109;46;141;14;Pavones;Moratalaz
2019;Anual;151;65;141;14;Pavones;Moratalaz
2020;Anual;154;69;141;14;Pavones;Moratalaz
2021;Anual;150;71;141;14;Pavones;Moratalaz
2022;Anual;159;69;141;14;Pavones;Moratalaz
2010;Anual;1.534;679;104;10;Aluche;Latina
2011;Anual;1.507;711;104;10;Aluche;Latina
2012;Anual;1.297;634;104;10;Aluche;Latina
2013;Anual;1.375;688;104;10;Aluche;Latina
2014;Anual;1.464;760;104;10;Aluche;Latina
2015;Anual;1.496;793;104;10;Aluche;Latina
2016;Anual;1.532;791;104;10;Aluche;Latina
2017;Anual;1.630;849;104;10;Aluche;Latina
2018;Anual;1.250;611;104;10;Aluche;Latina
2019;Anual;1.775;880;104;10;Aluche;Latina
2020;Anual;1.750;915;104;10;Aluche;Latina
2021;Anual;1.690;872;104;10;Aluche;Latina
2022;Anual;1.611;852;104;10;Aluche;Latina
2010;Anual;548;297;25;2;Delicias;Arganzuela
2011;Anual;550;299;25;2;Delicias;Arganzuela
2012;Anual;494;248;25;2;Delicias;Arganzuela
2013;Anual;522;266;25;2;Delicias;Arganzuela
2014;Anual;591;306;25;2;Delicias;Arganzuela
2015;Anual;633;323;25;2;Delicias;Arganzuela
2016;Anual;665;349;25;2;Delicias;Arganzuela
2017;Anual;725;393;25;2;Delicias;Arganzuela
2018;Anual;554;298;25;2;Delicias;Arganzuela
2019;Anual;845;476;25;2;Delicias;Arganzuela
2020;Anual;868;507;25;2;Delicias;Arganzuela
2021;Anual;855;487;25;2;Delicias;Arganzuela
2022;Anual;849;495;25;2;Delicias;Arganzuela
2010;Anual;518;232;23;2;Chopera;Arganzuela
2011;Anual;496;230;23;2;Chopera;Arganzuela
2012;Anual;441;195;23;2;Chopera;Arganzuela
2013;Anual;467;224;23;2;Chopera;Arganzuela
2014;Anual;531;259;23;2;Chopera;Arganzuela
2015;Anual;548;273;23;2;Chopera;Arganzuela
2016;Anual;545;271;23;2;Chopera;Arganzuela
2017;Anual;575;304;23;2;Chopera;Arganzuela
2018;Anual;436;213;23;2;Chopera;Arganzuela
2019;Anual;616;331;23;2;Chopera;Arganzuela
2020;Anual;623;359;23;2;Chopera;Arganzuela
2021;Anual;592;358;23;2;Chopera;Arganzuela
2022;Anual;592;352;23;2;Chopera;Arganzuela
2010;Anual;386;155;105;10;Campamento;Latina
2011;Anual;368;143;105;10;Campamento;Latina
2012;Anual;315;117;105;10;Campamento;Latina
2013;Anual;325;124;105;10;Campamento;Latina
2014;Anual;372;147;105;10;Campamento;Latina
2015;Anual;363;154;105;10;Campamento;Latina
2016;Anual;357;161;105;10;Campamento;Latina
2017;Anual;406;169;105;10;Campamento;Latina
2018;Anual;345;155;105;10;Campamento;Latina
2019;Anual;460;194;105;10;Campamento;Latina
2020;Anual;473;206;105;10;Campamento;Latina
2021;Anual;445;189;105;10;Campamento;Latina
2022;Anual;422;199;105;10;Campamento;Latina
2010;Anual;632;285;111;11;Comillas;Carabanchel
2011;Anual;618;289;111;11;Comillas;Carabanchel
2012;Anual;558;272;111;11;Comillas;Carabanchel
2013;Anual;588;274;111;11;Comillas;Carabanchel
2014;Anual;634;299;111;11;Comillas;Carabanchel
2015;Anual;665;303;111;11;Comillas;Carabanchel
2016;Anual;664;314;111;11;Comillas;Carabanchel
2017;Anual;703;370;111;11;Comillas;Carabanchel
2018;Anual;485;244;111;11;Comillas;Carabanchel
2019;Anual;803;412;111;11;Comillas;Carabanchel
2020;Anual;826;407;111;11;Comillas;Carabanchel
2021;Anual;793;372;111;11;Comillas;Carabanchel
2022;Anual;747;382;111;11;Comillas;Carabanchel
2010;Anual;551;225;135;13;Portazgo;Puente de Vallecas
2011;Anual;543;232;135;13;Portazgo;Puente de Vallecas
2012;Anual;460;188;135;13;Portazgo;Puente de Vallecas
2013;Anual;482;203;135;13;Portazgo;Puente de Vallecas
2014;Anual;508;245;135;13;Portazgo;Puente de Vallecas
2015;Anual;514;265;135;13;Portazgo;Puente de Vallecas
2016;Anual;514;284;135;13;Portazgo;Puente de Vallecas
2017;Anual;570;289;135;13;Portazgo;Puente de Vallecas
2018;Anual;544;298;135;13;Portazgo;Puente de Vallecas
2019;Anual;674;334;135;13;Portazgo;Puente de Vallecas
2020;Anual;701;356;135;13;Portazgo;Puente de Vallecas
2021;Anual;687;337;135;13;Portazgo;Puente de Vallecas
2022;Anual;668;339;135;13;Portazgo;Puente de Vallecas
2010;Anual;955;363;132;13;San Diego;Puente de Vallecas
2011;Anual;1.016;388;132;13;San Diego;Puente de Vallecas
2012;Anual;965;368;132;13;San Diego;Puente de Vallecas
2013;Anual;959;401;132;13;San Diego;Puente de Vallecas
2014;Anual;1.033;484;132;13;San Diego;Puente de Vallecas
2015;Anual;1.010;503;132;13;San Diego;Puente de Vallecas
2016;Anual;976;479;132;13;San Diego;Puente de Vallecas
2017;Anual;1.095;524;132;13;San Diego;Puente de Vallecas
2018;Anual;887;409;132;13;San Diego;Puente de Vallecas
2019;Anual;1.190;561;132;13;San Diego;Puente de Vallecas
2020;Anual;1.254;610;132;13;San Diego;Puente de Vallecas
2021;Anual;1.224;597;132;13;San Diego;Puente de Vallecas
2022;Anual;1.171;588;132;13;San Diego;Puente de Vallecas
2010;Anual;863;374;112;11;Opañel;Carabanchel
2011;Anual;863;379;112;11;Opañel;Carabanchel
2012;Anual;768;329;112;11;Opañel;Carabanchel
2013;Anual;787;367;112;11;Opañel;Carabanchel
2014;Anual;868;391;112;11;Opañel;Carabanchel
2015;Anual;880;413;112;11;Opañel;Carabanchel
2016;Anual;877;424;112;11;Opañel;Carabanchel
2017;Anual;926;437;112;11;Opañel;Carabanchel
2018;Anual;639;305;112;11;Opañel;Carabanchel
2019;Anual;1.038;508;112;11;Opañel;Carabanchel
2020;Anual;1.032;517;112;11;Opañel;Carabanchel
2021;Anual;1.036;495;112;11;Opañel;Carabanchel
2022;Anual;988;497;112;11;Opañel;Carabanchel
2010;Anual;670;286;125;12;Moscardó;Usera
2011;Anual;676;294;125;12;Moscardó;Usera
2012;Anual;594;251;125;12;Moscardó;Usera
2013;Anual;587;282;125;12;Moscardó;Usera
2014;Anual;618;331;125;12;Moscardó;Usera
2015;Anual;622;341;125;12;Moscardó;Usera
2016;Anual;642;357;125;12;Moscardó;Usera
2017;Anual;690;350;125;12;Moscardó;Usera
2018;Anual;530;264;125;12;Moscardó;Usera
2019;Anual;776;413;125;12;Moscardó;Usera
2020;Anual;821;442;125;12;Moscardó;Usera
2021;Anual;794;422;125;12;Moscardó;Usera
2022;Anual;783;422;125;12;Moscardó;Usera
2010;Anual;369;188;24;2;Legazpi;Arganzuela
2011;Anual;361;193;24;2;Legazpi;Arganzuela
2012;Anual;314;170;24;2;Legazpi;Arganzuela
2013;Anual;337;179;24;2;Legazpi;Arganzuela
2014;Anual;369;219;24;2;Legazpi;Arganzuela
2015;Anual;374;234;24;2;Legazpi;Arganzuela
2016;Anual;386;242;24;2;Legazpi;Arganzuela
2017;Anual;429;259;24;2;Legazpi;Arganzuela
2018;Anual;312;176;24;2;Legazpi;Arganzuela
2019;Anual;480;323;24;2;Legazpi;Arganzuela
2020;Anual;514;330;24;2;Legazpi;Arganzuela
2021;Anual;504;339;24;2;Legazpi;Arganzuela
2022;Anual;514;347;24;2;Legazpi;Arganzuela
2010;Anual;633;264;133;13;Palomeras Bajas;Puente de Vallecas
2011;Anual;652;270;133;13;Palomeras Bajas;Puente de Vallecas
2012;Anual;587;236;133;13;Palomeras Bajas;Puente de Vallecas
2013;Anual;594;247;133;13;Palomeras Bajas;Puente de Vallecas
2014;Anual;604;285;133;13;Palomeras Bajas;Puente de Vallecas
2015;Anual;620;314;133;13;Palomeras Bajas;Puente de Vallecas
2016;Anual;637;306;133;13;Palomeras Bajas;Puente de Vallecas
2017;Anual;670;322;133;13;Palomeras Bajas;Puente de Vallecas
2018;Anual;568;243;133;13;Palomeras Bajas;Puente de Vallecas
2019;Anual;758;382;133;13;Palomeras Bajas;Puente de Vallecas
2020;Anual;822;424;133;13;Palomeras Bajas;Puente de Vallecas
2021;Anual;819;406;133;13;Palomeras Bajas;Puente de Vallecas
2022;Anual;788;397;133;13;Palomeras Bajas;Puente de Vallecas
2010;Anual;754;270;134;13;Palomeras Sureste;Puente de Vallecas
2011;Anual;737;287;134;13;Palomeras Sureste;Puente de Vallecas
2012;Anual;658;254;134;13;Palomeras Sureste;Puente de Vallecas
2013;Anual;662;238;134;13;Palomeras Sureste;Puente de Vallecas
2014;Anual;671;266;134;13;Palomeras Sureste;Puente de Vallecas
2015;Anual;688;295;134;13;Palomeras Sureste;Puente de Vallecas
2016;Anual;708;308;134;13;Palomeras Sureste;Puente de Vallecas
2017;Anual;763;330;134;13;Palomeras Sureste;Puente de Vallecas
2018;Anual;611;283;134;13;Palomeras Sureste;Puente de Vallecas
2019;Anual;840;383;134;13;Palomeras Sureste;Puente de Vallecas
2020;Anual;888;415;134;13;Palomeras Sureste;Puente de Vallecas
2021;Anual;868;378;134;13;Palomeras Sureste;Puente de Vallecas
2022;Anual;864;381;134;13;Palomeras Sureste;Puente de Vallecas
2010;Anual;845;397;107;10;Águilas;Latina
2011;Anual;868;426;107;10;Águilas;Latina
2012;Anual;746;379;107;10;Águilas;Latina
2013;Anual;786;420;107;10;Águilas;Latina
2014;Anual;859;452;107;10;Águilas;Latina
2015;Anual;888;472;107;10;Águilas;Latina
2016;Anual;885;483;107;10;Águilas;Latina
2017;Anual;963;519;107;10;Águilas;Latina
2018;Anual;840;529;107;10;Águilas;Latina
2019;Anual;1.006;559;107;10;Águilas;Latina
2020;Anual;1.009;584;107;10;Águilas;Latina
2021;Anual;980;543;107;10;Águilas;Latina
2022;Anual;947;540;107;10;Águilas;Latina
2010;Anual;585;196;131;13;Entrevías;Puente de Vallecas
2011;Anual;563;213;131;13;Entrevías;Puente de Vallecas
2012;Anual;562;212;131;13;Entrevías;Puente de Vallecas
2013;Anual;561;210;131;13;Entrevías;Puente de Vallecas
2014;Anual;576;240;131;13;Entrevías;Puente de Vallecas
2015;Anual;557;260;131;13;Entrevías;Puente de Vallecas
2016;Anual;572;250;131;13;Entrevías;Puente de Vallecas
2017;Anual;619;285;131;13;Entrevías;Puente de Vallecas
2018;Anual;468;226;131;13;Entrevías;Puente de Vallecas
2019;Anual;698;305;131;13;Entrevías;Puente de Vallecas
2020;Anual;756;322;131;13;Entrevías;Puente de Vallecas
2021;Anual;745;312;131;13;Entrevías;Puente de Vallecas
2022;Anual;716;300;131;13;Entrevías;Puente de Vallecas
2010;Anual;1.239;616;114;11;Vista Alegre;Carabanchel
2011;Anual;1.236;614;114;11;Vista Alegre;Carabanchel
2012;Anual;1.079;531;114;11;Vista Alegre;Carabanchel
2013;Anual;1.121;586;114;11;Vista Alegre;Carabanchel
2014;Anual;1.180;634;114;11;Vista Alegre;Carabanchel
2015;Anual;1.231;695;114;11;Vista Alegre;Carabanchel
2016;Anual;1.238;683;114;11;Vista Alegre;Carabanchel
2017;Anual;1.305;718;114;11;Vista Alegre;Carabanchel
2018;Anual;1.054;508;114;11;Vista Alegre;Carabanchel
2019;Anual;1.397;769;114;11;Vista Alegre;Carabanchel
2020;Anual;1.429;803;114;11;Vista Alegre;Carabanchel
2021;Anual;1.382;750;114;11;Vista Alegre;Carabanchel
2022;Anual;1.332;739;114;11;Vista Alegre;Carabanchel
2010;Anual;411;172;182;18;Santa Eugenia;Villa de Vallecas
2011;Anual;431;182;182;18;Santa Eugenia;Villa de Vallecas
2012;Anual;376;142;182;18;Santa Eugenia;Villa de Vallecas
2013;Anual;380;160;182;18;Santa Eugenia;Villa de Vallecas
2014;Anual;406;181;182;18;Santa Eugenia;Villa de Vallecas
2015;Anual;416;199;182;18;Santa Eugenia;Villa de Vallecas
2016;Anual;415;206;182;18;Santa Eugenia;Villa de Vallecas
2017;Anual;441;218;182;18;Santa Eugenia;Villa de Vallecas
2018;Anual;320;164;182;18;Santa Eugenia;Villa de Vallecas
2019;Anual;509;256;182;18;Santa Eugenia;Villa de Vallecas
2020;Anual;528;282;182;18;Santa Eugenia;Villa de Vallecas
2021;Anual;505;282;182;18;Santa Eugenia;Villa de Vallecas
2022;Anual;478;284;182;18;Santa Eugenia;Villa de Vallecas
2010;Anual;487;235;124;12;Almendrales;Usera
2011;Anual;464;221;124;12;Almendrales;Usera
2012;Anual;402;184;124;12;Almendrales;Usera
2013;Anual;413;206;124;12;Almendrales;Usera
2014;Anual;461;221;124;12;Almendrales;Usera
2015;Anual;475;247;124;12;Almendrales;Usera
2016;Anual;510;237;124;12;Almendrales;Usera
2017;Anual;524;266;124;12;Almendrales;Usera
2018;Anual;372;173;124;12;Almendrales;Usera
2019;Anual;543;301;124;12;Almendrales;Usera
2020;Anual;568;315;124;12;Almendrales;Usera
2021;Anual;565;302;124;12;Almendrales;Usera
2022;Anual;571;299;124;12;Almendrales;Usera
2010;Anual;669;310;115;11;Puerta Bonita;Carabanchel
2011;Anual;644;307;115;11;Puerta Bonita;Carabanchel
2012;Anual;580;261;115;11;Puerta Bonita;Carabanchel
2013;Anual;610;262;115;11;Puerta Bonita;Carabanchel
2014;Anual;653;291;115;11;Puerta Bonita;Carabanchel
2015;Anual;664;304;115;11;Puerta Bonita;Carabanchel
2016;Anual;694;315;115;11;Puerta Bonita;Carabanchel
2017;Anual;732;343;115;11;Puerta Bonita;Carabanchel
2018;Anual;585;276;115;11;Puerta Bonita;Carabanchel
2019;Anual;791;370;115;11;Puerta Bonita;Carabanchel
2020;Anual;810;396;115;11;Puerta Bonita;Carabanchel
2021;Anual;790;376;115;11;Puerta Bonita;Carabanchel
2022;Anual;783;365;115;11;Puerta Bonita;Carabanchel
2010;Anual;543;242;117;11;Abrantes;Carabanchel
2011;Anual;585;246;117;11;Abrantes;Carabanchel
2012;Anual;512;205;117;11;Abrantes;Carabanchel
2013;Anual;541;223;117;11;Abrantes;Carabanchel
2014;Anual;591;255;117;11;Abrantes;Carabanchel
2015;Anual;609;257;117;11;Abrantes;Carabanchel
2016;Anual;642;278;117;11;Abrantes;Carabanchel
2017;Anual;717;297;117;11;Abrantes;Carabanchel
2018;Anual;465;167;117;11;Abrantes;Carabanchel
2019;Anual;863;326;117;11;Abrantes;Carabanchel
2020;Anual;901;343;117;11;Abrantes;Carabanchel
2021;Anual;855;330;117;11;Abrantes;Carabanchel
2022;Anual;802;333;117;11;Abrantes;Carabanchel
2010;Anual;598;248;127;12;Pradolongo;Usera
2011;Anual;496;226;127;12;Pradolongo;Usera
2012;Anual;427;177;127;12;Pradolongo;Usera
2013;Anual;451;198;127;12;Pradolongo;Usera
2014;Anual;476;222;127;12;Pradolongo;Usera
2015;Anual;485;246;127;12;Pradolongo;Usera
2016;Anual;488;250;127;12;Pradolongo;Usera
2017;Anual;519;255;127;12;Pradolongo;Usera
2018;Anual;490;229;127;12;Pradolongo;Usera
2019;Anual;567;279;127;12;Pradolongo;Usera
2020;Anual;580;307;127;12;Pradolongo;Usera
2021;Anual;541;292;127;12;Pradolongo;Usera
2022;Anual;542;300;127;12;Pradolongo;Usera
2010;Anual;289;85;126;12;Zofío;Usera
2011;Anual;288;86;126;12;Zofío;Usera
2012;Anual;248;79;126;12;Zofío;Usera
2013;Anual;250;83;126;12;Zofío;Usera
2014;Anual;255;89;126;12;Zofío;Usera
2015;Anual;281;113;126;12;Zofío;Usera
2016;Anual;281;123;126;12;Zofío;Usera
2017;Anual;306;124;126;12;Zofío;Usera
2018;Anual;254;108;126;12;Zofío;Usera
2019;Anual;354;130;126;12;Zofío;Usera
2020;Anual;374;148;126;12;Zofío;Usera
2021;Anual;347;132;126;12;Zofío;Usera
2022;Anual;329;125;126;12;Zofío;Usera
2010;Anual;171;60;122;12;Orcasur;Usera
2011;Anual;170;66;122;12;Orcasur;Usera
2012;Anual;149;62;122;12;Orcasur;Usera
2013;Anual;147;58;122;12;Orcasur;Usera
2014;Anual;141;60;122;12;Orcasur;Usera
2015;Anual;161;62;122;12;Orcasur;Usera
2016;Anual;180;65;122;12;Orcasur;Usera
2017;Anual;194;73;122;12;Orcasur;Usera
2018;Anual;141;78;122;12;Orcasur;Usera
2019;Anual;212;96;122;12;Orcasur;Usera
2020;Anual;241;96;122;12;Orcasur;Usera
2021;Anual;236;90;122;12;Orcasur;Usera
2022;Anual;228;96;122;12;Orcasur;Usera
2010;Anual;1.019;415;181;18;Casco Histórico de Vallecas;Villa de Vallecas
2011;Anual;1.061;436;181;18;Casco Histórico de Vallecas;Villa de Vallecas
2012;Anual;994;413;181;18;Casco Histórico de Vallecas;Villa de Vallecas
2013;Anual;1.080;454;181;18;Casco Histórico de Vallecas;Villa de Vallecas
2014;Anual;1.214;571;181;18;Casco Histórico de Vallecas;Villa de Vallecas
2015;Anual;1.277;606;181;18;Casco Histórico de Vallecas;Villa de Vallecas
2016;Anual;1.345;636;181;18;Casco Histórico de Vallecas;Villa de Vallecas
2017;Anual;1.532;692;181;18;Casco Histórico de Vallecas;Villa de Vallecas
2018;Anual;918;398;181;18;Casco Histórico de Vallecas;Villa de Vallecas
2019;Anual;1.138;494;181;18;Casco Histórico de Vallecas;Villa de Vallecas
2020;Anual;1.157;515;181;18;Casco Histórico de Vallecas;Villa de Vallecas
2021;Anual;1.131;513;181;18;Casco Histórico de Vallecas;Villa de Vallecas
2022;Anual;1.100;492;181;18;Casco Histórico de Vallecas;Villa de Vallecas
2010;Anual;297;126;123;12;San Fermín;Usera
2011;Anual;309;129;123;12;San Fermín;Usera
2012;Anual;288;110;123;12;San Fermín;Usera
2013;Anual;285;111;123;12;San Fermín;Usera
2014;Anual;291;129;123;12;San Fermín;Usera
2015;Anual;312;137;123;12;San Fermín;Usera
2016;Anual;339;160;123;12;San Fermín;Usera
2017;Anual;365;170;123;12;San Fermín;Usera
2018;Anual;273;123;123;12;San Fermín;Usera
2019;Anual;457;218;123;12;San Fermín;Usera
2020;Anual;492;235;123;12;San Fermín;Usera
2021;Anual;467;231;123;12;San Fermín;Usera
2022;Anual;481;230;123;12;San Fermín;Usera
2010;Anual;30;10;106;10;Cuatro Vientos;Latina
2011;Anual;32;14;106;10;Cuatro Vientos;Latina
2012;Anual;32;16;106;10;Cuatro Vientos;Latina
2013;Anual;42;20;106;10;Cuatro Vientos;Latina
2014;Anual;51;28;106;10;Cuatro Vientos;Latina
2015;Anual;68;31;106;10;Cuatro Vientos;Latina
2016;Anual;84;38;106;10;Cuatro Vientos;Latina
2017;Anual;85;42;106;10;Cuatro Vientos;Latina
2018;Anual;69;31;106;10;Cuatro Vientos;Latina
2019;Anual;105;54;106;10;Cuatro Vientos;Latina
2020;Anual;111;61;106;10;Cuatro Vientos;Latina
2021;Anual;102;53;106;10;Cuatro Vientos;Latina
2022;Anual;103;49;106;10;Cuatro Vientos;Latina
2010;Anual;797;355;116;11;Buenavista;Carabanchel
2011;Anual;816;390;116;11;Buenavista;Carabanchel
2012;Anual;740;352;116;11;Buenavista;Carabanchel
2013;Anual;772;368;116;11;Buenavista;Carabanchel
2014;Anual;891;432;116;11;Buenavista;Carabanchel
2015;Anual;929;467;116;11;Buenavista;Carabanchel
2016;Anual;966;491;116;11;Buenavista;Carabanchel
2017;Anual;1.056;516;116;11;Buenavista;Carabanchel
2018;Anual;784;344;116;11;Buenavista;Carabanchel
2019;Anual;1.138;575;116;11;Buenavista;Carabanchel
2020;Anual;1.240;567;116;11;Buenavista;Carabanchel
2021;Anual;1.200;551;116;11;Buenavista;Carabanchel
2022;Anual;1.148;555;116;11;Buenavista;Carabanchel
2017;Anual;0;0;183;18;Ensanche de Vallecas;Villa de Vallecas
2018;Anual;291;132;183;18;Ensanche de Vallecas;Villa de Vallecas
2019;Anual;701;377;183;18;Ensanche de Vallecas;Villa de Vallecas
2020;Anual;809;473;183;18;Ensanche de Vallecas;Villa de Vallecas
2021;Anual;831;451;183;18;Ensanche de Vallecas;Villa de Vallecas
2022;Anual;803;449;183;18;Ensanche de Vallecas;Villa de Vallecas
2010;Anual;250;90;121;12;Orcasitas;Usera
2011;Anual;259;103;121;12;Orcasitas;Usera
2012;Anual;238;89;121;12;Orcasitas;Usera
2013;Anual;243;101;121;12;Orcasitas;Usera
2014;Anual;255;120;121;12;Orcasitas;Usera
2015;Anual;276;130;121;12;Orcasitas;Usera
2016;Anual;271;144;121;12;Orcasitas;Usera
2017;Anual;302;135;121;12;Orcasitas;Usera
2018;Anual;280;132;121;12;Orcasitas;Usera
2019;Anual;358;169;121;12;Orcasitas;Usera
2020;Anual;386;193;121;12;Orcasitas;Usera
2021;Anual;391;172;121;12;Orcasitas;Usera
2022;Anual;374;175;121;12;Orcasitas;Usera
2010;Anual;1.196;518;171;17;Villaverde Alto - Casco Histórico de Villaverde;Villaverde
2011;Anual;1.223;506;171;17;Villaverde Alto - Casco Histórico de Villaverde;Villaverde
2012;Anual;1.105;435;171;17;Villaverde Alto - Casco Histórico de Villaverde;Villaverde
2013;Anual;1.138;473;171;17;Villaverde Alto - Casco Histórico de Villaverde;Villaverde
2014;Anual;1.205;532;171;17;Villaverde Alto - Casco Histórico de Villaverde;Villaverde
2015;Anual;1.147;501;171;17;Villaverde Alto - Casco Histórico de Villaverde;Villaverde
2016;Anual;1.145;518;171;17;Villaverde Alto - Casco Histórico de Villaverde;Villaverde
2017;Anual;1.274;539;171;17;Villaverde Alto - Casco Histórico de Villaverde;Villaverde
2018;Anual;1.096;441;171;17;Villaverde Alto - Casco Histórico de Villaverde;Villaverde
2019;Anual;1.397;613;171;17;Villaverde Alto - Casco Histórico de Villaverde;Villaverde
2020;Anual;1.436;661;171;17;Villaverde Alto - Casco Histórico de Villaverde;Villaverde
2021;Anual;1.413;632;171;17;Villaverde Alto - Casco Histórico de Villaverde;Villaverde
2022;Anual;1.416;655;171;17;Villaverde Alto - Casco Histórico de Villaverde;Villaverde
2010;Anual;585;237;174;17;Los Rosales;Villaverde
2011;Anual;605;246;174;17;Los Rosales;Villaverde
2012;Anual;496;209;174;17;Los Rosales;Villaverde
2013;Anual;502;225;174;17;Los Rosales;Villaverde
2014;Anual;567;252;174;17;Los Rosales;Villaverde
2015;Anual;604;275;174;17;Los Rosales;Villaverde
2016;Anual;606;285;174;17;Los Rosales;Villaverde
2017;Anual;638;290;174;17;Los Rosales;Villaverde
2018;Anual;542;255;174;17;Los Rosales;Villaverde
2019;Anual;760;354;174;17;Los Rosales;Villaverde
2020;Anual;798;397;174;17;Los Rosales;Villaverde
2021;Anual;764;373;174;17;Los Rosales;Villaverde
2022;Anual;758;372;174;17;Los Rosales;Villaverde
2010;Anual;465;240;175;17;Ángeles;Villaverde
2011;Anual;458;239;175;17;Ángeles;Villaverde
2012;Anual;390;205;175;17;Ángeles;Villaverde
2013;Anual;392;230;175;17;Ángeles;Villaverde
2014;Anual;425;247;175;17;Ángeles;Villaverde
2015;Anual;527;273;175;17;Ángeles;Villaverde
2016;Anual;560;281;175;17;Ángeles;Villaverde
2017;Anual;686;338;175;17;Ángeles;Villaverde
2018;Anual;552;285;175;17;Ángeles;Villaverde
2019;Anual;783;381;175;17;Ángeles;Villaverde
2020;Anual;794;426;175;17;Ángeles;Villaverde
2021;Anual;806;429;175;17;Ángeles;Villaverde
2022;Anual;809;419;175;17;Ángeles;Villaverde
2010;Anual;171;84;173;17;Butarque;Villaverde
2011;Anual;176;87;173;17;Butarque;Villaverde
2012;Anual;167;74;173;17;Butarque;Villaverde
2013;Anual;172;81;173;17;Butarque;Villaverde
2014;Anual;174;108;173;17;Butarque;Villaverde
2015;Anual;178;107;173;17;Butarque;Villaverde
2016;Anual;201;127;173;17;Butarque;Villaverde
2017;Anual;233;132;173;17;Butarque;Villaverde
2018;Anual;142;85;173;17;Butarque;Villaverde
2019;Anual;302;162;173;17;Butarque;Villaverde
2020;Anual;333;181;173;17;Butarque;Villaverde
2021;Anual;324;171;173;17;Butarque;Villaverde
2022;Anual;343;171;173;17;Butarque;Villaverde
2010;Anual;99;57;172;17;San Cristóbal;Villaverde
2011;Anual;106;59;172;17;San Cristóbal;Villaverde
2012;Anual;95;49;172;17;San Cristóbal;Villaverde
2013;Anual;99;47;172;17;San Cristóbal;Villaverde
2014;Anual;101;57;172;17;San Cristóbal;Villaverde
2015;Anual;107;54;172;17;San Cristóbal;Villaverde
2016;Anual;123;54;172;17;San Cristóbal;Villaverde
2017;Anual;161;69;172;17;San Cristóbal;Villaverde
2018;Anual;220;117;172;17;San Cristóbal;Villaverde
2019;Anual;200;85;172;17;San Cristóbal;Villaverde
2020;Anual;230;90;172;17;San Cristóbal;Villaverde
2021;Anual;217;85;172;17;San Cristóbal;Villaverde
2022;Anual;201;82;172;17;San Cristóbal;Villaverde
